-- phpMyAdmin SQL Dump
-- version 4.9.7
-- https://www.phpmyadmin.net/
--
-- Host: localhost:3306
-- Generation Time: Dec 19, 2021 at 06:28 PM
-- Server version: 10.3.32-MariaDB-cll-lve
-- PHP Version: 7.3.33

SET SQL_MODE = "NO_AUTO_VALUE_ON_ZERO";
SET AUTOCOMMIT = 0;
START TRANSACTION;
SET time_zone = "+00:00";


/*!40101 SET @OLD_CHARACTER_SET_CLIENT=@@CHARACTER_SET_CLIENT */;
/*!40101 SET @OLD_CHARACTER_SET_RESULTS=@@CHARACTER_SET_RESULTS */;
/*!40101 SET @OLD_COLLATION_CONNECTION=@@COLLATION_CONNECTION */;
/*!40101 SET NAMES utf8mb4 */;

--
-- Database: `u1345747_comic`
--

-- --------------------------------------------------------

--
-- Table structure for table `activity_logs`
--

CREATE TABLE `activity_logs` (
  `id` bigint(20) UNSIGNED NOT NULL,
  `user_id` int(11) DEFAULT NULL,
  `route` varchar(255) COLLATE utf8mb4_unicode_ci DEFAULT NULL,
  `created_at` timestamp NULL DEFAULT NULL,
  `updated_at` timestamp NULL DEFAULT NULL
) ENGINE=InnoDB DEFAULT CHARSET=utf8mb4 COLLATE=utf8mb4_unicode_ci;

--
-- Dumping data for table `activity_logs`
--

INSERT INTO `activity_logs` (`id`, `user_id`, `route`, `created_at`, `updated_at`) VALUES
(1, 1, 'home', '2021-07-17 15:44:31', '2021-07-17 15:44:31'),
(2, 1, 'app.competitor.index', '2021-07-17 15:44:34', '2021-07-17 15:44:34'),
(3, 1, 'app.competitor.create', '2021-07-17 15:44:43', '2021-07-17 15:44:43'),
(4, 1, 'app.competitor.createTeam', '2021-07-17 15:45:28', '2021-07-17 15:45:28'),
(5, 1, 'app.competitor.createTeam', '2021-07-17 15:46:01', '2021-07-17 15:46:01'),
(6, 1, 'app.competitor.create', '2021-07-17 15:46:08', '2021-07-17 15:46:08'),
(7, 1, 'app.upload.index', '2021-07-17 15:46:11', '2021-07-17 15:46:11'),
(8, 2, 'home', '2021-07-17 15:46:48', '2021-07-17 15:46:48'),
(9, 2, 'home', '2021-07-17 15:47:12', '2021-07-17 15:47:12'),
(10, 2, 'app.competitor.index', '2021-07-17 15:47:32', '2021-07-17 15:47:32'),
(11, 2, 'app.competitor.create', '2021-07-17 15:47:35', '2021-07-17 15:47:35'),
(12, 2, 'app.competitor.store', '2021-07-17 15:47:49', '2021-07-17 15:47:49'),
(13, 2, 'app.competitor.create', '2021-07-17 15:47:49', '2021-07-17 15:47:49'),
(14, 2, 'app.payment.index', '2021-07-17 15:47:51', '2021-07-17 15:47:51'),
(15, 2, 'app.payment.create', '2021-07-17 15:47:53', '2021-07-17 15:47:53'),
(16, 2, 'admin.index', '2021-07-17 15:48:21', '2021-07-17 15:48:21'),
(17, 2, 'app.payment.index', '2021-07-17 15:48:26', '2021-07-17 15:48:26'),
(18, 2, 'admin.index', '2021-07-17 15:51:44', '2021-07-17 15:51:44'),
(19, 2, 'admin.competition.index', '2021-07-17 15:51:45', '2021-07-17 15:51:45'),
(20, 2, 'admin.competitionType.index', '2021-07-17 15:51:47', '2021-07-17 15:51:47'),
(21, 2, 'admin.payment.index', '2021-07-17 15:51:48', '2021-07-17 15:51:48'),
(22, 2, 'admin.competitor.index', '2021-07-17 15:51:49', '2021-07-17 15:51:49'),
(23, 2, 'admin.user.index', '2021-07-17 15:51:50', '2021-07-17 15:51:50'),
(24, 2, 'admin.question.index', '2021-07-17 15:51:51', '2021-07-17 15:51:51'),
(25, 2, 'admin.sponsor.index', '2021-07-17 15:51:52', '2021-07-17 15:51:52'),
(26, 2, 'admin.paymentMethod.index', '2021-07-17 15:51:53', '2021-07-17 15:51:53'),
(27, 2, 'admin.panduan.index', '2021-07-17 15:51:53', '2021-07-17 15:51:53'),
(28, 2, 'home', '2021-11-30 01:31:16', '2021-11-30 01:31:16'),
(29, 2, 'app.competitor.index', '2021-11-30 01:31:57', '2021-11-30 01:31:57'),
(30, 1, 'home', '2021-11-30 01:32:21', '2021-11-30 01:32:21'),
(31, 1, 'app.payment.index', '2021-11-30 01:32:38', '2021-11-30 01:32:38'),
(32, 1, 'app.payment.create', '2021-11-30 01:32:39', '2021-11-30 01:32:39'),
(33, 1, 'app.competitor.create', '2021-11-30 01:32:44', '2021-11-30 01:32:44'),
(34, 1, 'app.competitor.index', '2021-11-30 01:32:47', '2021-11-30 01:32:47'),
(35, 1, 'app.competitor.create', '2021-11-30 01:32:50', '2021-11-30 01:32:50'),
(36, 1, 'home', '2021-11-30 01:32:56', '2021-11-30 01:32:56'),
(37, 1, 'app.payment.index', '2021-11-30 01:32:57', '2021-11-30 01:32:57'),
(38, 1, 'app.competitor.index', '2021-11-30 01:32:58', '2021-11-30 01:32:58'),
(39, 1, 'app.competitor.create', '2021-11-30 01:33:00', '2021-11-30 01:33:00'),
(40, 1, 'app.competitor.store', '2021-11-30 01:34:05', '2021-11-30 01:34:05'),
(41, 1, 'app.competitor.create', '2021-11-30 01:34:06', '2021-11-30 01:34:06'),
(42, 1, 'app.payment.index', '2021-11-30 01:34:57', '2021-11-30 01:34:57'),
(43, 1, 'app.payment.create', '2021-11-30 01:34:58', '2021-11-30 01:34:58'),
(44, 1, 'app.competitor.index', '2021-11-30 01:38:30', '2021-11-30 01:38:30'),
(45, 1, 'app.payment.index', '2021-11-30 01:41:46', '2021-11-30 01:41:46'),
(46, 1, 'app.payment.index', '2021-11-30 01:41:49', '2021-11-30 01:41:49'),
(47, 1, 'app.competitor.index', '2021-11-30 01:41:54', '2021-11-30 01:41:54'),
(48, 1, 'app.payment.index', '2021-11-30 01:41:57', '2021-11-30 01:41:57'),
(49, 1, 'app.payment.create', '2021-11-30 01:41:58', '2021-11-30 01:41:58'),
(50, 1, 'app.payment.store', '2021-11-30 01:42:22', '2021-11-30 01:42:22'),
(51, 1, 'app.payment.index', '2021-11-30 01:42:23', '2021-11-30 01:42:23'),
(52, 2, 'app.payment.index', '2021-11-30 01:42:50', '2021-11-30 01:42:50'),
(53, 2, 'admin.payment.index', '2021-11-30 01:42:53', '2021-11-30 01:42:53'),
(54, 2, 'admin.payment.edit', '2021-11-30 01:42:56', '2021-11-30 01:42:56'),
(55, 2, 'admin.payment.receive', '2021-11-30 01:43:02', '2021-11-30 01:43:02'),
(56, 2, 'admin.payment.edit', '2021-11-30 01:43:03', '2021-11-30 01:43:03'),
(57, 1, 'app.payment.index', '2021-11-30 01:43:09', '2021-11-30 01:43:09'),
(58, 1, 'app.payment.index', '2021-11-30 02:08:07', '2021-11-30 02:08:07'),
(59, 1, 'app.payment.create', '2021-11-30 02:08:09', '2021-11-30 02:08:09'),
(60, 1, 'app.competitor.create', '2021-11-30 02:08:13', '2021-11-30 02:08:13'),
(61, 1, 'app.competitor.store', '2021-11-30 02:08:31', '2021-11-30 02:08:31'),
(62, 1, 'app.competitor.create', '2021-11-30 02:08:32', '2021-11-30 02:08:32'),
(63, 2, 'admin.payment.edit', '2021-11-30 02:13:30', '2021-11-30 02:13:30'),
(64, 2, 'admin.payment.index', '2021-11-30 02:13:35', '2021-11-30 02:13:35'),
(65, 2, 'admin.payment.index', '2021-11-30 02:13:38', '2021-11-30 02:13:38'),
(66, 2, 'admin.payment.edit', '2021-11-30 02:14:06', '2021-11-30 02:14:06'),
(67, 1, 'app.payment.index', '2021-11-30 02:15:35', '2021-11-30 02:15:35'),
(68, 1, 'app.competitor.index', '2021-11-30 02:15:38', '2021-11-30 02:15:38'),
(69, 1, 'app.payment.index', '2021-11-30 02:15:42', '2021-11-30 02:15:42'),
(70, 1, 'app.payment.create', '2021-11-30 02:15:44', '2021-11-30 02:15:44'),
(71, 1, 'app.payment.store', '2021-11-30 02:16:10', '2021-11-30 02:16:10'),
(72, 1, 'app.payment.index', '2021-11-30 02:16:11', '2021-11-30 02:16:11'),
(73, 2, 'admin.payment.index', '2021-11-30 02:16:17', '2021-11-30 02:16:17'),
(74, 2, 'admin.payment.edit', '2021-11-30 02:16:20', '2021-11-30 02:16:20'),
(75, 1, 'app.payment.create', '2021-11-30 02:17:21', '2021-11-30 02:17:21'),
(76, 1, 'app.competitor.create', '2021-11-30 02:17:23', '2021-11-30 02:17:23'),
(77, 1, 'app.competitor.store', '2021-11-30 02:17:36', '2021-11-30 02:17:36'),
(78, 1, 'app.competitor.create', '2021-11-30 02:17:37', '2021-11-30 02:17:37'),
(79, 1, 'app.payment.index', '2021-11-30 02:17:39', '2021-11-30 02:17:39'),
(80, 1, 'app.payment.create', '2021-11-30 02:17:40', '2021-11-30 02:17:40'),
(81, 2, 'admin.payment.index', '2021-11-30 02:27:47', '2021-11-30 02:27:47'),
(82, 2, 'admin.payment.index', '2021-11-30 02:27:47', '2021-11-30 02:27:47'),
(83, 1, 'app.payment.create', '2021-11-30 02:27:59', '2021-11-30 02:27:59'),
(84, 1, 'app.competitor.index', '2021-11-30 02:28:06', '2021-11-30 02:28:06'),
(85, 1, 'app.payment.index', '2021-11-30 02:28:08', '2021-11-30 02:28:08'),
(86, 1, 'app.payment.create', '2021-11-30 02:28:10', '2021-11-30 02:28:10'),
(87, 1, 'app.competitor.create', '2021-11-30 02:28:11', '2021-11-30 02:28:11'),
(88, 1, 'app.competitor.store', '2021-11-30 02:28:27', '2021-11-30 02:28:27'),
(89, 1, 'app.competitor.create', '2021-11-30 02:28:27', '2021-11-30 02:28:27'),
(90, 1, 'app.payment.index', '2021-11-30 02:28:31', '2021-11-30 02:28:31'),
(91, 1, 'app.payment.create', '2021-11-30 02:28:38', '2021-11-30 02:28:38'),
(92, 1, 'app.payment.index', '2021-11-30 02:31:49', '2021-11-30 02:31:49'),
(93, 1, 'app.payment.index', '2021-11-30 02:31:54', '2021-11-30 02:31:54'),
(94, 1, 'app.payment.index', '2021-11-30 02:31:55', '2021-11-30 02:31:55'),
(95, 1, 'app.payment.index', '2021-11-30 02:31:55', '2021-11-30 02:31:55'),
(96, 1, 'app.payment.index', '2021-11-30 02:31:57', '2021-11-30 02:31:57'),
(97, 1, 'app.payment.index', '2021-11-30 02:31:58', '2021-11-30 02:31:58'),
(98, 1, 'app.payment.index', '2021-11-30 02:31:59', '2021-11-30 02:31:59'),
(99, 1, 'app.payment.index', '2021-11-30 02:32:00', '2021-11-30 02:32:00'),
(100, 1, 'app.payment.index', '2021-11-30 02:32:01', '2021-11-30 02:32:01'),
(101, 1, 'app.payment.index', '2021-11-30 02:32:02', '2021-11-30 02:32:02'),
(102, 1, 'app.payment.index', '2021-11-30 02:32:03', '2021-11-30 02:32:03'),
(103, 1, 'app.payment.index', '2021-11-30 02:32:03', '2021-11-30 02:32:03'),
(104, 1, 'app.payment.index', '2021-11-30 02:32:04', '2021-11-30 02:32:04'),
(105, 1, 'app.payment.index', '2021-11-30 02:32:05', '2021-11-30 02:32:05'),
(106, 1, 'app.payment.index', '2021-11-30 02:32:05', '2021-11-30 02:32:05'),
(107, 1, 'app.payment.index', '2021-11-30 02:32:06', '2021-11-30 02:32:06'),
(108, 1, 'app.payment.index', '2021-11-30 02:32:07', '2021-11-30 02:32:07'),
(109, 1, 'app.payment.index', '2021-11-30 02:32:07', '2021-11-30 02:32:07'),
(110, 1, 'app.payment.index', '2021-11-30 02:32:08', '2021-11-30 02:32:08'),
(111, 1, 'app.payment.index', '2021-11-30 02:32:09', '2021-11-30 02:32:09'),
(112, 1, 'app.payment.index', '2021-11-30 02:32:09', '2021-11-30 02:32:09'),
(113, 1, 'app.payment.index', '2021-11-30 02:32:10', '2021-11-30 02:32:10'),
(114, 1, 'app.payment.index', '2021-11-30 02:32:11', '2021-11-30 02:32:11'),
(115, 1, 'app.payment.index', '2021-11-30 02:32:12', '2021-11-30 02:32:12'),
(116, 1, 'app.payment.index', '2021-11-30 02:32:12', '2021-11-30 02:32:12'),
(117, 1, 'app.payment.create', '2021-11-30 02:32:20', '2021-11-30 02:32:20'),
(118, 1, 'app.payment.index', '2021-11-30 02:32:53', '2021-11-30 02:32:53'),
(119, 1, 'app.payment.index', '2021-11-30 02:32:58', '2021-11-30 02:32:58'),
(120, 2, 'home', '2021-11-30 12:43:11', '2021-11-30 12:43:11'),
(121, 2, 'admin.competition.index', '2021-11-30 12:44:03', '2021-11-30 12:44:03'),
(122, 2, 'admin.competitionType.index', '2021-11-30 12:44:16', '2021-11-30 12:44:16'),
(123, 2, 'admin.competitor.index', '2021-11-30 12:44:23', '2021-11-30 12:44:23'),
(124, 2, 'app.competitor.index', '2021-11-30 12:47:17', '2021-11-30 12:47:17'),
(125, 2, 'app.competitor.index', '2021-11-30 12:47:25', '2021-11-30 12:47:25'),
(126, 2, 'app.competitor.destroy', '2021-11-30 12:47:28', '2021-11-30 12:47:28'),
(127, 2, 'app.competitor.index', '2021-11-30 12:47:28', '2021-11-30 12:47:28'),
(128, 1, 'app.competitor.index', '2021-11-30 12:47:49', '2021-11-30 12:47:49'),
(129, 1, 'app.payment.index', '2021-11-30 12:47:58', '2021-11-30 12:47:58'),
(130, 1, 'app.payment.show', '2021-11-30 12:48:07', '2021-11-30 12:48:07'),
(131, 1, 'app.payment.show', '2021-11-30 12:48:17', '2021-11-30 12:48:17'),
(132, 1, 'app.payment.show', '2021-11-30 12:48:20', '2021-11-30 12:48:20'),
(133, 1, 'app.payment.show', '2021-11-30 12:48:23', '2021-11-30 12:48:23'),
(134, 2, 'app.competitor.index', '2021-11-30 12:49:48', '2021-11-30 12:49:48'),
(135, 1, 'app.payment.index', '2021-11-30 12:49:52', '2021-11-30 12:49:52'),
(136, 1, 'app.competitor.index', '2021-11-30 12:49:57', '2021-11-30 12:49:57'),
(137, 1, 'app.competitor.create', '2021-11-30 12:50:01', '2021-11-30 12:50:01'),
(138, 1, 'app.competitor.store', '2021-11-30 12:50:15', '2021-11-30 12:50:15'),
(139, 1, 'app.competitor.create', '2021-11-30 12:50:16', '2021-11-30 12:50:16'),
(140, 1, 'app.payment.index', '2021-11-30 12:50:18', '2021-11-30 12:50:18'),
(141, 1, 'app.payment.create', '2021-11-30 12:50:20', '2021-11-30 12:50:20'),
(142, 1, 'app.payment.store', '2021-11-30 12:50:33', '2021-11-30 12:50:33'),
(143, 1, 'app.payment.index', '2021-11-30 12:50:34', '2021-11-30 12:50:34'),
(144, 1, 'app.payment.index', '2021-11-30 12:53:46', '2021-11-30 12:53:46'),
(145, 1, 'app.payment.index', '2021-11-30 12:53:48', '2021-11-30 12:53:48'),
(146, 1, 'app.competitor.index', '2021-11-30 12:54:12', '2021-11-30 12:54:12'),
(147, 1, 'app.competitor.create', '2021-11-30 12:54:15', '2021-11-30 12:54:15'),
(148, 1, 'app.competitor.createTeam', '2021-11-30 12:57:57', '2021-11-30 12:57:57'),
(149, 1, 'app.competitor.create', '2021-11-30 12:57:58', '2021-11-30 12:57:58'),
(150, 1, 'app.competitor.createTeam', '2021-11-30 12:57:59', '2021-11-30 12:57:59'),
(151, 1, 'app.competitor.create', '2021-11-30 12:58:01', '2021-11-30 12:58:01'),
(152, 2, 'admin.payment.index', '2021-11-30 13:02:28', '2021-11-30 13:02:28'),
(153, 2, 'app.competitor.create', '2021-11-30 13:02:28', '2021-11-30 13:02:28'),
(154, 2, 'app.competitor.create', '2021-11-30 13:02:32', '2021-11-30 13:02:32'),
(155, 2, 'admin.payment.index', '2021-11-30 13:02:34', '2021-11-30 13:02:34'),
(156, 1, 'app.payment.index', '2021-11-30 13:02:37', '2021-11-30 13:02:37'),
(157, 1, 'app.payment.create', '2021-11-30 13:02:38', '2021-11-30 13:02:38'),
(158, 1, 'app.competitor.create', '2021-11-30 13:02:39', '2021-11-30 13:02:39'),
(159, 1, 'app.competitor.store', '2021-11-30 13:02:55', '2021-11-30 13:02:55'),
(160, 1, 'app.competitor.create', '2021-11-30 13:02:57', '2021-11-30 13:02:57'),
(161, 1, 'app.payment.index', '2021-11-30 13:03:01', '2021-11-30 13:03:01'),
(162, 1, 'app.payment.create', '2021-11-30 13:03:02', '2021-11-30 13:03:02'),
(163, 2, 'admin.payment.index', '2021-11-30 13:18:24', '2021-11-30 13:18:24'),
(164, 1, 'app.payment.create', '2021-11-30 13:18:26', '2021-11-30 13:18:26'),
(165, 1, 'app.competitor.index', '2021-11-30 13:18:28', '2021-11-30 13:18:28'),
(166, 1, 'app.competitor.create', '2021-11-30 13:18:30', '2021-11-30 13:18:30'),
(167, 1, 'app.competitor.store', '2021-11-30 13:19:01', '2021-11-30 13:19:01'),
(168, 1, 'app.competitor.store', '2021-11-30 13:20:05', '2021-11-30 13:20:05'),
(169, 1, 'app.competitor.store', '2021-11-30 13:20:43', '2021-11-30 13:20:43'),
(170, 1, 'app.competitor.store', '2021-11-30 13:20:56', '2021-11-30 13:20:56'),
(171, 1, 'app.competitor.create', '2021-11-30 13:20:57', '2021-11-30 13:20:57'),
(172, 1, 'app.payment.index', '2021-11-30 13:21:03', '2021-11-30 13:21:03'),
(173, 1, 'app.payment.show', '2021-11-30 13:21:09', '2021-11-30 13:21:09'),
(174, 1, 'app.payment.show', '2021-11-30 13:21:10', '2021-11-30 13:21:10'),
(175, 1, 'app.payment.create', '2021-11-30 13:21:18', '2021-11-30 13:21:18'),
(176, 1, 'app.payment.show', '2021-11-30 13:21:33', '2021-11-30 13:21:33'),
(177, 1, 'app.payment.show', '2021-11-30 13:21:33', '2021-11-30 13:21:33'),
(178, 1, 'app.payment.index', '2021-11-30 13:22:48', '2021-11-30 13:22:48'),
(179, 1, 'app.payment.index', '2021-11-30 13:24:00', '2021-11-30 13:24:00'),
(180, 2, 'admin.payment.index', '2021-11-30 13:24:41', '2021-11-30 13:24:41'),
(181, 1, 'app.payment.index', '2021-11-30 13:24:52', '2021-11-30 13:24:52'),
(182, 1, 'app.payment.index', '2021-11-30 13:24:54', '2021-11-30 13:24:54'),
(183, 1, 'app.payment.index', '2021-11-30 13:25:46', '2021-11-30 13:25:46'),
(184, 2, 'admin.payment.index', '2021-11-30 13:25:52', '2021-11-30 13:25:52'),
(185, 2, 'admin.payment.index', '2021-11-30 13:30:03', '2021-11-30 13:30:03'),
(186, 2, 'admin.payment.index', '2021-11-30 13:30:30', '2021-11-30 13:30:30'),
(187, 2, 'admin.payment.index', '2021-11-30 13:30:31', '2021-11-30 13:30:31'),
(188, 2, 'admin.payment.index', '2021-11-30 13:30:35', '2021-11-30 13:30:35'),
(189, 1, 'app.payment.index', '2021-11-30 13:30:56', '2021-11-30 13:30:56'),
(190, 1, 'app.payment.index', '2021-11-30 13:31:10', '2021-11-30 13:31:10'),
(191, 1, 'app.payment.index', '2021-11-30 13:39:39', '2021-11-30 13:39:39'),
(192, 2, 'admin.payment.index', '2021-11-30 14:20:45', '2021-11-30 14:20:45'),
(193, 2, 'admin.competitionType.index', '2021-11-30 14:20:45', '2021-11-30 14:20:45'),
(194, 1, 'app.payment.index', '2021-11-30 14:21:10', '2021-11-30 14:21:10'),
(195, 1, 'app.payment.create', '2021-11-30 14:21:13', '2021-11-30 14:21:13'),
(196, 1, 'app.competitor.index', '2021-11-30 14:21:17', '2021-11-30 14:21:17'),
(197, 1, 'app.competitor.destroy', '2021-11-30 14:21:29', '2021-11-30 14:21:29'),
(198, 1, 'app.competitor.index', '2021-11-30 14:21:30', '2021-11-30 14:21:30'),
(199, 1, 'app.competitor.index', '2021-11-30 14:23:06', '2021-11-30 14:23:06'),
(200, 1, 'app.competitor.destroy', '2021-11-30 14:23:07', '2021-11-30 14:23:07'),
(201, 1, 'app.competitor.index', '2021-11-30 14:23:07', '2021-11-30 14:23:07'),
(202, 1, 'app.competitor.destroy', '2021-11-30 14:23:10', '2021-11-30 14:23:10'),
(203, 1, 'app.competitor.index', '2021-11-30 14:23:11', '2021-11-30 14:23:11'),
(204, 1, 'app.competitor.destroy', '2021-11-30 14:23:15', '2021-11-30 14:23:15'),
(205, 1, 'app.competitor.index', '2021-11-30 14:23:15', '2021-11-30 14:23:15'),
(206, 1, 'app.competitor.destroy', '2021-11-30 14:23:17', '2021-11-30 14:23:17'),
(207, 1, 'app.competitor.index', '2021-11-30 14:23:18', '2021-11-30 14:23:18'),
(208, 1, 'app.competitor.destroy', '2021-11-30 14:23:20', '2021-11-30 14:23:20'),
(209, 1, 'app.competitor.index', '2021-11-30 14:23:20', '2021-11-30 14:23:20'),
(210, 1, 'app.competitor.index', '2021-11-30 14:23:23', '2021-11-30 14:23:23'),
(211, 1, 'app.payment.index', '2021-11-30 14:23:28', '2021-11-30 14:23:28'),
(212, 1, 'app.payment.index', '2021-11-30 14:23:32', '2021-11-30 14:23:32'),
(213, 1, 'app.payment.create', '2021-11-30 14:23:33', '2021-11-30 14:23:33'),
(214, 1, 'app.competitor.create', '2021-11-30 14:23:34', '2021-11-30 14:23:34'),
(215, 1, 'app.competitor.store', '2021-11-30 14:27:03', '2021-11-30 14:27:03'),
(216, 1, 'app.competitor.create', '2021-11-30 14:27:04', '2021-11-30 14:27:04'),
(217, 1, 'app.competitor.index', '2021-11-30 14:36:01', '2021-11-30 14:36:01'),
(218, 1, 'app.competitor.index', '2021-11-30 14:37:30', '2021-11-30 14:37:30'),
(219, 1, 'app.competitor.index', '2021-11-30 14:39:56', '2021-11-30 14:39:56'),
(220, 1, 'app.competitor.index', '2021-11-30 14:40:15', '2021-11-30 14:40:15'),
(221, 2, 'admin.competitionType.index', '2021-11-30 15:01:09', '2021-11-30 15:01:09'),
(222, 2, 'admin.payment.index', '2021-11-30 15:01:10', '2021-11-30 15:01:10'),
(223, 2, 'admin.competition.index', '2021-11-30 15:01:10', '2021-11-30 15:01:10'),
(224, 2, 'admin.competition.index', '2021-11-30 15:01:11', '2021-11-30 15:01:11'),
(225, 2, 'admin.competition.index', '2021-11-30 15:01:11', '2021-11-30 15:01:11'),
(226, 2, 'admin.competition.index', '2021-11-30 15:01:11', '2021-11-30 15:01:11'),
(227, 1, 'app.competitor.create', '2021-11-30 15:01:36', '2021-11-30 15:01:36'),
(228, 1, 'app.competitor.store', '2021-11-30 15:01:57', '2021-11-30 15:01:57'),
(229, 1, 'app.competitor.create', '2021-11-30 15:01:58', '2021-11-30 15:01:58'),
(230, 1, 'app.payment.index', '2021-11-30 15:02:46', '2021-11-30 15:02:46'),
(231, 1, 'app.payment.create', '2021-11-30 15:02:49', '2021-11-30 15:02:49'),
(232, 1, 'app.competitor.index', '2021-11-30 15:03:02', '2021-11-30 15:03:02'),
(233, 1, 'app.competitor.destroy', '2021-11-30 15:03:08', '2021-11-30 15:03:08'),
(234, 1, 'app.competitor.index', '2021-11-30 15:03:09', '2021-11-30 15:03:09'),
(235, 1, 'app.payment.index', '2021-11-30 15:03:11', '2021-11-30 15:03:11'),
(236, 1, 'app.payment.create', '2021-11-30 15:03:12', '2021-11-30 15:03:12'),
(237, 1, 'app.payment.create', '2021-11-30 15:11:07', '2021-11-30 15:11:07'),
(238, 1, 'app.payment.create', '2021-11-30 15:11:23', '2021-11-30 15:11:23'),
(239, 1, 'app.payment.create', '2021-11-30 15:24:34', '2021-11-30 15:24:34'),
(240, 1, 'app.payment.create', '2021-11-30 15:25:47', '2021-11-30 15:25:47'),
(241, 1, 'app.payment.create', '2021-11-30 15:25:57', '2021-11-30 15:25:57'),
(242, 1, 'app.competitor.index', '2021-11-30 15:26:01', '2021-11-30 15:26:01'),
(243, 1, 'app.payment.index', '2021-11-30 15:26:48', '2021-11-30 15:26:48'),
(244, 1, 'app.payment.index', '2021-11-30 15:26:51', '2021-11-30 15:26:51'),
(245, 1, 'app.payment.show', '2021-11-30 15:26:57', '2021-11-30 15:26:57'),
(246, 1, 'app.payment.show', '2021-11-30 15:27:01', '2021-11-30 15:27:01'),
(247, 1, 'app.payment.create', '2021-11-30 15:31:00', '2021-11-30 15:31:00'),
(248, 1, 'app.payment.index', '2021-11-30 15:31:18', '2021-11-30 15:31:18'),
(249, 1, 'app.payment.create', '2021-11-30 15:31:21', '2021-11-30 15:31:21'),
(250, 1, 'app.payment.create', '2021-11-30 15:31:48', '2021-11-30 15:31:48'),
(251, 1, 'app.payment.create', '2021-11-30 15:31:54', '2021-11-30 15:31:54'),
(252, 1, 'app.payment.create', '2021-11-30 15:33:49', '2021-11-30 15:33:49'),
(253, 2, 'admin.index', '2021-11-30 15:41:47', '2021-11-30 15:41:47'),
(254, 2, 'admin.competition.index', '2021-11-30 15:41:48', '2021-11-30 15:41:48'),
(255, 1, 'app.payment.create', '2021-11-30 15:41:53', '2021-11-30 15:41:53'),
(256, 2, 'admin.index', '2021-11-30 15:42:28', '2021-11-30 15:42:28'),
(257, 1, 'app.payment.create', '2021-11-30 15:42:32', '2021-11-30 15:42:32'),
(258, 1, 'app.payment.create', '2021-11-30 15:44:05', '2021-11-30 15:44:05'),
(259, 1, 'app.payment.index', '2021-11-30 15:44:12', '2021-11-30 15:44:12'),
(260, 1, 'app.competitor.index', '2021-11-30 15:44:13', '2021-11-30 15:44:13'),
(261, 1, 'app.competitor.create', '2021-11-30 15:44:14', '2021-11-30 15:44:14'),
(262, 1, 'app.competitor.store', '2021-11-30 15:45:50', '2021-11-30 15:45:50'),
(263, 1, 'app.competitor.create', '2021-11-30 15:45:50', '2021-11-30 15:45:50'),
(264, 1, 'app.payment.index', '2021-11-30 15:46:01', '2021-11-30 15:46:01'),
(265, 1, 'app.payment.create', '2021-11-30 15:46:03', '2021-11-30 15:46:03'),
(266, 2, 'admin.index', '2021-11-30 15:55:40', '2021-11-30 15:55:40'),
(267, 2, 'admin.index', '2021-11-30 15:56:03', '2021-11-30 15:56:03'),
(268, 2, 'admin.index', '2021-11-30 15:56:14', '2021-11-30 15:56:14'),
(269, 2, 'admin.index', '2021-11-30 15:56:27', '2021-11-30 15:56:27'),
(270, 2, 'admin.index', '2021-11-30 15:56:52', '2021-11-30 15:56:52'),
(271, 1, 'app.payment.create', '2021-11-30 15:57:03', '2021-11-30 15:57:03'),
(272, 2, 'admin.index', '2021-11-30 15:57:31', '2021-11-30 15:57:31'),
(273, 2, 'admin.index', '2021-11-30 15:57:55', '2021-11-30 15:57:55'),
(274, 2, 'admin.index', '2021-11-30 15:59:33', '2021-11-30 15:59:33'),
(275, 2, 'admin.index', '2021-11-30 16:01:24', '2021-11-30 16:01:24'),
(276, 2, 'admin.index', '2021-11-30 16:01:33', '2021-11-30 16:01:33'),
(277, 2, 'admin.index', '2021-11-30 16:01:36', '2021-11-30 16:01:36'),
(278, 2, 'admin.index', '2021-11-30 16:01:55', '2021-11-30 16:01:55'),
(279, 2, 'admin.index', '2021-11-30 16:01:58', '2021-11-30 16:01:58'),
(280, 2, 'admin.index', '2021-11-30 16:02:07', '2021-11-30 16:02:07'),
(281, 2, 'admin.index', '2021-11-30 16:02:13', '2021-11-30 16:02:13'),
(282, 2, 'admin.index', '2021-11-30 16:02:20', '2021-11-30 16:02:20'),
(283, 2, 'admin.index', '2021-11-30 16:02:33', '2021-11-30 16:02:33'),
(284, 2, 'admin.index', '2021-11-30 16:03:14', '2021-11-30 16:03:14'),
(285, 2, 'admin.index', '2021-11-30 16:03:18', '2021-11-30 16:03:18'),
(286, 2, 'admin.index', '2021-11-30 16:03:21', '2021-11-30 16:03:21'),
(287, 2, 'admin.index', '2021-11-30 16:04:11', '2021-11-30 16:04:11'),
(288, 2, 'admin.index', '2021-11-30 16:04:13', '2021-11-30 16:04:13'),
(289, 2, 'admin.index', '2021-11-30 16:04:16', '2021-11-30 16:04:16'),
(290, 2, 'admin.index', '2021-11-30 16:05:19', '2021-11-30 16:05:19'),
(291, 2, 'admin.index', '2021-11-30 16:05:21', '2021-11-30 16:05:21'),
(292, 2, 'admin.index', '2021-11-30 16:05:33', '2021-11-30 16:05:33'),
(293, 2, 'admin.index', '2021-11-30 16:05:47', '2021-11-30 16:05:47'),
(294, 2, 'admin.index', '2021-11-30 16:06:23', '2021-11-30 16:06:23'),
(295, 2, 'admin.index', '2021-11-30 16:06:27', '2021-11-30 16:06:27'),
(296, 2, 'admin.index', '2021-11-30 16:06:35', '2021-11-30 16:06:35'),
(297, 2, 'admin.index', '2021-11-30 16:06:39', '2021-11-30 16:06:39'),
(298, 2, 'admin.index', '2021-11-30 16:08:56', '2021-11-30 16:08:56'),
(299, 2, 'admin.index', '2021-11-30 16:09:17', '2021-11-30 16:09:17'),
(300, 2, 'admin.index', '2021-11-30 16:11:17', '2021-11-30 16:11:17'),
(301, 2, 'admin.index', '2021-11-30 16:11:30', '2021-11-30 16:11:30'),
(302, 2, 'admin.index', '2021-11-30 16:11:44', '2021-11-30 16:11:44'),
(303, 2, 'admin.index', '2021-11-30 16:17:37', '2021-11-30 16:17:37'),
(304, 2, 'admin.index', '2021-11-30 16:18:08', '2021-11-30 16:18:08'),
(305, 2, 'admin.index', '2021-11-30 16:18:13', '2021-11-30 16:18:13'),
(306, 2, 'admin.index', '2021-11-30 16:18:51', '2021-11-30 16:18:51'),
(307, 2, 'admin.index', '2021-11-30 16:19:22', '2021-11-30 16:19:22'),
(308, 2, 'admin.index', '2021-11-30 16:19:28', '2021-11-30 16:19:28'),
(309, 2, 'admin.index', '2021-11-30 16:28:46', '2021-11-30 16:28:46'),
(310, 2, 'admin.index', '2021-11-30 16:28:54', '2021-11-30 16:28:54'),
(311, 2, 'admin.index', '2021-11-30 16:33:58', '2021-11-30 16:33:58'),
(312, 2, 'admin.index', '2021-11-30 16:35:23', '2021-11-30 16:35:23'),
(313, 1, 'app.payment.create', '2021-11-30 16:35:47', '2021-11-30 16:35:47'),
(314, 1, 'app.payment.index', '2021-11-30 16:35:50', '2021-11-30 16:35:50'),
(315, 1, 'app.payment.index', '2021-11-30 16:35:52', '2021-11-30 16:35:52'),
(316, 1, 'home', '2021-11-30 16:35:55', '2021-11-30 16:35:55'),
(317, 1, 'app.competitor.index', '2021-11-30 16:35:56', '2021-11-30 16:35:56'),
(318, 1, 'app.payment.index', '2021-11-30 16:35:57', '2021-11-30 16:35:57'),
(319, 1, 'app.payment.create', '2021-11-30 16:35:58', '2021-11-30 16:35:58'),
(320, 1, 'app.competitor.create', '2021-11-30 16:35:59', '2021-11-30 16:35:59'),
(321, 1, 'app.competitor.store', '2021-11-30 16:36:13', '2021-11-30 16:36:13'),
(322, 1, 'app.competitor.create', '2021-11-30 16:36:14', '2021-11-30 16:36:14'),
(323, 1, 'app.payment.index', '2021-11-30 16:36:20', '2021-11-30 16:36:20'),
(324, 1, 'app.payment.create', '2021-11-30 16:36:22', '2021-11-30 16:36:22'),
(325, 1, 'app.competitor.index', '2021-11-30 16:39:30', '2021-11-30 16:39:30'),
(326, 1, 'app.payment.create', '2021-11-30 16:39:39', '2021-11-30 16:39:39'),
(327, 2, 'admin.index', '2021-11-30 16:39:58', '2021-11-30 16:39:58'),
(328, 1, 'home', '2021-12-01 11:57:16', '2021-12-01 11:57:16'),
(329, 1, 'app.competitor.index', '2021-12-01 11:58:27', '2021-12-01 11:58:27'),
(330, 1, 'app.competitor.index', '2021-12-01 11:58:47', '2021-12-01 11:58:47'),
(331, 1, 'home', '2021-12-01 12:49:57', '2021-12-01 12:49:57'),
(332, 1, 'app.competitor.index', '2021-12-01 13:00:40', '2021-12-01 13:00:40'),
(333, 1, 'app.competitor.create', '2021-12-01 13:00:42', '2021-12-01 13:00:42'),
(334, 1, 'app.competitor.create', '2021-12-01 13:02:26', '2021-12-01 13:02:26'),
(335, 1, 'app.competitor.create', '2021-12-01 13:12:39', '2021-12-01 13:12:39'),
(336, 1, 'app.competitor.create', '2021-12-01 13:21:04', '2021-12-01 13:21:04'),
(337, 1, 'app.competitor.create', '2021-12-01 13:21:33', '2021-12-01 13:21:33'),
(338, 1, 'app.competitor.create', '2021-12-01 13:21:37', '2021-12-01 13:21:37'),
(339, 1, 'app.competitor.create', '2021-12-01 13:22:33', '2021-12-01 13:22:33'),
(340, 1, 'app.competitor.create', '2021-12-01 13:23:25', '2021-12-01 13:23:25'),
(341, 1, 'app.competitor.create', '2021-12-01 13:24:36', '2021-12-01 13:24:36'),
(342, 1, 'app.competitor.create', '2021-12-01 13:25:20', '2021-12-01 13:25:20'),
(343, 1, 'app.competitor.create', '2021-12-01 13:25:20', '2021-12-01 13:25:20'),
(344, 1, 'app.competitor.store', '2021-12-01 13:25:37', '2021-12-01 13:25:37'),
(345, 1, 'app.competitor.create', '2021-12-01 13:25:38', '2021-12-01 13:25:38'),
(346, 1, 'app.competitor.create', '2021-12-01 13:25:56', '2021-12-01 13:25:56'),
(347, 1, 'app.competitor.create', '2021-12-01 13:26:04', '2021-12-01 13:26:04'),
(348, 1, 'app.competitor.create', '2021-12-01 13:26:35', '2021-12-01 13:26:35'),
(349, 1, 'app.competitor.create', '2021-12-01 13:26:58', '2021-12-01 13:26:58'),
(350, 1, 'app.competitor.create', '2021-12-01 13:31:13', '2021-12-01 13:31:13'),
(351, 1, 'app.competitor.create', '2021-12-01 13:33:33', '2021-12-01 13:33:33'),
(352, 1, 'app.competitor.create', '2021-12-01 13:35:50', '2021-12-01 13:35:50'),
(353, 1, 'app.competitor.create', '2021-12-01 13:36:01', '2021-12-01 13:36:01'),
(354, 1, 'app.competitor.create', '2021-12-01 13:36:05', '2021-12-01 13:36:05'),
(355, 1, 'app.competitor.create', '2021-12-01 13:36:23', '2021-12-01 13:36:23'),
(356, 1, 'app.competitor.create', '2021-12-01 13:36:31', '2021-12-01 13:36:31'),
(357, 1, 'app.competitor.create', '2021-12-01 13:36:51', '2021-12-01 13:36:51'),
(358, 1, 'app.competitor.create', '2021-12-01 13:37:46', '2021-12-01 13:37:46'),
(359, 1, 'app.competitor.create', '2021-12-01 13:40:25', '2021-12-01 13:40:25'),
(360, 1, 'app.competitor.create', '2021-12-01 13:40:29', '2021-12-01 13:40:29'),
(361, 1, 'app.competitor.create', '2021-12-01 13:40:57', '2021-12-01 13:40:57'),
(362, 1, 'app.competitor.create', '2021-12-01 13:43:51', '2021-12-01 13:43:51'),
(363, 1, 'app.competitor.create', '2021-12-01 13:44:00', '2021-12-01 13:44:00'),
(364, 1, 'app.competitor.create', '2021-12-01 13:44:42', '2021-12-01 13:44:42'),
(365, 1, 'app.competitor.create', '2021-12-01 13:45:12', '2021-12-01 13:45:12'),
(366, 1, 'app.competitor.create', '2021-12-01 13:45:32', '2021-12-01 13:45:32'),
(367, 1, 'app.competitor.create', '2021-12-01 13:45:37', '2021-12-01 13:45:37'),
(368, 1, 'app.competitor.create', '2021-12-01 13:46:27', '2021-12-01 13:46:27'),
(369, 1, 'app.competitor.create', '2021-12-01 13:46:47', '2021-12-01 13:46:47'),
(370, 1, 'app.competitor.create', '2021-12-01 13:46:51', '2021-12-01 13:46:51'),
(371, 1, 'app.competitor.create', '2021-12-01 13:46:53', '2021-12-01 13:46:53'),
(372, 1, 'app.competitor.create', '2021-12-01 13:46:54', '2021-12-01 13:46:54'),
(373, 1, 'app.competitor.create', '2021-12-01 13:46:58', '2021-12-01 13:46:58'),
(374, 1, 'app.competitor.create', '2021-12-01 13:47:12', '2021-12-01 13:47:12'),
(375, 1, 'app.competitor.create', '2021-12-01 13:47:15', '2021-12-01 13:47:15'),
(376, 1, 'app.competitor.create', '2021-12-01 13:54:04', '2021-12-01 13:54:04'),
(377, 1, 'app.competitor.create', '2021-12-01 13:54:18', '2021-12-01 13:54:18'),
(378, 1, 'app.competitor.create', '2021-12-01 13:54:25', '2021-12-01 13:54:25'),
(379, 1, 'app.competitor.create', '2021-12-01 13:58:56', '2021-12-01 13:58:56'),
(380, 1, 'app.competitor.create', '2021-12-01 14:02:08', '2021-12-01 14:02:08'),
(381, 1, 'app.competitor.create', '2021-12-01 14:24:57', '2021-12-01 14:24:57'),
(382, 1, 'app.competitor.create', '2021-12-01 14:25:13', '2021-12-01 14:25:13'),
(383, 1, 'app.competitor.create', '2021-12-01 14:29:35', '2021-12-01 14:29:35'),
(384, 1, 'app.competitor.create', '2021-12-01 14:30:59', '2021-12-01 14:30:59'),
(385, 1, 'app.competitor.create', '2021-12-01 14:31:21', '2021-12-01 14:31:21'),
(386, 1, 'app.competitor.create', '2021-12-01 14:31:37', '2021-12-01 14:31:37'),
(387, 1, 'app.competitor.create', '2021-12-01 14:31:41', '2021-12-01 14:31:41'),
(388, 1, 'app.competitor.create', '2021-12-01 14:34:56', '2021-12-01 14:34:56'),
(389, 1, 'app.competitor.create', '2021-12-01 14:35:49', '2021-12-01 14:35:49'),
(390, 1, 'app.competitor.create', '2021-12-01 14:35:53', '2021-12-01 14:35:53'),
(391, 1, 'app.competitor.create', '2021-12-01 14:43:19', '2021-12-01 14:43:19'),
(392, 1, 'app.competitor.create', '2021-12-01 14:43:40', '2021-12-01 14:43:40'),
(393, 1, 'app.competitor.create', '2021-12-01 14:43:48', '2021-12-01 14:43:48'),
(394, 1, 'app.competitor.create', '2021-12-01 14:43:51', '2021-12-01 14:43:51'),
(395, 1, 'app.competitor.create', '2021-12-01 14:44:04', '2021-12-01 14:44:04'),
(396, 1, 'app.competitor.create', '2021-12-01 14:44:14', '2021-12-01 14:44:14'),
(397, 1, 'app.competitor.create', '2021-12-01 14:44:20', '2021-12-01 14:44:20'),
(398, 1, 'app.competitor.create', '2021-12-01 14:44:36', '2021-12-01 14:44:36'),
(399, 1, 'app.competitor.create', '2021-12-01 14:44:40', '2021-12-01 14:44:40'),
(400, 1, 'app.competitor.create', '2021-12-01 14:44:49', '2021-12-01 14:44:49'),
(401, 1, 'app.competitor.create', '2021-12-01 14:45:57', '2021-12-01 14:45:57'),
(402, 1, 'app.competitor.create', '2021-12-01 14:46:14', '2021-12-01 14:46:14'),
(403, 1, 'app.competitor.create', '2021-12-01 14:46:30', '2021-12-01 14:46:30'),
(404, 1, 'app.competitor.create', '2021-12-01 14:46:46', '2021-12-01 14:46:46'),
(405, 1, 'app.competitor.create', '2021-12-01 15:13:31', '2021-12-01 15:13:31'),
(406, 1, 'app.competitor.create', '2021-12-01 15:13:36', '2021-12-01 15:13:36'),
(407, 1, 'app.competitor.create', '2021-12-01 15:14:42', '2021-12-01 15:14:42'),
(408, 1, 'app.competitor.create', '2021-12-01 15:16:00', '2021-12-01 15:16:00'),
(409, 1, 'app.competitor.create', '2021-12-01 15:16:06', '2021-12-01 15:16:06'),
(410, 1, 'app.competitor.create', '2021-12-01 15:19:05', '2021-12-01 15:19:05'),
(411, 1, 'app.competitor.create', '2021-12-01 15:19:30', '2021-12-01 15:19:30'),
(412, 1, 'app.competitor.create', '2021-12-01 15:20:03', '2021-12-01 15:20:03'),
(413, 1, 'app.competitor.create', '2021-12-01 15:21:20', '2021-12-01 15:21:20'),
(414, 1, 'app.competitor.create', '2021-12-01 15:21:39', '2021-12-01 15:21:39'),
(415, 1, 'app.competitor.create', '2021-12-01 15:21:49', '2021-12-01 15:21:49'),
(416, 1, 'app.competitor.create', '2021-12-01 15:21:51', '2021-12-01 15:21:51'),
(417, 1, 'app.competitor.index', '2021-12-01 15:22:22', '2021-12-01 15:22:22'),
(418, 1, 'app.competitor.index', '2021-12-01 15:22:24', '2021-12-01 15:22:24'),
(419, 1, 'app.competitor.index', '2021-12-01 15:23:00', '2021-12-01 15:23:00'),
(420, 1, 'app.competitor.index', '2021-12-01 15:27:51', '2021-12-01 15:27:51'),
(421, 1, 'app.competitor.index', '2021-12-01 15:28:01', '2021-12-01 15:28:01'),
(422, 2, 'home', '2021-12-01 15:30:14', '2021-12-01 15:30:14'),
(423, 2, 'admin.competition.index', '2021-12-01 15:30:17', '2021-12-01 15:30:17'),
(424, 2, 'admin.competition.index', '2021-12-01 15:30:20', '2021-12-01 15:30:20'),
(425, 1, 'app.competitor.index', '2021-12-01 15:30:30', '2021-12-01 15:30:30'),
(426, 2, 'admin.competition.index', '2021-12-01 15:30:35', '2021-12-01 15:30:35'),
(427, 2, 'admin.competition.edit', '2021-12-01 15:30:41', '2021-12-01 15:30:41'),
(428, 2, 'admin.competition.edit', '2021-12-01 15:30:43', '2021-12-01 15:30:43'),
(429, 1, 'app.competitor.index', '2021-12-01 15:33:52', '2021-12-01 15:33:52'),
(430, 2, 'admin.competition.edit', '2021-12-01 15:34:26', '2021-12-01 15:34:26'),
(431, 2, 'admin.competition.edit', '2021-12-01 15:35:03', '2021-12-01 15:35:03'),
(432, 2, 'admin.competition.edit', '2021-12-01 15:35:25', '2021-12-01 15:35:25'),
(433, 2, 'admin.competition.edit', '2021-12-01 15:35:36', '2021-12-01 15:35:36'),
(434, 2, 'admin.competition.edit', '2021-12-01 15:35:38', '2021-12-01 15:35:38'),
(435, 1, 'app.competitor.index', '2021-12-01 15:35:44', '2021-12-01 15:35:44'),
(436, 1, 'app.competitor.index', '2021-12-01 16:00:13', '2021-12-01 16:00:13'),
(437, 1, 'app.competitor.index', '2021-12-01 16:00:27', '2021-12-01 16:00:27'),
(438, 1, 'app.competitor.index', '2021-12-01 16:00:35', '2021-12-01 16:00:35'),
(439, 1, 'app.competitor.index', '2021-12-01 16:00:41', '2021-12-01 16:00:41'),
(440, 1, 'app.competitor.index', '2021-12-01 16:01:28', '2021-12-01 16:01:28'),
(441, 1, 'app.competitor.index', '2021-12-01 16:01:47', '2021-12-01 16:01:47'),
(442, 1, 'app.competitor.index', '2021-12-01 16:03:58', '2021-12-01 16:03:58'),
(443, 1, 'app.competitor.index', '2021-12-01 16:04:03', '2021-12-01 16:04:03'),
(444, 1, 'app.competitor.index', '2021-12-01 16:04:26', '2021-12-01 16:04:26'),
(445, 1, 'home', '2021-12-01 16:05:12', '2021-12-01 16:05:12'),
(446, 1, 'home', '2021-12-01 16:05:18', '2021-12-01 16:05:18'),
(447, 1, 'app.payment.index', '2021-12-01 16:05:22', '2021-12-01 16:05:22'),
(448, 1, 'app.payment.index', '2021-12-01 16:05:28', '2021-12-01 16:05:28'),
(449, 1, 'app.payment.index', '2021-12-01 16:05:45', '2021-12-01 16:05:45'),
(450, 1, 'app.payment.index', '2021-12-01 16:06:44', '2021-12-01 16:06:44'),
(451, 1, 'app.payment.index', '2021-12-01 16:06:53', '2021-12-01 16:06:53'),
(452, 1, 'app.payment.index', '2021-12-01 16:07:06', '2021-12-01 16:07:06'),
(453, 1, 'app.payment.index', '2021-12-01 16:07:34', '2021-12-01 16:07:34'),
(454, 1, 'app.payment.index', '2021-12-01 16:07:36', '2021-12-01 16:07:36'),
(455, 1, 'app.payment.index', '2021-12-01 16:08:43', '2021-12-01 16:08:43'),
(456, 1, 'app.payment.index', '2021-12-01 16:08:56', '2021-12-01 16:08:56'),
(457, 1, 'app.payment.index', '2021-12-01 16:09:18', '2021-12-01 16:09:18'),
(458, 1, 'app.payment.index', '2021-12-01 16:09:39', '2021-12-01 16:09:39'),
(459, 1, 'app.payment.index', '2021-12-01 16:09:53', '2021-12-01 16:09:53'),
(460, 2, 'admin.competition.edit', '2021-12-01 16:16:24', '2021-12-01 16:16:24'),
(461, 2, 'admin.competition.edit', '2021-12-01 16:16:46', '2021-12-01 16:16:46'),
(462, 2, 'admin.competition.edit', '2021-12-01 16:17:07', '2021-12-01 16:17:07'),
(463, 2, 'admin.competition.edit', '2021-12-01 16:19:20', '2021-12-01 16:19:20'),
(464, 2, 'admin.competition.edit', '2021-12-01 16:19:40', '2021-12-01 16:19:40'),
(465, 2, 'admin.competition.edit', '2021-12-01 16:20:12', '2021-12-01 16:20:12'),
(466, 2, 'admin.competition.edit', '2021-12-01 16:20:25', '2021-12-01 16:20:25'),
(467, 1, 'app.payment.index', '2021-12-01 16:21:00', '2021-12-01 16:21:00'),
(468, 1, 'home', '2021-12-02 23:38:14', '2021-12-02 23:38:14'),
(469, 1, 'home', '2021-12-02 23:39:03', '2021-12-02 23:39:03'),
(470, 1, 'app.competitor.index', '2021-12-02 23:39:23', '2021-12-02 23:39:23'),
(471, 1, 'app.competitor.index', '2021-12-02 23:39:25', '2021-12-02 23:39:25'),
(472, 1, 'app.competitor.index', '2021-12-02 23:39:27', '2021-12-02 23:39:27'),
(473, 1, 'app.competitor.index', '2021-12-02 23:39:33', '2021-12-02 23:39:33'),
(474, 1, 'app.competitor.index', '2021-12-02 23:45:16', '2021-12-02 23:45:16'),
(475, 1, 'app.competitor.index', '2021-12-02 23:45:49', '2021-12-02 23:45:49'),
(476, 1, 'app.competitor.index', '2021-12-02 23:46:01', '2021-12-02 23:46:01'),
(477, 1, 'app.competitor.index', '2021-12-02 23:46:19', '2021-12-02 23:46:19'),
(478, 1, 'app.competitor.index', '2021-12-02 23:46:21', '2021-12-02 23:46:21'),
(479, 1, 'app.competitor.index', '2021-12-02 23:46:49', '2021-12-02 23:46:49'),
(480, 1, 'app.competitor.index', '2021-12-02 23:47:03', '2021-12-02 23:47:03'),
(481, 1, 'app.competitor.index', '2021-12-02 23:47:21', '2021-12-02 23:47:21'),
(482, 1, 'app.competitor.index', '2021-12-02 23:48:19', '2021-12-02 23:48:19'),
(483, 1, 'app.competitor.index', '2021-12-02 23:48:36', '2021-12-02 23:48:36'),
(484, 1, 'app.competitor.index', '2021-12-02 23:49:12', '2021-12-02 23:49:12'),
(485, 1, 'app.competitor.index', '2021-12-02 23:49:17', '2021-12-02 23:49:17'),
(486, 1, 'app.competitor.index', '2021-12-02 23:49:29', '2021-12-02 23:49:29'),
(487, 1, 'app.competitor.index', '2021-12-02 23:50:08', '2021-12-02 23:50:08'),
(488, 1, 'app.competitor.index', '2021-12-02 23:50:16', '2021-12-02 23:50:16'),
(489, 1, 'app.competitor.index', '2021-12-02 23:50:21', '2021-12-02 23:50:21'),
(490, 1, 'app.competitor.index', '2021-12-02 23:50:28', '2021-12-02 23:50:28'),
(491, 1, 'app.competitor.index', '2021-12-02 23:50:38', '2021-12-02 23:50:38'),
(492, 1, 'app.competitor.index', '2021-12-02 23:50:50', '2021-12-02 23:50:50'),
(493, 1, 'app.competitor.index', '2021-12-02 23:50:53', '2021-12-02 23:50:53'),
(494, 1, 'app.competitor.index', '2021-12-02 23:50:59', '2021-12-02 23:50:59'),
(495, 1, 'app.competitor.index', '2021-12-02 23:51:29', '2021-12-02 23:51:29'),
(496, 1, 'app.competitor.index', '2021-12-02 23:51:42', '2021-12-02 23:51:42'),
(497, 1, 'app.competitor.index', '2021-12-02 23:51:48', '2021-12-02 23:51:48'),
(498, 1, 'app.competitor.index', '2021-12-02 23:51:49', '2021-12-02 23:51:49'),
(499, 1, 'app.competitor.index', '2021-12-02 23:52:20', '2021-12-02 23:52:20'),
(500, 1, 'app.competitor.index', '2021-12-02 23:52:43', '2021-12-02 23:52:43'),
(501, 1, 'app.competitor.index', '2021-12-02 23:52:55', '2021-12-02 23:52:55'),
(502, 1, 'app.competitor.index', '2021-12-02 23:53:13', '2021-12-02 23:53:13'),
(503, 1, 'app.competitor.index', '2021-12-02 23:53:17', '2021-12-02 23:53:17'),
(504, 1, 'app.competitor.index', '2021-12-02 23:53:40', '2021-12-02 23:53:40'),
(505, 1, 'app.payment.index', '2021-12-02 23:53:46', '2021-12-02 23:53:46'),
(506, 1, 'app.payment.index', '2021-12-02 23:53:47', '2021-12-02 23:53:47'),
(507, 1, 'app.payment.index', '2021-12-02 23:53:49', '2021-12-02 23:53:49'),
(508, 1, 'app.payment.index', '2021-12-02 23:55:06', '2021-12-02 23:55:06'),
(509, 1, 'app.payment.index', '2021-12-02 23:55:19', '2021-12-02 23:55:19'),
(510, 1, 'app.competitor.index', '2021-12-02 23:55:26', '2021-12-02 23:55:26'),
(511, 1, 'app.competitor.create', '2021-12-02 23:55:28', '2021-12-02 23:55:28'),
(512, 1, 'app.competitor.store', '2021-12-02 23:55:47', '2021-12-02 23:55:47'),
(513, 1, 'app.competitor.create', '2021-12-02 23:55:48', '2021-12-02 23:55:48'),
(514, 1, 'app.payment.index', '2021-12-02 23:55:51', '2021-12-02 23:55:51'),
(515, 1, 'app.payment.create', '2021-12-02 23:55:54', '2021-12-02 23:55:54'),
(516, 1, 'app.payment.create', '2021-12-02 23:56:27', '2021-12-02 23:56:27'),
(517, 1, 'app.payment.create', '2021-12-03 00:06:10', '2021-12-03 00:06:10'),
(518, 1, 'app.payment.create', '2021-12-03 00:07:02', '2021-12-03 00:07:02'),
(519, 1, 'app.payment.create', '2021-12-03 00:07:16', '2021-12-03 00:07:16'),
(520, 1, 'app.payment.create', '2021-12-03 00:07:18', '2021-12-03 00:07:18'),
(521, 1, 'app.payment.create', '2021-12-03 00:07:29', '2021-12-03 00:07:29'),
(522, 1, 'app.payment.create', '2021-12-03 00:07:31', '2021-12-03 00:07:31'),
(523, 1, 'app.payment.create', '2021-12-03 00:07:42', '2021-12-03 00:07:42'),
(524, 1, 'app.payment.create', '2021-12-03 00:07:58', '2021-12-03 00:07:58'),
(525, 1, 'app.payment.create', '2021-12-03 00:08:10', '2021-12-03 00:08:10'),
(526, 1, 'app.payment.create', '2021-12-03 00:09:52', '2021-12-03 00:09:52'),
(527, 1, 'app.payment.create', '2021-12-03 00:10:02', '2021-12-03 00:10:02'),
(528, 1, 'app.payment.create', '2021-12-03 00:10:11', '2021-12-03 00:10:11'),
(529, 1, 'app.payment.create', '2021-12-03 00:10:29', '2021-12-03 00:10:29'),
(530, 1, 'app.payment.create', '2021-12-03 00:12:45', '2021-12-03 00:12:45'),
(531, 1, 'app.payment.create', '2021-12-03 00:12:54', '2021-12-03 00:12:54'),
(532, 1, 'app.payment.create', '2021-12-03 00:13:01', '2021-12-03 00:13:01'),
(533, 1, 'app.payment.create', '2021-12-03 00:13:16', '2021-12-03 00:13:16'),
(534, 1, 'app.payment.create', '2021-12-03 00:17:51', '2021-12-03 00:17:51'),
(535, 1, 'app.competitor.index', '2021-12-03 00:18:18', '2021-12-03 00:18:18'),
(536, 1, 'app.payment.create', '2021-12-03 00:19:06', '2021-12-03 00:19:06'),
(537, 1, 'app.payment.create', '2021-12-03 00:20:28', '2021-12-03 00:20:28'),
(538, 1, 'app.payment.create', '2021-12-03 00:21:36', '2021-12-03 00:21:36'),
(539, 1, 'app.payment.create', '2021-12-03 00:21:51', '2021-12-03 00:21:51'),
(540, 1, 'app.payment.create', '2021-12-03 00:22:39', '2021-12-03 00:22:39'),
(541, 1, 'app.payment.create', '2021-12-03 00:22:45', '2021-12-03 00:22:45'),
(542, 1, 'app.payment.create', '2021-12-03 00:23:02', '2021-12-03 00:23:02'),
(543, 1, 'app.payment.create', '2021-12-03 00:35:37', '2021-12-03 00:35:37'),
(544, 1, 'app.payment.create', '2021-12-03 00:37:23', '2021-12-03 00:37:23'),
(545, 1, 'app.payment.create', '2021-12-03 00:37:28', '2021-12-03 00:37:28'),
(546, 1, 'app.payment.create', '2021-12-03 00:37:53', '2021-12-03 00:37:53'),
(547, 1, 'app.payment.create', '2021-12-03 00:38:15', '2021-12-03 00:38:15'),
(548, 1, 'app.competitor.index', '2021-12-03 00:38:29', '2021-12-03 00:38:29'),
(549, 1, 'app.competitor.index', '2021-12-03 00:39:06', '2021-12-03 00:39:06'),
(550, 1, 'app.competitor.index', '2021-12-03 00:39:40', '2021-12-03 00:39:40'),
(551, 1, 'home', '2021-12-03 00:39:54', '2021-12-03 00:39:54'),
(552, 1, 'home', '2021-12-03 00:39:57', '2021-12-03 00:39:57'),
(553, 1, 'app.competitor.index', '2021-12-03 00:39:59', '2021-12-03 00:39:59'),
(554, 1, 'app.competitor.index', '2021-12-03 00:40:20', '2021-12-03 00:40:20'),
(555, 1, 'app.competitor.index', '2021-12-03 00:40:58', '2021-12-03 00:40:58'),
(556, 1, 'app.competitor.index', '2021-12-03 00:41:21', '2021-12-03 00:41:21'),
(557, 1, 'app.competitor.index', '2021-12-03 00:41:41', '2021-12-03 00:41:41'),
(558, 1, 'app.competitor.index', '2021-12-03 00:42:08', '2021-12-03 00:42:08'),
(559, 1, 'app.competitor.index', '2021-12-03 00:42:20', '2021-12-03 00:42:20'),
(560, 1, 'app.competitor.index', '2021-12-03 00:42:34', '2021-12-03 00:42:34'),
(561, 1, 'app.competitor.index', '2021-12-03 00:42:42', '2021-12-03 00:42:42'),
(562, 1, 'app.competitor.index', '2021-12-03 00:42:46', '2021-12-03 00:42:46'),
(563, 1, 'app.competitor.index', '2021-12-03 00:42:54', '2021-12-03 00:42:54'),
(564, 1, 'app.competitor.index', '2021-12-03 00:43:12', '2021-12-03 00:43:12'),
(565, 1, 'app.competitor.index', '2021-12-03 00:43:18', '2021-12-03 00:43:18'),
(566, 1, 'app.competitor.index', '2021-12-03 00:43:55', '2021-12-03 00:43:55'),
(567, 1, 'app.competitor.index', '2021-12-03 00:44:08', '2021-12-03 00:44:08'),
(568, 1, 'app.competitor.index', '2021-12-03 00:44:14', '2021-12-03 00:44:14'),
(569, 1, 'app.competitor.index', '2021-12-03 00:44:22', '2021-12-03 00:44:22'),
(570, 1, 'app.competitor.index', '2021-12-03 00:44:33', '2021-12-03 00:44:33'),
(571, 1, 'app.competitor.index', '2021-12-03 00:44:46', '2021-12-03 00:44:46'),
(572, 1, 'app.competitor.index', '2021-12-03 00:44:55', '2021-12-03 00:44:55'),
(573, 1, 'app.competitor.index', '2021-12-03 00:44:58', '2021-12-03 00:44:58'),
(574, 1, 'app.competitor.index', '2021-12-03 00:45:05', '2021-12-03 00:45:05'),
(575, 1, 'app.competitor.index', '2021-12-03 00:45:22', '2021-12-03 00:45:22'),
(576, 1, 'app.competitor.index', '2021-12-03 00:45:28', '2021-12-03 00:45:28'),
(577, 1, 'app.competitor.index', '2021-12-03 00:47:15', '2021-12-03 00:47:15'),
(578, 1, 'app.competitor.index', '2021-12-03 00:47:36', '2021-12-03 00:47:36'),
(579, 1, 'app.competitor.index', '2021-12-03 00:47:41', '2021-12-03 00:47:41'),
(580, 1, 'app.competitor.index', '2021-12-03 00:47:42', '2021-12-03 00:47:42'),
(581, 1, 'app.competitor.index', '2021-12-03 00:47:50', '2021-12-03 00:47:50'),
(582, 1, 'app.competitor.index', '2021-12-03 00:48:56', '2021-12-03 00:48:56'),
(583, 1, 'app.competitor.index', '2021-12-03 00:49:02', '2021-12-03 00:49:02'),
(584, 1, 'app.competitor.index', '2021-12-03 00:49:24', '2021-12-03 00:49:24'),
(585, 1, 'app.competitor.index', '2021-12-03 00:50:37', '2021-12-03 00:50:37'),
(586, 1, 'app.competitor.index', '2021-12-03 00:50:50', '2021-12-03 00:50:50'),
(587, 1, 'app.competitor.index', '2021-12-03 01:31:34', '2021-12-03 01:31:34'),
(588, 1, 'app.competitor.index', '2021-12-03 01:31:42', '2021-12-03 01:31:42'),
(589, 1, 'app.competitor.index', '2021-12-03 01:32:00', '2021-12-03 01:32:00'),
(590, 1, 'app.competitor.index', '2021-12-03 01:32:03', '2021-12-03 01:32:03'),
(591, 1, 'app.competitor.index', '2021-12-03 01:32:28', '2021-12-03 01:32:28'),
(592, 1, 'app.competitor.index', '2021-12-03 01:32:37', '2021-12-03 01:32:37'),
(593, 1, 'app.competitor.index', '2021-12-03 01:32:56', '2021-12-03 01:32:56'),
(594, 1, 'app.competitor.index', '2021-12-03 01:33:00', '2021-12-03 01:33:00'),
(595, 1, 'app.competitor.index', '2021-12-03 01:33:16', '2021-12-03 01:33:16'),
(596, 1, 'app.competitor.index', '2021-12-03 01:33:23', '2021-12-03 01:33:23'),
(597, 1, 'app.competitor.index', '2021-12-03 01:33:30', '2021-12-03 01:33:30'),
(598, 1, 'app.competitor.index', '2021-12-03 01:33:41', '2021-12-03 01:33:41'),
(599, 1, 'app.competitor.index', '2021-12-03 01:33:48', '2021-12-03 01:33:48'),
(600, 1, 'app.competitor.index', '2021-12-03 01:33:58', '2021-12-03 01:33:58'),
(601, 1, 'app.competitor.index', '2021-12-03 01:34:45', '2021-12-03 01:34:45'),
(602, 1, 'app.competitor.index', '2021-12-03 01:34:51', '2021-12-03 01:34:51'),
(603, 1, 'app.competitor.index', '2021-12-03 01:35:00', '2021-12-03 01:35:00'),
(604, 1, 'app.competitor.index', '2021-12-03 01:35:07', '2021-12-03 01:35:07'),
(605, 1, 'app.competitor.index', '2021-12-03 01:39:06', '2021-12-03 01:39:06'),
(606, 1, 'app.competitor.index', '2021-12-03 01:39:13', '2021-12-03 01:39:13'),
(607, 1, 'app.competitor.index', '2021-12-03 01:39:16', '2021-12-03 01:39:16'),
(608, 1, 'app.competitor.index', '2021-12-03 01:39:40', '2021-12-03 01:39:40'),
(609, 1, 'app.competitor.index', '2021-12-03 01:39:55', '2021-12-03 01:39:55'),
(610, 1, 'app.competitor.index', '2021-12-03 01:40:39', '2021-12-03 01:40:39'),
(611, 1, 'app.competitor.index', '2021-12-03 01:40:52', '2021-12-03 01:40:52'),
(612, 1, 'app.competitor.index', '2021-12-03 01:40:57', '2021-12-03 01:40:57'),
(613, 1, 'app.competitor.index', '2021-12-03 01:41:04', '2021-12-03 01:41:04'),
(614, 1, 'app.competitor.index', '2021-12-03 01:43:32', '2021-12-03 01:43:32'),
(615, 1, 'app.competitor.create', '2021-12-03 01:46:09', '2021-12-03 01:46:09'),
(616, 1, 'app.competitor.create', '2021-12-03 01:50:31', '2021-12-03 01:50:31'),
(617, 1, 'app.competitor.create', '2021-12-03 01:55:39', '2021-12-03 01:55:39'),
(618, 1, 'app.competitor.create', '2021-12-03 01:55:45', '2021-12-03 01:55:45'),
(619, 1, 'app.competitor.create', '2021-12-03 01:56:09', '2021-12-03 01:56:09'),
(620, 1, 'app.competitor.create', '2021-12-03 01:56:25', '2021-12-03 01:56:25'),
(621, 1, 'app.competitor.create', '2021-12-03 01:56:31', '2021-12-03 01:56:31'),
(622, 1, 'home', '2021-12-03 01:57:00', '2021-12-03 01:57:00'),
(623, 1, 'home', '2021-12-03 01:57:06', '2021-12-03 01:57:06'),
(624, 1, 'home', '2021-12-03 01:57:21', '2021-12-03 01:57:21'),
(625, 1, 'home', '2021-12-03 01:57:27', '2021-12-03 01:57:27'),
(626, 1, 'home', '2021-12-03 01:57:30', '2021-12-03 01:57:30'),
(627, 1, 'home', '2021-12-03 01:57:43', '2021-12-03 01:57:43'),
(628, 1, 'home', '2021-12-03 01:57:50', '2021-12-03 01:57:50'),
(629, 1, 'home', '2021-12-03 01:57:58', '2021-12-03 01:57:58'),
(630, 1, 'app.competitor.index', '2021-12-03 01:58:07', '2021-12-03 01:58:07'),
(631, 1, 'app.competitor.index', '2021-12-03 01:58:17', '2021-12-03 01:58:17'),
(632, 1, 'app.competitor.index', '2021-12-03 02:06:17', '2021-12-03 02:06:17'),
(633, 1, 'app.competitor.index', '2021-12-03 02:07:17', '2021-12-03 02:07:17'),
(634, 1, 'app.competitor.index', '2021-12-03 02:10:48', '2021-12-03 02:10:48'),
(635, 1, 'app.competitor.index', '2021-12-03 02:10:49', '2021-12-03 02:10:49'),
(636, 1, 'app.competitor.index', '2021-12-03 02:10:49', '2021-12-03 02:10:49'),
(637, 1, 'app.competitor.index', '2021-12-03 02:10:49', '2021-12-03 02:10:49'),
(638, 1, 'app.competitor.index', '2021-12-03 02:10:49', '2021-12-03 02:10:49'),
(639, 1, 'app.competitor.index', '2021-12-03 02:10:50', '2021-12-03 02:10:50'),
(640, 1, 'app.competitor.index', '2021-12-03 02:10:50', '2021-12-03 02:10:50'),
(641, 1, 'app.competitor.index', '2021-12-03 02:10:50', '2021-12-03 02:10:50'),
(642, 1, 'app.competitor.index', '2021-12-03 02:10:50', '2021-12-03 02:10:50'),
(643, 1, 'app.competitor.index', '2021-12-03 02:10:51', '2021-12-03 02:10:51'),
(644, 1, 'app.competitor.index', '2021-12-03 02:10:51', '2021-12-03 02:10:51'),
(645, 1, 'app.competitor.index', '2021-12-03 02:10:51', '2021-12-03 02:10:51'),
(646, 1, 'app.competitor.index', '2021-12-03 02:10:51', '2021-12-03 02:10:51'),
(647, 1, 'app.competitor.index', '2021-12-03 02:10:52', '2021-12-03 02:10:52'),
(648, 1, 'app.competitor.index', '2021-12-03 02:10:52', '2021-12-03 02:10:52'),
(649, 1, 'app.competitor.index', '2021-12-03 02:10:52', '2021-12-03 02:10:52'),
(650, 1, 'app.competitor.index', '2021-12-03 02:10:52', '2021-12-03 02:10:52'),
(651, 1, 'app.competitor.index', '2021-12-03 02:10:53', '2021-12-03 02:10:53'),
(652, 1, 'app.competitor.index', '2021-12-03 02:10:53', '2021-12-03 02:10:53'),
(653, 1, 'app.competitor.index', '2021-12-03 02:10:53', '2021-12-03 02:10:53'),
(654, 1, 'app.competitor.index', '2021-12-03 02:10:54', '2021-12-03 02:10:54'),
(655, 1, 'app.competitor.index', '2021-12-03 02:10:55', '2021-12-03 02:10:55');
INSERT INTO `activity_logs` (`id`, `user_id`, `route`, `created_at`, `updated_at`) VALUES
(656, 1, 'app.competitor.index', '2021-12-03 02:10:55', '2021-12-03 02:10:55'),
(657, 1, 'app.competitor.index', '2021-12-03 02:10:55', '2021-12-03 02:10:55'),
(658, 1, 'app.competitor.index', '2021-12-03 02:10:55', '2021-12-03 02:10:55'),
(659, 1, 'app.competitor.index', '2021-12-03 02:10:56', '2021-12-03 02:10:56'),
(660, 1, 'app.competitor.index', '2021-12-03 02:10:56', '2021-12-03 02:10:56'),
(661, 1, 'app.competitor.index', '2021-12-03 02:10:56', '2021-12-03 02:10:56'),
(662, 1, 'app.competitor.index', '2021-12-03 02:10:56', '2021-12-03 02:10:56'),
(663, 1, 'app.competitor.index', '2021-12-03 02:10:57', '2021-12-03 02:10:57'),
(664, 1, 'app.competitor.index', '2021-12-03 02:10:57', '2021-12-03 02:10:57'),
(665, 1, 'app.competitor.index', '2021-12-03 02:10:57', '2021-12-03 02:10:57'),
(666, 1, 'app.competitor.index', '2021-12-03 02:10:58', '2021-12-03 02:10:58'),
(667, 1, 'app.competitor.index', '2021-12-03 02:10:58', '2021-12-03 02:10:58'),
(668, 1, 'app.competitor.index', '2021-12-03 02:10:58', '2021-12-03 02:10:58'),
(669, 1, 'app.competitor.index', '2021-12-03 02:10:58', '2021-12-03 02:10:58'),
(670, 1, 'app.competitor.index', '2021-12-03 02:10:59', '2021-12-03 02:10:59'),
(671, 1, 'app.competitor.index', '2021-12-03 02:10:59', '2021-12-03 02:10:59'),
(672, 1, 'app.competitor.index', '2021-12-03 02:10:59', '2021-12-03 02:10:59'),
(673, 1, 'app.competitor.index', '2021-12-03 02:10:59', '2021-12-03 02:10:59'),
(674, 1, 'app.competitor.index', '2021-12-03 02:11:01', '2021-12-03 02:11:01'),
(675, 1, 'app.competitor.index', '2021-12-03 02:11:01', '2021-12-03 02:11:01'),
(676, 1, 'app.competitor.index', '2021-12-03 02:11:01', '2021-12-03 02:11:01'),
(677, 1, 'app.competitor.index', '2021-12-03 02:11:01', '2021-12-03 02:11:01'),
(678, 1, 'app.competitor.index', '2021-12-03 02:11:02', '2021-12-03 02:11:02'),
(679, 1, 'app.competitor.index', '2021-12-03 02:11:02', '2021-12-03 02:11:02'),
(680, 1, 'app.competitor.index', '2021-12-03 02:11:02', '2021-12-03 02:11:02'),
(681, 1, 'app.competitor.index', '2021-12-03 02:11:02', '2021-12-03 02:11:02'),
(682, 1, 'app.competitor.index', '2021-12-03 02:11:03', '2021-12-03 02:11:03'),
(683, 1, 'app.competitor.index', '2021-12-03 02:11:03', '2021-12-03 02:11:03'),
(684, 1, 'app.competitor.index', '2021-12-03 02:11:03', '2021-12-03 02:11:03'),
(685, 1, 'app.competitor.index', '2021-12-03 02:11:03', '2021-12-03 02:11:03'),
(686, 1, 'app.competitor.index', '2021-12-03 02:11:04', '2021-12-03 02:11:04'),
(687, 1, 'app.competitor.index', '2021-12-03 02:11:04', '2021-12-03 02:11:04'),
(688, 1, 'app.competitor.index', '2021-12-03 02:11:04', '2021-12-03 02:11:04'),
(689, 1, 'app.competitor.index', '2021-12-03 02:11:04', '2021-12-03 02:11:04'),
(690, 1, 'app.competitor.index', '2021-12-03 02:11:05', '2021-12-03 02:11:05'),
(691, 1, 'app.competitor.index', '2021-12-03 02:11:05', '2021-12-03 02:11:05'),
(692, 1, 'app.competitor.index', '2021-12-03 02:11:05', '2021-12-03 02:11:05'),
(693, 1, 'app.competitor.index', '2021-12-03 02:11:05', '2021-12-03 02:11:05'),
(694, 1, 'app.competitor.index', '2021-12-03 02:11:06', '2021-12-03 02:11:06'),
(695, 1, 'app.competitor.index', '2021-12-03 02:11:22', '2021-12-03 02:11:22'),
(696, 1, 'app.competitor.index', '2021-12-03 02:11:50', '2021-12-03 02:11:50'),
(697, 1, 'app.competitor.index', '2021-12-03 02:11:58', '2021-12-03 02:11:58'),
(698, 1, 'home', '2021-12-03 02:12:03', '2021-12-03 02:12:03'),
(699, 1, 'home', '2021-12-03 02:14:05', '2021-12-03 02:14:05'),
(700, 1, 'home', '2021-12-03 02:14:15', '2021-12-03 02:14:15'),
(701, 1, 'home', '2021-12-03 02:18:26', '2021-12-03 02:18:26'),
(702, 1, 'home', '2021-12-03 02:18:38', '2021-12-03 02:18:38'),
(703, 1, 'app.competitor.index', '2021-12-03 02:18:42', '2021-12-03 02:18:42'),
(704, 1, 'app.competitor.index', '2021-12-03 02:18:55', '2021-12-03 02:18:55'),
(705, 1, 'app.competitor.index', '2021-12-03 02:19:06', '2021-12-03 02:19:06'),
(706, 1, 'app.competitor.index', '2021-12-03 02:19:42', '2021-12-03 02:19:42'),
(707, 1, 'app.competitor.index', '2021-12-03 02:20:10', '2021-12-03 02:20:10'),
(708, 1, 'app.competitor.index', '2021-12-03 02:20:19', '2021-12-03 02:20:19'),
(709, 1, 'app.competitor.index', '2021-12-03 02:35:05', '2021-12-03 02:35:05'),
(710, 1, 'app.competitor.index', '2021-12-03 02:37:05', '2021-12-03 02:37:05'),
(711, 1, 'home', '2021-12-03 02:37:16', '2021-12-03 02:37:16'),
(712, 1, 'home', '2021-12-03 02:37:31', '2021-12-03 02:37:31'),
(713, 1, 'home', '2021-12-03 02:37:35', '2021-12-03 02:37:35'),
(714, 1, 'home', '2021-12-03 02:38:10', '2021-12-03 02:38:10'),
(715, 1, 'home', '2021-12-03 02:39:46', '2021-12-03 02:39:46'),
(716, 1, 'home', '2021-12-03 02:40:45', '2021-12-03 02:40:45'),
(717, 1, 'home', '2021-12-03 23:23:11', '2021-12-03 23:23:11'),
(718, 1, 'home', '2021-12-03 23:24:56', '2021-12-03 23:24:56'),
(719, 1, 'home', '2021-12-03 23:25:02', '2021-12-03 23:25:02'),
(720, 1, 'home', '2021-12-03 23:25:03', '2021-12-03 23:25:03'),
(721, 1, 'home', '2021-12-03 23:25:11', '2021-12-03 23:25:11'),
(722, 1, 'app.competitor.index', '2021-12-03 23:25:17', '2021-12-03 23:25:17'),
(723, 1, 'home', '2021-12-03 23:25:21', '2021-12-03 23:25:21'),
(724, 1, 'app.competitor.index', '2021-12-03 23:25:25', '2021-12-03 23:25:25'),
(725, 1, 'app.competitor.index', '2021-12-03 23:25:42', '2021-12-03 23:25:42'),
(726, 1, 'home', '2021-12-03 23:42:51', '2021-12-03 23:42:51'),
(727, 1, 'home', '2021-12-03 23:43:12', '2021-12-03 23:43:12'),
(728, 1, 'home', '2021-12-03 23:43:21', '2021-12-03 23:43:21'),
(729, 1, 'home', '2021-12-03 23:43:33', '2021-12-03 23:43:33'),
(730, 1, 'home', '2021-12-03 23:45:30', '2021-12-03 23:45:30'),
(731, 1, 'home', '2021-12-03 23:45:39', '2021-12-03 23:45:39'),
(732, 1, 'home', '2021-12-03 23:45:44', '2021-12-03 23:45:44'),
(733, 1, 'home', '2021-12-03 23:45:49', '2021-12-03 23:45:49'),
(734, 1, 'home', '2021-12-03 23:45:53', '2021-12-03 23:45:53'),
(735, 1, 'home', '2021-12-03 23:45:56', '2021-12-03 23:45:56'),
(736, 1, 'home', '2021-12-03 23:46:51', '2021-12-03 23:46:51'),
(737, 1, 'home', '2021-12-03 23:47:48', '2021-12-03 23:47:48'),
(738, 1, 'home', '2021-12-03 23:47:55', '2021-12-03 23:47:55'),
(739, 1, 'home', '2021-12-03 23:48:07', '2021-12-03 23:48:07'),
(740, 1, 'home', '2021-12-03 23:48:18', '2021-12-03 23:48:18'),
(741, 1, 'home', '2021-12-03 23:49:06', '2021-12-03 23:49:06'),
(742, 1, 'home', '2021-12-03 23:49:23', '2021-12-03 23:49:23'),
(743, 1, 'home', '2021-12-03 23:49:57', '2021-12-03 23:49:57'),
(744, 1, 'home', '2021-12-03 23:50:06', '2021-12-03 23:50:06'),
(745, 1, 'home', '2021-12-03 23:50:21', '2021-12-03 23:50:21'),
(746, 1, 'home', '2021-12-03 23:50:28', '2021-12-03 23:50:28'),
(747, 1, 'home', '2021-12-03 23:50:38', '2021-12-03 23:50:38'),
(748, 1, 'home', '2021-12-03 23:50:58', '2021-12-03 23:50:58'),
(749, 1, 'home', '2021-12-03 23:51:56', '2021-12-03 23:51:56'),
(750, 1, 'home', '2021-12-03 23:52:30', '2021-12-03 23:52:30'),
(751, 1, 'home', '2021-12-03 23:53:25', '2021-12-03 23:53:25'),
(752, 1, 'home', '2021-12-03 23:53:31', '2021-12-03 23:53:31'),
(753, 1, 'home', '2021-12-03 23:55:48', '2021-12-03 23:55:48'),
(754, 1, 'home', '2021-12-03 23:56:04', '2021-12-03 23:56:04'),
(755, 1, 'home', '2021-12-03 23:56:12', '2021-12-03 23:56:12'),
(756, 1, 'home', '2021-12-03 23:56:22', '2021-12-03 23:56:22'),
(757, 1, 'home', '2021-12-03 23:58:44', '2021-12-03 23:58:44'),
(758, 1, 'home', '2021-12-03 23:58:51', '2021-12-03 23:58:51'),
(759, 1, 'home', '2021-12-03 23:59:53', '2021-12-03 23:59:53'),
(760, 1, 'home', '2021-12-04 00:00:07', '2021-12-04 00:00:07'),
(761, 1, 'home', '2021-12-04 00:00:10', '2021-12-04 00:00:10'),
(762, 1, 'home', '2021-12-04 00:01:16', '2021-12-04 00:01:16'),
(763, 1, 'home', '2021-12-04 00:01:55', '2021-12-04 00:01:55'),
(764, 1, 'home', '2021-12-04 00:02:01', '2021-12-04 00:02:01'),
(765, 1, 'home', '2021-12-04 00:02:08', '2021-12-04 00:02:08'),
(766, 1, 'home', '2021-12-04 00:03:41', '2021-12-04 00:03:41'),
(767, 1, 'home', '2021-12-04 00:06:31', '2021-12-04 00:06:31'),
(768, 1, 'home', '2021-12-04 00:07:06', '2021-12-04 00:07:06'),
(769, 1, 'home', '2021-12-04 01:12:08', '2021-12-04 01:12:08'),
(770, 1, 'home', '2021-12-04 01:12:26', '2021-12-04 01:12:26'),
(771, 1, 'home', '2021-12-04 01:12:43', '2021-12-04 01:12:43'),
(772, 1, 'home', '2021-12-04 01:12:50', '2021-12-04 01:12:50'),
(773, 1, 'home', '2021-12-04 01:13:17', '2021-12-04 01:13:17'),
(774, 1, 'app.competitor.index', '2021-12-04 01:14:03', '2021-12-04 01:14:03'),
(775, 1, 'app.competitor.index', '2021-12-04 01:17:19', '2021-12-04 01:17:19'),
(776, 1, 'app.competitor.create', '2021-12-04 01:17:21', '2021-12-04 01:17:21'),
(777, 1, 'app.competitor.store', '2021-12-04 01:20:19', '2021-12-04 01:20:19'),
(778, 1, 'app.competitor.create', '2021-12-04 01:20:20', '2021-12-04 01:20:20'),
(779, 1, 'home', '2021-12-04 01:29:55', '2021-12-04 01:29:55'),
(780, 1, 'home', '2021-12-04 01:30:40', '2021-12-04 01:30:40'),
(781, 1, 'home', '2021-12-04 01:30:56', '2021-12-04 01:30:56'),
(782, 1, 'home', '2021-12-04 01:31:10', '2021-12-04 01:31:10'),
(783, 1, 'home', '2021-12-04 01:31:20', '2021-12-04 01:31:20'),
(784, 1, 'home', '2021-12-04 01:31:27', '2021-12-04 01:31:27'),
(785, 1, 'home', '2021-12-04 01:31:53', '2021-12-04 01:31:53'),
(786, 1, 'home', '2021-12-04 01:31:59', '2021-12-04 01:31:59'),
(787, 1, 'home', '2021-12-04 01:32:09', '2021-12-04 01:32:09'),
(788, 1, 'home', '2021-12-04 01:32:31', '2021-12-04 01:32:31'),
(789, 1, 'home', '2021-12-04 01:32:35', '2021-12-04 01:32:35'),
(790, 1, 'home', '2021-12-04 01:32:44', '2021-12-04 01:32:44'),
(791, 1, 'home', '2021-12-04 01:33:10', '2021-12-04 01:33:10'),
(792, 1, 'home', '2021-12-04 01:33:47', '2021-12-04 01:33:47'),
(793, 1, 'home', '2021-12-04 01:33:59', '2021-12-04 01:33:59'),
(794, 1, 'home', '2021-12-04 01:34:03', '2021-12-04 01:34:03'),
(795, 1, 'app.competitor.index', '2021-12-04 01:34:14', '2021-12-04 01:34:14'),
(796, 1, 'app.competitor.create', '2021-12-04 01:34:16', '2021-12-04 01:34:16'),
(797, 1, 'app.competitor.store', '2021-12-04 01:34:30', '2021-12-04 01:34:30'),
(798, 1, 'app.competitor.create', '2021-12-04 01:34:31', '2021-12-04 01:34:31'),
(799, 1, 'app.competitor.create', '2021-12-04 01:34:36', '2021-12-04 01:34:36'),
(800, 1, 'app.competitor.create', '2021-12-04 01:34:38', '2021-12-04 01:34:38'),
(801, 1, 'app.competitor.create', '2021-12-04 01:34:47', '2021-12-04 01:34:47'),
(802, 1, 'home', '2021-12-04 01:34:49', '2021-12-04 01:34:49'),
(803, 1, 'home', '2021-12-04 01:34:59', '2021-12-04 01:34:59'),
(804, 1, 'home', '2021-12-04 01:35:09', '2021-12-04 01:35:09'),
(805, 1, 'home', '2021-12-04 01:35:11', '2021-12-04 01:35:11'),
(806, 1, 'home', '2021-12-04 01:35:42', '2021-12-04 01:35:42'),
(807, 1, 'home', '2021-12-04 01:35:53', '2021-12-04 01:35:53'),
(808, 1, 'home', '2021-12-04 01:35:58', '2021-12-04 01:35:58'),
(809, 1, 'home', '2021-12-04 01:36:08', '2021-12-04 01:36:08'),
(810, 1, 'home', '2021-12-04 01:39:54', '2021-12-04 01:39:54'),
(811, 1, 'home', '2021-12-04 01:40:02', '2021-12-04 01:40:02'),
(812, 1, 'home', '2021-12-04 11:43:51', '2021-12-04 11:43:51'),
(813, 1, 'home', '2021-12-04 11:45:12', '2021-12-04 11:45:12'),
(814, 1, 'home', '2021-12-04 11:52:44', '2021-12-04 11:52:44'),
(815, 1, 'home', '2021-12-04 11:52:53', '2021-12-04 11:52:53'),
(816, 1, 'home', '2021-12-04 11:54:12', '2021-12-04 11:54:12'),
(817, 1, 'home', '2021-12-04 11:55:46', '2021-12-04 11:55:46'),
(818, 1, 'home', '2021-12-04 11:56:49', '2021-12-04 11:56:49'),
(819, 1, 'home', '2021-12-04 11:56:56', '2021-12-04 11:56:56'),
(820, 1, 'home', '2021-12-04 11:57:08', '2021-12-04 11:57:08'),
(821, 1, 'home', '2021-12-04 11:57:18', '2021-12-04 11:57:18'),
(822, 1, 'home', '2021-12-04 11:57:42', '2021-12-04 11:57:42'),
(823, 1, 'home', '2021-12-04 11:58:19', '2021-12-04 11:58:19'),
(824, 1, 'home', '2021-12-04 11:59:06', '2021-12-04 11:59:06'),
(825, 1, 'home', '2021-12-04 11:59:12', '2021-12-04 11:59:12'),
(826, 1, 'home', '2021-12-04 11:59:48', '2021-12-04 11:59:48'),
(827, 1, 'home', '2021-12-04 12:00:42', '2021-12-04 12:00:42'),
(828, 1, 'home', '2021-12-04 12:01:08', '2021-12-04 12:01:08'),
(829, 1, 'home', '2021-12-04 12:01:10', '2021-12-04 12:01:10'),
(830, 1, 'home', '2021-12-04 12:01:26', '2021-12-04 12:01:26'),
(831, 1, 'home', '2021-12-04 12:02:25', '2021-12-04 12:02:25'),
(832, 1, 'home', '2021-12-04 12:04:17', '2021-12-04 12:04:17'),
(833, 1, 'home', '2021-12-04 12:05:04', '2021-12-04 12:05:04'),
(834, 1, 'home', '2021-12-04 12:11:28', '2021-12-04 12:11:28'),
(835, 1, 'account.index', '2021-12-04 12:14:32', '2021-12-04 12:14:32'),
(836, 1, 'home', '2021-12-04 12:14:33', '2021-12-04 12:14:33'),
(837, 1, 'app.competitor.index', '2021-12-04 12:14:50', '2021-12-04 12:14:50'),
(838, 1, 'home', '2021-12-04 12:15:26', '2021-12-04 12:15:26'),
(839, 1, 'app.payment.index', '2021-12-04 12:16:16', '2021-12-04 12:16:16'),
(840, 3, 'home', '2021-12-04 12:26:36', '2021-12-04 12:26:36'),
(841, 3, 'home', '2021-12-04 12:26:49', '2021-12-04 12:26:49'),
(842, 3, 'home', '2021-12-04 12:27:56', '2021-12-04 12:27:56'),
(843, 3, 'home', '2021-12-04 12:28:31', '2021-12-04 12:28:31'),
(844, 3, 'home', '2021-12-04 12:28:43', '2021-12-04 12:28:43'),
(845, 3, 'home', '2021-12-04 12:28:55', '2021-12-04 12:28:55'),
(846, 3, 'home', '2021-12-04 12:29:07', '2021-12-04 12:29:07'),
(847, 3, 'home', '2021-12-04 12:29:20', '2021-12-04 12:29:20'),
(848, 3, 'home', '2021-12-04 12:29:34', '2021-12-04 12:29:34'),
(849, 3, 'home', '2021-12-04 12:29:50', '2021-12-04 12:29:50'),
(850, 3, 'home', '2021-12-04 14:00:52', '2021-12-04 14:00:52'),
(851, 3, 'app.competitor.index', '2021-12-04 14:00:52', '2021-12-04 14:00:52'),
(852, 3, 'home', '2021-12-04 14:01:11', '2021-12-04 14:01:11'),
(853, 3, 'home', '2021-12-04 14:01:24', '2021-12-04 14:01:24'),
(854, 3, 'home', '2021-12-04 14:02:06', '2021-12-04 14:02:06'),
(855, 3, 'home', '2021-12-04 14:02:43', '2021-12-04 14:02:43'),
(856, 3, 'home', '2021-12-04 14:02:56', '2021-12-04 14:02:56'),
(857, 3, 'home', '2021-12-04 14:03:03', '2021-12-04 14:03:03'),
(858, 3, 'home', '2021-12-04 14:03:06', '2021-12-04 14:03:06'),
(859, 3, 'home', '2021-12-04 14:03:28', '2021-12-04 14:03:28'),
(860, 3, 'app.competitor.index', '2021-12-04 14:04:30', '2021-12-04 14:04:30'),
(861, 3, 'app.competitor.index', '2021-12-04 14:04:39', '2021-12-04 14:04:39'),
(862, 3, 'app.competitor.index', '2021-12-04 14:04:46', '2021-12-04 14:04:46'),
(863, 3, 'home', '2021-12-04 14:05:08', '2021-12-04 14:05:08'),
(864, 3, 'app.competitor.index', '2021-12-04 14:05:10', '2021-12-04 14:05:10'),
(865, 3, 'home', '2021-12-04 14:05:14', '2021-12-04 14:05:14'),
(866, 3, 'home', '2021-12-04 14:09:08', '2021-12-04 14:09:08'),
(867, 3, 'home', '2021-12-04 14:10:23', '2021-12-04 14:10:23'),
(868, 3, 'home', '2021-12-04 14:11:12', '2021-12-04 14:11:12'),
(869, 3, 'home', '2021-12-04 14:12:01', '2021-12-04 14:12:01'),
(870, 3, 'home', '2021-12-04 14:12:11', '2021-12-04 14:12:11'),
(871, 3, 'home', '2021-12-04 14:22:11', '2021-12-04 14:22:11'),
(872, 3, 'home', '2021-12-04 14:22:23', '2021-12-04 14:22:23'),
(873, 3, 'home', '2021-12-04 14:22:54', '2021-12-04 14:22:54'),
(874, 3, 'home', '2021-12-04 14:23:06', '2021-12-04 14:23:06'),
(875, 3, 'home', '2021-12-04 14:23:29', '2021-12-04 14:23:29'),
(876, 3, 'home', '2021-12-04 14:23:34', '2021-12-04 14:23:34'),
(877, 3, 'app.competitor.index', '2021-12-04 14:23:37', '2021-12-04 14:23:37'),
(878, 3, 'app.competitor.index', '2021-12-04 14:24:03', '2021-12-04 14:24:03'),
(879, 3, 'app.competitor.create', '2021-12-04 14:24:05', '2021-12-04 14:24:05'),
(880, 3, 'app.competitor.store', '2021-12-04 14:24:19', '2021-12-04 14:24:19'),
(881, 3, 'app.competitor.create', '2021-12-04 14:24:20', '2021-12-04 14:24:20'),
(882, 3, 'app.competitor.create', '2021-12-04 14:24:29', '2021-12-04 14:24:29'),
(883, 3, 'app.competitor.create', '2021-12-04 14:24:32', '2021-12-04 14:24:32'),
(884, 3, 'app.competitor.create', '2021-12-04 14:27:26', '2021-12-04 14:27:26'),
(885, 3, 'app.competitor.create', '2021-12-04 14:27:37', '2021-12-04 14:27:37'),
(886, 3, 'home', '2021-12-04 14:27:40', '2021-12-04 14:27:40'),
(887, 3, 'home', '2021-12-04 14:27:43', '2021-12-04 14:27:43'),
(888, 3, 'home', '2021-12-04 14:28:31', '2021-12-04 14:28:31'),
(889, 3, 'home', '2021-12-04 14:28:38', '2021-12-04 14:28:38'),
(890, 3, 'home', '2021-12-04 14:30:32', '2021-12-04 14:30:32'),
(891, 3, 'home', '2021-12-04 14:31:19', '2021-12-04 14:31:19'),
(892, 3, 'home', '2021-12-04 14:31:31', '2021-12-04 14:31:31'),
(893, 3, 'home', '2021-12-04 14:32:46', '2021-12-04 14:32:46'),
(894, 3, 'home', '2021-12-04 14:32:50', '2021-12-04 14:32:50'),
(895, 3, 'home', '2021-12-04 14:32:58', '2021-12-04 14:32:58'),
(896, 3, 'home', '2021-12-04 14:34:11', '2021-12-04 14:34:11'),
(897, 3, 'home', '2021-12-04 14:34:26', '2021-12-04 14:34:26'),
(898, 3, 'home', '2021-12-04 14:34:29', '2021-12-04 14:34:29'),
(899, 3, 'home', '2021-12-04 14:34:31', '2021-12-04 14:34:31'),
(900, 3, 'home', '2021-12-04 14:35:34', '2021-12-04 14:35:34'),
(901, 3, 'home', '2021-12-04 14:36:04', '2021-12-04 14:36:04'),
(902, 3, 'home', '2021-12-04 14:36:39', '2021-12-04 14:36:39'),
(903, 3, 'home', '2021-12-04 14:37:19', '2021-12-04 14:37:19'),
(904, 3, 'home', '2021-12-04 14:37:31', '2021-12-04 14:37:31'),
(905, 3, 'home', '2021-12-04 14:37:36', '2021-12-04 14:37:36'),
(906, 1, 'home', '2021-12-04 14:38:06', '2021-12-04 14:38:06'),
(907, 1, 'home', '2021-12-04 14:39:53', '2021-12-04 14:39:53'),
(908, 1, 'app.competitor.index', '2021-12-04 14:39:55', '2021-12-04 14:39:55'),
(909, 1, 'app.competitor.create', '2021-12-04 14:39:57', '2021-12-04 14:39:57'),
(910, 1, 'app.competitor.store', '2021-12-04 14:40:19', '2021-12-04 14:40:19'),
(911, 1, 'app.competitor.create', '2021-12-04 14:40:20', '2021-12-04 14:40:20'),
(912, 1, 'app.competitor.create', '2021-12-04 14:40:30', '2021-12-04 14:40:30'),
(913, 1, 'app.competitor.index', '2021-12-04 14:40:38', '2021-12-04 14:40:38'),
(914, 1, 'app.competitor.index', '2021-12-04 14:40:40', '2021-12-04 14:40:40'),
(915, 1, 'app.competitor.create', '2021-12-04 14:40:51', '2021-12-04 14:40:51'),
(916, 1, 'home', '2021-12-04 14:41:56', '2021-12-04 14:41:56'),
(917, 1, 'app.competitor.index', '2021-12-04 14:41:58', '2021-12-04 14:41:58'),
(918, 1, 'app.competitor.create', '2021-12-04 14:42:00', '2021-12-04 14:42:00'),
(919, 1, 'app.competitor.store', '2021-12-04 14:42:11', '2021-12-04 14:42:11'),
(920, 1, 'app.competitor.create', '2021-12-04 14:42:12', '2021-12-04 14:42:12'),
(921, 1, 'home', '2021-12-04 14:43:25', '2021-12-04 14:43:25'),
(922, 1, 'home', '2021-12-04 14:44:53', '2021-12-04 14:44:53'),
(923, 1, 'home', '2021-12-04 14:44:54', '2021-12-04 14:44:54'),
(924, 1, 'home', '2021-12-04 14:45:14', '2021-12-04 14:45:14'),
(925, 1, 'home', '2021-12-04 14:45:40', '2021-12-04 14:45:40'),
(926, 1, 'home', '2021-12-04 14:45:55', '2021-12-04 14:45:55'),
(927, 1, 'home', '2021-12-04 14:45:59', '2021-12-04 14:45:59'),
(928, 1, 'home', '2021-12-04 14:46:01', '2021-12-04 14:46:01'),
(929, 1, 'home', '2021-12-04 14:46:41', '2021-12-04 14:46:41'),
(930, 1, 'home', '2021-12-04 14:48:08', '2021-12-04 14:48:08'),
(931, 1, 'home', '2021-12-04 14:48:20', '2021-12-04 14:48:20'),
(932, 1, 'app.payment.index', '2021-12-04 14:48:42', '2021-12-04 14:48:42'),
(933, 1, 'app.payment.create', '2021-12-04 14:48:47', '2021-12-04 14:48:47'),
(934, 1, 'home', '2021-12-04 14:48:50', '2021-12-04 14:48:50'),
(935, 1, 'app.competitor.index', '2021-12-04 14:48:52', '2021-12-04 14:48:52'),
(936, 1, 'app.competitor.create', '2021-12-04 14:48:53', '2021-12-04 14:48:53'),
(937, 1, 'app.competitor.store', '2021-12-04 14:49:18', '2021-12-04 14:49:18'),
(938, 1, 'app.competitor.create', '2021-12-04 14:49:19', '2021-12-04 14:49:19'),
(939, 1, 'app.competitor.store', '2021-12-04 14:50:03', '2021-12-04 14:50:03'),
(940, 1, 'app.competitor.create', '2021-12-04 14:50:04', '2021-12-04 14:50:04'),
(941, 1, 'home', '2021-12-04 14:50:07', '2021-12-04 14:50:07'),
(942, 1, 'home', '2021-12-04 14:50:46', '2021-12-04 14:50:46'),
(943, 1, 'home', '2021-12-04 14:50:49', '2021-12-04 14:50:49'),
(944, 1, 'home', '2021-12-04 14:51:44', '2021-12-04 14:51:44'),
(945, 1, 'home', '2021-12-04 14:53:18', '2021-12-04 14:53:18'),
(946, 1, 'home', '2021-12-04 14:59:40', '2021-12-04 14:59:40'),
(947, 1, 'home', '2021-12-04 14:59:44', '2021-12-04 14:59:44'),
(948, 1, 'home', '2021-12-04 15:00:15', '2021-12-04 15:00:15'),
(949, 1, 'home', '2021-12-04 15:00:44', '2021-12-04 15:00:44'),
(950, 1, 'home', '2021-12-04 15:01:15', '2021-12-04 15:01:15'),
(951, 1, 'home', '2021-12-04 15:01:18', '2021-12-04 15:01:18'),
(952, 1, 'app.competitor.index', '2021-12-04 15:01:19', '2021-12-04 15:01:19'),
(953, 1, 'app.competitor.create', '2021-12-04 15:01:21', '2021-12-04 15:01:21'),
(954, 1, 'app.competitor.store', '2021-12-04 15:01:35', '2021-12-04 15:01:35'),
(955, 1, 'app.competitor.create', '2021-12-04 15:01:36', '2021-12-04 15:01:36'),
(956, 1, 'home', '2021-12-04 15:03:55', '2021-12-04 15:03:55'),
(957, 1, 'home', '2021-12-04 15:04:16', '2021-12-04 15:04:16'),
(958, 1, 'home', '2021-12-04 15:04:18', '2021-12-04 15:04:18'),
(959, 1, 'home', '2021-12-04 15:04:26', '2021-12-04 15:04:26'),
(960, 1, 'home', '2021-12-04 15:04:28', '2021-12-04 15:04:28'),
(961, 1, 'home', '2021-12-04 15:05:06', '2021-12-04 15:05:06'),
(962, 1, 'home', '2021-12-04 15:05:14', '2021-12-04 15:05:14'),
(963, 1, 'home', '2021-12-04 15:06:03', '2021-12-04 15:06:03'),
(964, 1, 'home', '2021-12-04 15:06:40', '2021-12-04 15:06:40'),
(965, 1, 'app.competitor.index', '2021-12-04 15:06:42', '2021-12-04 15:06:42'),
(966, 1, 'app.competitor.create', '2021-12-04 15:06:43', '2021-12-04 15:06:43'),
(967, 1, 'app.competitor.store', '2021-12-04 15:06:57', '2021-12-04 15:06:57'),
(968, 1, 'app.competitor.create', '2021-12-04 15:06:58', '2021-12-04 15:06:58'),
(969, 1, 'app.competitor.index', '2021-12-04 15:07:01', '2021-12-04 15:07:01'),
(970, 1, 'home', '2021-12-04 15:07:03', '2021-12-04 15:07:03'),
(971, 1, 'app.competitor.index', '2021-12-04 15:07:03', '2021-12-04 15:07:03'),
(972, 1, 'app.competitor.index', '2021-12-04 15:07:06', '2021-12-04 15:07:06'),
(973, 1, 'home', '2021-12-04 15:07:15', '2021-12-04 15:07:15'),
(974, 1, 'app.competitor.index', '2021-12-04 15:08:56', '2021-12-04 15:08:56'),
(975, 1, 'app.competitor.create', '2021-12-04 15:08:57', '2021-12-04 15:08:57'),
(976, 1, 'app.competitor.index', '2021-12-04 15:09:00', '2021-12-04 15:09:00'),
(977, 1, 'app.competitor.edit', '2021-12-04 15:09:10', '2021-12-04 15:09:10'),
(978, 1, 'home', '2021-12-04 15:09:20', '2021-12-04 15:09:20'),
(979, 1, 'home', '2021-12-04 15:09:33', '2021-12-04 15:09:33'),
(980, 1, 'app.competitor.index', '2021-12-04 15:09:34', '2021-12-04 15:09:34'),
(981, 1, 'app.upload.index', '2021-12-04 15:09:56', '2021-12-04 15:09:56'),
(982, 1, 'app.payment.index', '2021-12-04 15:09:57', '2021-12-04 15:09:57'),
(983, 1, 'app.upload.index', '2021-12-04 15:09:59', '2021-12-04 15:09:59'),
(984, 1, 'app.payment.index', '2021-12-04 15:10:01', '2021-12-04 15:10:01'),
(985, 1, 'app.competitor.index', '2021-12-04 15:10:04', '2021-12-04 15:10:04'),
(986, 1, 'app.competitor.create', '2021-12-04 15:10:14', '2021-12-04 15:10:14'),
(987, 1, 'home', '2021-12-04 15:10:18', '2021-12-04 15:10:18'),
(988, 1, 'app.competitor.index', '2021-12-04 15:10:30', '2021-12-04 15:10:30'),
(989, 1, 'app.competitor.create', '2021-12-04 15:10:31', '2021-12-04 15:10:31'),
(990, 1, 'app.competitor.index', '2021-12-04 15:10:53', '2021-12-04 15:10:53'),
(991, 1, 'app.competitor.create', '2021-12-04 15:10:54', '2021-12-04 15:10:54'),
(992, 1, 'app.competitor.store', '2021-12-04 15:11:06', '2021-12-04 15:11:06'),
(993, 1, 'app.competitor.create', '2021-12-04 15:11:07', '2021-12-04 15:11:07'),
(994, 1, 'app.competitor.index', '2021-12-04 15:11:09', '2021-12-04 15:11:09'),
(995, 1, 'app.competitor.edit', '2021-12-04 15:11:12', '2021-12-04 15:11:12'),
(996, 1, 'app.competitor.create', '2021-12-04 15:11:45', '2021-12-04 15:11:45'),
(997, 1, 'app.competitor.index', '2021-12-04 15:28:23', '2021-12-04 15:28:23'),
(998, 1, 'app.competitor.create', '2021-12-04 15:28:40', '2021-12-04 15:28:40'),
(999, 1, 'app.competitor.create', '2021-12-04 15:29:44', '2021-12-04 15:29:44'),
(1000, 1, 'home', '2021-12-04 15:32:18', '2021-12-04 15:32:18'),
(1001, 1, 'home', '2021-12-04 15:32:46', '2021-12-04 15:32:46'),
(1002, 1, 'home', '2021-12-04 15:35:33', '2021-12-04 15:35:33'),
(1003, 1, 'home', '2021-12-04 15:35:53', '2021-12-04 15:35:53'),
(1004, 1, 'home', '2021-12-04 15:36:22', '2021-12-04 15:36:22'),
(1005, 1, 'home', '2021-12-04 15:36:44', '2021-12-04 15:36:44'),
(1006, 1, 'home', '2021-12-04 15:37:19', '2021-12-04 15:37:19'),
(1007, 1, 'home', '2021-12-04 15:37:34', '2021-12-04 15:37:34'),
(1008, 1, 'home', '2021-12-04 15:37:44', '2021-12-04 15:37:44'),
(1009, 1, 'home', '2021-12-04 15:39:32', '2021-12-04 15:39:32'),
(1010, 1, 'home', '2021-12-04 15:40:28', '2021-12-04 15:40:28'),
(1011, 1, 'home', '2021-12-04 15:40:46', '2021-12-04 15:40:46'),
(1012, 1, 'home', '2021-12-04 15:41:02', '2021-12-04 15:41:02'),
(1013, 1, 'home', '2021-12-04 15:41:12', '2021-12-04 15:41:12'),
(1014, 1, 'home', '2021-12-04 15:41:27', '2021-12-04 15:41:27'),
(1015, 1, 'home', '2021-12-04 15:41:50', '2021-12-04 15:41:50'),
(1016, 1, 'home', '2021-12-04 15:42:03', '2021-12-04 15:42:03'),
(1017, 1, 'home', '2021-12-04 15:42:12', '2021-12-04 15:42:12'),
(1018, 1, 'home', '2021-12-04 15:42:25', '2021-12-04 15:42:25'),
(1019, 1, 'home', '2021-12-04 15:42:39', '2021-12-04 15:42:39'),
(1020, 1, 'home', '2021-12-04 15:42:49', '2021-12-04 15:42:49'),
(1021, 1, 'home', '2021-12-04 15:42:53', '2021-12-04 15:42:53'),
(1022, 1, 'home', '2021-12-04 15:43:12', '2021-12-04 15:43:12'),
(1023, 1, 'home', '2021-12-04 15:43:13', '2021-12-04 15:43:13'),
(1024, 1, 'home', '2021-12-04 15:43:32', '2021-12-04 15:43:32'),
(1025, 1, 'home', '2021-12-04 15:49:43', '2021-12-04 15:49:43'),
(1026, 1, 'home', '2021-12-04 15:50:40', '2021-12-04 15:50:40'),
(1027, 1, 'home', '2021-12-04 15:51:03', '2021-12-04 15:51:03'),
(1028, 1, 'home', '2021-12-04 15:51:55', '2021-12-04 15:51:55'),
(1029, 1, 'home', '2021-12-04 15:52:16', '2021-12-04 15:52:16'),
(1030, 1, 'home', '2021-12-04 15:52:21', '2021-12-04 15:52:21'),
(1031, 1, 'home', '2021-12-04 15:52:33', '2021-12-04 15:52:33'),
(1032, 1, 'app.competitor.create', '2021-12-04 15:52:37', '2021-12-04 15:52:37'),
(1033, 1, 'app.competitor.create', '2021-12-04 15:52:44', '2021-12-04 15:52:44'),
(1034, 1, 'home', '2021-12-04 15:52:46', '2021-12-04 15:52:46'),
(1035, 1, 'home', '2021-12-04 15:52:52', '2021-12-04 15:52:52'),
(1036, 1, 'home', '2021-12-04 15:53:05', '2021-12-04 15:53:05'),
(1037, 1, 'home', '2021-12-04 15:53:29', '2021-12-04 15:53:29'),
(1038, 1, 'home', '2021-12-04 15:53:59', '2021-12-04 15:53:59'),
(1039, 1, 'home', '2021-12-04 15:54:05', '2021-12-04 15:54:05'),
(1040, 1, 'home', '2021-12-04 15:54:48', '2021-12-04 15:54:48'),
(1041, 1, 'home', '2021-12-04 16:02:41', '2021-12-04 16:02:41'),
(1042, 1, 'home', '2021-12-04 16:03:10', '2021-12-04 16:03:10'),
(1043, 1, 'home', '2021-12-04 16:03:17', '2021-12-04 16:03:17'),
(1044, 1, 'home', '2021-12-04 16:03:35', '2021-12-04 16:03:35'),
(1045, 1, 'home', '2021-12-04 16:05:12', '2021-12-04 16:05:12'),
(1046, 1, 'home', '2021-12-04 16:05:21', '2021-12-04 16:05:21'),
(1047, 1, 'home', '2021-12-04 16:05:39', '2021-12-04 16:05:39'),
(1048, 1, 'home', '2021-12-04 16:06:10', '2021-12-04 16:06:10'),
(1049, 1, 'home', '2021-12-04 16:06:15', '2021-12-04 16:06:15'),
(1050, 1, 'home', '2021-12-04 16:06:17', '2021-12-04 16:06:17'),
(1051, 1, 'home', '2021-12-04 16:06:18', '2021-12-04 16:06:18'),
(1052, 1, 'home', '2021-12-04 16:06:19', '2021-12-04 16:06:19'),
(1053, 1, 'home', '2021-12-04 16:06:53', '2021-12-04 16:06:53'),
(1054, 1, 'home', '2021-12-04 16:07:51', '2021-12-04 16:07:51'),
(1055, 1, 'home', '2021-12-04 16:16:12', '2021-12-04 16:16:12'),
(1056, 1, 'home', '2021-12-04 16:17:33', '2021-12-04 16:17:33'),
(1057, 1, 'home', '2021-12-04 16:17:43', '2021-12-04 16:17:43'),
(1058, 1, 'home', '2021-12-04 16:18:06', '2021-12-04 16:18:06'),
(1059, 1, 'home', '2021-12-04 16:19:11', '2021-12-04 16:19:11'),
(1060, 1, 'home', '2021-12-04 16:19:13', '2021-12-04 16:19:13'),
(1061, 1, 'home', '2021-12-04 16:19:14', '2021-12-04 16:19:14'),
(1062, 1, 'home', '2021-12-04 16:20:18', '2021-12-04 16:20:18'),
(1063, 1, 'home', '2021-12-04 16:21:17', '2021-12-04 16:21:17'),
(1064, 1, 'home', '2021-12-04 16:21:51', '2021-12-04 16:21:51'),
(1065, 1, 'home', '2021-12-04 16:21:58', '2021-12-04 16:21:58'),
(1066, 1, 'home', '2021-12-04 16:22:17', '2021-12-04 16:22:17'),
(1067, 1, 'home', '2021-12-04 16:22:43', '2021-12-04 16:22:43'),
(1068, 1, 'home', '2021-12-04 16:23:47', '2021-12-04 16:23:47'),
(1069, 1, 'home', '2021-12-04 16:23:58', '2021-12-04 16:23:58'),
(1070, 1, 'home', '2021-12-04 16:25:10', '2021-12-04 16:25:10'),
(1071, 1, 'home', '2021-12-04 16:26:17', '2021-12-04 16:26:17'),
(1072, 1, 'home', '2021-12-04 16:29:14', '2021-12-04 16:29:14'),
(1073, 1, 'home', '2021-12-04 16:29:21', '2021-12-04 16:29:21'),
(1074, 1, 'home', '2021-12-04 16:30:12', '2021-12-04 16:30:12'),
(1075, 1, 'home', '2021-12-04 16:30:41', '2021-12-04 16:30:41'),
(1076, 1, 'home', '2021-12-04 16:30:49', '2021-12-04 16:30:49'),
(1077, 1, 'home', '2021-12-04 16:31:01', '2021-12-04 16:31:01'),
(1078, 1, 'home', '2021-12-04 16:31:07', '2021-12-04 16:31:07'),
(1079, 1, 'home', '2021-12-04 16:31:29', '2021-12-04 16:31:29'),
(1080, 1, 'home', '2021-12-04 16:31:54', '2021-12-04 16:31:54'),
(1081, 1, 'home', '2021-12-04 16:32:50', '2021-12-04 16:32:50'),
(1082, 1, 'home', '2021-12-04 16:32:59', '2021-12-04 16:32:59'),
(1083, 1, 'home', '2021-12-04 16:33:04', '2021-12-04 16:33:04'),
(1084, 1, 'home', '2021-12-04 16:33:18', '2021-12-04 16:33:18'),
(1085, 1, 'home', '2021-12-04 16:33:29', '2021-12-04 16:33:29'),
(1086, 1, 'home', '2021-12-04 16:33:33', '2021-12-04 16:33:33'),
(1087, 1, 'home', '2021-12-04 16:33:40', '2021-12-04 16:33:40'),
(1088, 1, 'home', '2021-12-04 16:33:43', '2021-12-04 16:33:43'),
(1089, 1, 'home', '2021-12-04 16:34:11', '2021-12-04 16:34:11'),
(1090, 1, 'home', '2021-12-04 16:34:19', '2021-12-04 16:34:19'),
(1091, 1, 'home', '2021-12-04 16:34:26', '2021-12-04 16:34:26'),
(1092, 1, 'home', '2021-12-04 16:34:32', '2021-12-04 16:34:32'),
(1093, 1, 'home', '2021-12-04 16:34:35', '2021-12-04 16:34:35'),
(1094, 1, 'home', '2021-12-04 16:34:42', '2021-12-04 16:34:42'),
(1095, 1, 'home', '2021-12-04 16:34:48', '2021-12-04 16:34:48'),
(1096, 1, 'home', '2021-12-04 16:35:09', '2021-12-04 16:35:09'),
(1097, 1, 'home', '2021-12-04 16:35:20', '2021-12-04 16:35:20'),
(1098, 1, 'home', '2021-12-04 16:35:41', '2021-12-04 16:35:41'),
(1099, 1, 'home', '2021-12-04 16:36:24', '2021-12-04 16:36:24'),
(1100, 1, 'home', '2021-12-04 16:37:01', '2021-12-04 16:37:01'),
(1101, 1, 'home', '2021-12-04 16:38:12', '2021-12-04 16:38:12'),
(1102, 1, 'app.competitor.index', '2021-12-04 16:38:32', '2021-12-04 16:38:32'),
(1103, 1, 'app.competitor.create', '2021-12-04 16:38:34', '2021-12-04 16:38:34'),
(1104, 1, 'app.competitor.store', '2021-12-04 16:39:19', '2021-12-04 16:39:19'),
(1105, 1, 'app.competitor.create', '2021-12-04 16:39:20', '2021-12-04 16:39:20'),
(1106, 1, 'app.competitor.create', '2021-12-04 16:39:31', '2021-12-04 16:39:31'),
(1107, 1, 'home', '2021-12-04 16:39:32', '2021-12-04 16:39:32'),
(1108, 1, 'home', '2021-12-04 16:39:33', '2021-12-04 16:39:33'),
(1109, 1, 'home', '2021-12-04 16:45:39', '2021-12-04 16:45:39'),
(1110, 1, 'home', '2021-12-04 16:46:07', '2021-12-04 16:46:07'),
(1111, 1, 'home', '2021-12-04 16:46:33', '2021-12-04 16:46:33'),
(1112, 1, 'home', '2021-12-04 16:46:47', '2021-12-04 16:46:47'),
(1113, 1, 'home', '2021-12-04 16:47:48', '2021-12-04 16:47:48'),
(1114, 1, 'home', '2021-12-04 16:52:33', '2021-12-04 16:52:33'),
(1115, 1, 'home', '2021-12-04 16:53:28', '2021-12-04 16:53:28'),
(1116, 1, 'home', '2021-12-04 16:53:35', '2021-12-04 16:53:35'),
(1117, 1, 'home', '2021-12-04 16:54:17', '2021-12-04 16:54:17'),
(1118, 1, 'home', '2021-12-04 16:54:26', '2021-12-04 16:54:26'),
(1119, 1, 'home', '2021-12-04 16:54:43', '2021-12-04 16:54:43'),
(1120, 1, 'home', '2021-12-04 16:55:25', '2021-12-04 16:55:25'),
(1121, 1, 'home', '2021-12-04 16:55:30', '2021-12-04 16:55:30'),
(1122, 1, 'home', '2021-12-04 16:55:34', '2021-12-04 16:55:34'),
(1123, 1, 'home', '2021-12-04 16:56:00', '2021-12-04 16:56:00'),
(1124, 1, 'home', '2021-12-04 16:56:14', '2021-12-04 16:56:14'),
(1125, 1, 'home', '2021-12-04 16:56:20', '2021-12-04 16:56:20'),
(1126, 1, 'home', '2021-12-04 16:56:31', '2021-12-04 16:56:31'),
(1127, 1, 'home', '2021-12-04 16:56:55', '2021-12-04 16:56:55'),
(1128, 1, 'app.competitor.index', '2021-12-04 16:56:58', '2021-12-04 16:56:58'),
(1129, 1, 'app.competitor.create', '2021-12-04 16:57:00', '2021-12-04 16:57:00'),
(1130, 1, 'app.competitor.store', '2021-12-04 16:57:20', '2021-12-04 16:57:20'),
(1131, 1, 'app.competitor.create', '2021-12-04 16:57:21', '2021-12-04 16:57:21'),
(1132, 1, 'home', '2021-12-04 16:57:30', '2021-12-04 16:57:30'),
(1133, 1, 'home', '2021-12-04 16:58:21', '2021-12-04 16:58:21'),
(1134, 1, 'app.competitor.index', '2021-12-04 16:58:22', '2021-12-04 16:58:22'),
(1135, 1, 'app.competitor.create', '2021-12-04 16:58:25', '2021-12-04 16:58:25'),
(1136, 1, 'app.competitor.create', '2021-12-04 17:02:47', '2021-12-04 17:02:47'),
(1137, 1, 'home', '2021-12-04 17:02:55', '2021-12-04 17:02:55'),
(1138, 1, 'home', '2021-12-04 17:03:05', '2021-12-04 17:03:05'),
(1139, 1, 'home', '2021-12-04 17:04:22', '2021-12-04 17:04:22'),
(1140, 1, 'home', '2021-12-04 17:04:41', '2021-12-04 17:04:41'),
(1141, 1, 'home', '2021-12-04 17:04:53', '2021-12-04 17:04:53'),
(1142, 1, 'home', '2021-12-04 17:05:23', '2021-12-04 17:05:23'),
(1143, 1, 'app.competitor.index', '2021-12-04 17:05:37', '2021-12-04 17:05:37'),
(1144, 1, 'app.competitor.create', '2021-12-04 17:05:39', '2021-12-04 17:05:39'),
(1145, 1, 'app.competitor.store', '2021-12-04 17:06:04', '2021-12-04 17:06:04'),
(1146, 1, 'app.competitor.create', '2021-12-04 17:06:05', '2021-12-04 17:06:05'),
(1147, 1, 'app.competitor.index', '2021-12-04 17:06:07', '2021-12-04 17:06:07'),
(1148, 1, 'home', '2021-12-04 17:12:04', '2021-12-04 17:12:04'),
(1149, 1, 'home', '2021-12-04 17:12:12', '2021-12-04 17:12:12'),
(1150, 1, 'home', '2021-12-04 17:12:36', '2021-12-04 17:12:36'),
(1151, 1, 'home', '2021-12-04 17:13:31', '2021-12-04 17:13:31'),
(1152, 1, 'app.competitor.index', '2021-12-04 17:13:33', '2021-12-04 17:13:33'),
(1153, 1, 'app.competitor.create', '2021-12-04 17:13:34', '2021-12-04 17:13:34'),
(1154, 1, 'app.competitor.store', '2021-12-04 17:13:49', '2021-12-04 17:13:49'),
(1155, 1, 'app.competitor.create', '2021-12-04 17:13:50', '2021-12-04 17:13:50'),
(1156, 1, 'app.competitor.index', '2021-12-04 17:13:55', '2021-12-04 17:13:55'),
(1157, 1, 'app.payment.index', '2021-12-04 17:14:07', '2021-12-04 17:14:07'),
(1158, 1, 'home', '2021-12-04 17:14:10', '2021-12-04 17:14:10'),
(1159, 1, 'home', '2021-12-04 17:16:52', '2021-12-04 17:16:52'),
(1160, 1, 'home', '2021-12-04 17:17:46', '2021-12-04 17:17:46'),
(1161, 1, 'home', '2021-12-04 17:17:48', '2021-12-04 17:17:48'),
(1162, 1, 'app.competitor.index', '2021-12-04 17:17:50', '2021-12-04 17:17:50'),
(1163, 1, 'app.competitor.create', '2021-12-04 17:17:51', '2021-12-04 17:17:51'),
(1164, 1, 'app.competitor.store', '2021-12-04 17:18:11', '2021-12-04 17:18:11'),
(1165, 1, 'app.competitor.create', '2021-12-04 17:18:12', '2021-12-04 17:18:12'),
(1166, 1, 'app.competitor.index', '2021-12-04 17:18:15', '2021-12-04 17:18:15'),
(1167, 1, 'home', '2021-12-04 17:18:17', '2021-12-04 17:18:17'),
(1168, 1, 'home', '2021-12-04 17:22:30', '2021-12-04 17:22:30'),
(1169, 1, 'app.competitor.index', '2021-12-04 17:23:04', '2021-12-04 17:23:04'),
(1170, 1, 'app.payment.index', '2021-12-04 17:23:06', '2021-12-04 17:23:06'),
(1171, 1, 'app.competitor.index', '2021-12-04 17:23:06', '2021-12-04 17:23:06'),
(1172, 1, 'home', '2021-12-04 17:23:09', '2021-12-04 17:23:09'),
(1173, 1, 'app.competitor.index', '2021-12-04 17:23:44', '2021-12-04 17:23:44'),
(1174, 1, 'app.competitor.index', '2021-12-04 17:24:33', '2021-12-04 17:24:33'),
(1175, 1, 'home', '2021-12-04 17:24:34', '2021-12-04 17:24:34'),
(1176, 1, 'app.competitor.index', '2021-12-04 17:25:02', '2021-12-04 17:25:02'),
(1177, 1, 'app.competitor.create', '2021-12-04 17:25:03', '2021-12-04 17:25:03'),
(1178, 1, 'app.competitor.store', '2021-12-04 17:25:19', '2021-12-04 17:25:19'),
(1179, 1, 'app.competitor.create', '2021-12-04 17:25:20', '2021-12-04 17:25:20'),
(1180, 1, 'app.competitor.index', '2021-12-04 17:25:27', '2021-12-04 17:25:27'),
(1181, 1, 'app.competitor.create', '2021-12-04 17:25:31', '2021-12-04 17:25:31'),
(1182, 1, 'app.competitor.index', '2021-12-04 17:26:10', '2021-12-04 17:26:10'),
(1183, 1, 'app.competitor.index', '2021-12-04 17:27:17', '2021-12-04 17:27:17'),
(1184, 1, 'app.competitor.index', '2021-12-04 17:28:32', '2021-12-04 17:28:32'),
(1185, 1, 'app.competitor.index', '2021-12-04 17:28:39', '2021-12-04 17:28:39'),
(1186, 1, 'app.competitor.index', '2021-12-04 17:28:43', '2021-12-04 17:28:43'),
(1187, 1, 'app.competitor.index', '2021-12-04 17:28:45', '2021-12-04 17:28:45'),
(1188, 1, 'app.competitor.index', '2021-12-04 17:29:10', '2021-12-04 17:29:10'),
(1189, 1, 'app.competitor.index', '2021-12-04 17:29:20', '2021-12-04 17:29:20'),
(1190, 1, 'app.competitor.index', '2021-12-04 17:29:27', '2021-12-04 17:29:27'),
(1191, 1, 'app.competitor.index', '2021-12-04 17:29:48', '2021-12-04 17:29:48'),
(1192, 1, 'app.competitor.index', '2021-12-04 17:30:00', '2021-12-04 17:30:00'),
(1193, 1, 'app.competitor.index', '2021-12-04 17:30:04', '2021-12-04 17:30:04'),
(1194, 1, 'app.competitor.index', '2021-12-04 17:30:19', '2021-12-04 17:30:19'),
(1195, 1, 'app.competitor.index', '2021-12-04 17:30:45', '2021-12-04 17:30:45'),
(1196, 1, 'home', '2021-12-04 17:31:10', '2021-12-04 17:31:10'),
(1197, 1, 'home', '2021-12-04 17:32:06', '2021-12-04 17:32:06'),
(1198, 1, 'home', '2021-12-04 17:32:12', '2021-12-04 17:32:12'),
(1199, 1, 'app.competitor.index', '2021-12-04 17:32:27', '2021-12-04 17:32:27'),
(1200, 1, 'app.competitor.index', '2021-12-04 17:32:30', '2021-12-04 17:32:30'),
(1201, 1, 'app.competitor.index', '2021-12-04 17:32:37', '2021-12-04 17:32:37'),
(1202, 1, 'app.competitor.create', '2021-12-04 17:32:38', '2021-12-04 17:32:38'),
(1203, 1, 'app.competitor.store', '2021-12-04 17:32:56', '2021-12-04 17:32:56'),
(1204, 1, 'app.competitor.create', '2021-12-04 17:32:57', '2021-12-04 17:32:57'),
(1205, 2, 'app.competitor.create', '2021-12-04 17:33:10', '2021-12-04 17:33:10'),
(1206, 2, 'admin.competition.index', '2021-12-04 17:33:16', '2021-12-04 17:33:16'),
(1207, 2, 'admin.competition.edit', '2021-12-04 17:33:19', '2021-12-04 17:33:19'),
(1208, 2, 'admin.competition.update', '2021-12-04 17:33:26', '2021-12-04 17:33:26'),
(1209, 2, 'admin.competition.edit', '2021-12-04 17:33:26', '2021-12-04 17:33:26'),
(1210, 2, 'admin.competition.index', '2021-12-04 17:33:30', '2021-12-04 17:33:30'),
(1211, 2, 'admin.competition.edit', '2021-12-04 17:33:32', '2021-12-04 17:33:32'),
(1212, 2, 'admin.competition.update', '2021-12-04 17:33:37', '2021-12-04 17:33:37'),
(1213, 2, 'admin.competition.edit', '2021-12-04 17:33:37', '2021-12-04 17:33:37'),
(1214, 2, 'admin.competition.index', '2021-12-04 17:33:39', '2021-12-04 17:33:39'),
(1215, 2, 'message.show', '2021-12-04 17:33:53', '2021-12-04 17:33:53'),
(1216, 2, 'admin.index', '2021-12-04 17:33:56', '2021-12-04 17:33:56'),
(1217, 1, 'app.competitor.index', '2021-12-04 17:34:09', '2021-12-04 17:34:09'),
(1218, 1, 'home', '2021-12-04 17:37:23', '2021-12-04 17:37:23'),
(1219, 1, 'home', '2021-12-04 17:39:15', '2021-12-04 17:39:15'),
(1220, 1, 'app.competitor.index', '2021-12-04 17:39:45', '2021-12-04 17:39:45'),
(1221, 1, 'app.competitor.index', '2021-12-04 17:40:55', '2021-12-04 17:40:55'),
(1222, 1, 'app.competitor.create', '2021-12-04 17:41:27', '2021-12-04 17:41:27'),
(1223, 1, 'app.competitor.index', '2021-12-04 17:41:34', '2021-12-04 17:41:34'),
(1224, 1, 'app.payment.index', '2021-12-04 17:42:10', '2021-12-04 17:42:10'),
(1225, 1, 'app.upload.index', '2021-12-04 17:42:29', '2021-12-04 17:42:29'),
(1226, 1, 'app.upload.index', '2021-12-04 17:42:44', '2021-12-04 17:42:44'),
(1227, 1, 'home', '2021-12-04 17:42:48', '2021-12-04 17:42:48'),
(1228, 1, 'app.competitor.index', '2021-12-04 17:42:50', '2021-12-04 17:42:50'),
(1229, 1, 'app.competitor.index', '2021-12-04 17:43:41', '2021-12-04 17:43:41'),
(1230, 1, 'app.competitor.index', '2021-12-04 17:44:06', '2021-12-04 17:44:06'),
(1231, 1, 'home', '2021-12-04 17:44:09', '2021-12-04 17:44:09'),
(1232, 1, 'app.competitor.index', '2021-12-04 17:44:10', '2021-12-04 17:44:10'),
(1233, 1, 'app.competitor.index', '2021-12-04 17:44:11', '2021-12-04 17:44:11'),
(1234, 1, 'app.payment.index', '2021-12-04 17:44:13', '2021-12-04 17:44:13'),
(1235, 1, 'app.upload.index', '2021-12-04 17:44:15', '2021-12-04 17:44:15'),
(1236, 1, 'home', '2021-12-04 17:44:19', '2021-12-04 17:44:19'),
(1237, 1, 'app.competitor.index', '2021-12-04 17:44:20', '2021-12-04 17:44:20'),
(1238, 1, 'app.competitor.create', '2021-12-04 17:44:23', '2021-12-04 17:44:23'),
(1239, 1, 'app.competitor.store', '2021-12-04 17:44:45', '2021-12-04 17:44:45'),
(1240, 1, 'app.competitor.create', '2021-12-04 17:44:46', '2021-12-04 17:44:46'),
(1241, 1, 'app.payment.index', '2021-12-04 17:44:48', '2021-12-04 17:44:48'),
(1242, 1, 'app.payment.index', '2021-12-04 17:44:50', '2021-12-04 17:44:50'),
(1243, 1, 'app.payment.index', '2021-12-04 17:44:51', '2021-12-04 17:44:51'),
(1244, 1, 'app.competitor.index', '2021-12-04 17:44:54', '2021-12-04 17:44:54'),
(1245, 1, 'app.competitor.index', '2021-12-04 17:44:55', '2021-12-04 17:44:55'),
(1246, 1, 'app.competitor.index', '2021-12-04 17:47:09', '2021-12-04 17:47:09'),
(1247, 1, 'app.competitor.index', '2021-12-04 17:47:15', '2021-12-04 17:47:15'),
(1248, 1, 'app.competitor.index', '2021-12-04 17:47:16', '2021-12-04 17:47:16'),
(1249, 1, 'app.competitor.index', '2021-12-04 17:48:03', '2021-12-04 17:48:03'),
(1250, 1, 'app.competitor.index', '2021-12-04 17:48:11', '2021-12-04 17:48:11'),
(1251, 1, 'app.competitor.index', '2021-12-04 17:48:32', '2021-12-04 17:48:32'),
(1252, 1, 'app.competitor.index', '2021-12-04 17:50:01', '2021-12-04 17:50:01'),
(1253, 1, 'app.competitor.index', '2021-12-04 17:50:05', '2021-12-04 17:50:05'),
(1254, 1, 'home', '2021-12-04 17:50:10', '2021-12-04 17:50:10'),
(1255, 1, 'home', '2021-12-04 18:16:37', '2021-12-04 18:16:37'),
(1256, 1, 'app.competitor.index', '2021-12-04 18:16:40', '2021-12-04 18:16:40'),
(1257, 1, 'app.competitor.create', '2021-12-04 18:16:41', '2021-12-04 18:16:41'),
(1258, 1, 'app.competitor.store', '2021-12-04 18:16:54', '2021-12-04 18:16:54'),
(1259, 1, 'app.competitor.create', '2021-12-04 18:16:55', '2021-12-04 18:16:55'),
(1260, 1, 'app.competitor.index', '2021-12-04 18:16:57', '2021-12-04 18:16:57'),
(1261, 2, 'home', '2021-12-05 13:21:48', '2021-12-05 13:21:48'),
(1262, 2, 'admin.index', '2021-12-05 13:21:59', '2021-12-05 13:21:59'),
(1263, 2, 'home', '2021-12-05 13:22:09', '2021-12-05 13:22:09'),
(1264, 2, 'home', '2021-12-05 13:22:28', '2021-12-05 13:22:28'),
(1265, 2, 'home', '2021-12-05 13:22:30', '2021-12-05 13:22:30'),
(1266, 1, 'home', '2021-12-05 13:22:52', '2021-12-05 13:22:52'),
(1267, 1, 'app.competitor.index', '2021-12-05 13:23:02', '2021-12-05 13:23:02'),
(1268, 1, 'app.competitor.index', '2021-12-05 13:24:16', '2021-12-05 13:24:16'),
(1269, 1, 'app.competitor.index', '2021-12-05 13:28:19', '2021-12-05 13:28:19'),
(1270, 1, 'app.competitor.destroy', '2021-12-05 13:28:31', '2021-12-05 13:28:31'),
(1271, 1, 'app.competitor.index', '2021-12-05 13:28:31', '2021-12-05 13:28:31'),
(1272, 1, 'app.competitor.create', '2021-12-05 13:28:36', '2021-12-05 13:28:36'),
(1273, 1, 'app.competitor.create', '2021-12-05 13:29:36', '2021-12-05 13:29:36'),
(1274, 1, 'app.competitor.store', '2021-12-05 13:29:48', '2021-12-05 13:29:48'),
(1275, 1, 'app.competitor.create', '2021-12-05 13:29:50', '2021-12-05 13:29:50'),
(1276, 1, 'app.competitor.index', '2021-12-05 13:29:52', '2021-12-05 13:29:52'),
(1277, 1, 'app.competitor.destroy', '2021-12-05 13:29:56', '2021-12-05 13:29:56'),
(1278, 1, 'app.competitor.index', '2021-12-05 13:29:57', '2021-12-05 13:29:57'),
(1279, 1, 'app.competitor.index', '2021-12-05 13:31:51', '2021-12-05 13:31:51'),
(1280, 1, 'app.competitor.create', '2021-12-05 13:31:53', '2021-12-05 13:31:53'),
(1281, 1, 'app.competitor.store', '2021-12-05 13:32:05', '2021-12-05 13:32:05'),
(1282, 1, 'app.competitor.create', '2021-12-05 13:32:06', '2021-12-05 13:32:06'),
(1283, 1, 'app.competitor.index', '2021-12-05 14:07:27', '2021-12-05 14:07:27'),
(1284, 1, 'app.competitor.index', '2021-12-05 14:07:33', '2021-12-05 14:07:33'),
(1285, 1, 'app.competitor.destroy', '2021-12-05 14:07:36', '2021-12-05 14:07:36'),
(1286, 1, 'app.competitor.index', '2021-12-05 14:07:37', '2021-12-05 14:07:37'),
(1287, 1, 'app.competitor.index', '2021-12-05 14:08:14', '2021-12-05 14:08:14'),
(1288, 1, 'app.competitor.create', '2021-12-05 14:08:16', '2021-12-05 14:08:16'),
(1289, 1, 'app.competitor.create', '2021-12-05 14:08:53', '2021-12-05 14:08:53'),
(1290, 1, 'app.competitor.store', '2021-12-05 14:09:05', '2021-12-05 14:09:05'),
(1291, 1, 'app.competitor.create', '2021-12-05 14:09:06', '2021-12-05 14:09:06'),
(1292, 1, 'app.competitor.index', '2021-12-05 14:09:15', '2021-12-05 14:09:15'),
(1293, 2, 'home', '2021-12-05 14:14:35', '2021-12-05 14:14:35'),
(1294, 2, 'admin.competition.index', '2021-12-05 14:14:51', '2021-12-05 14:14:51'),
(1295, 2, 'admin.index', '2021-12-05 14:14:53', '2021-12-05 14:14:53'),
(1296, 2, 'admin.payment.index', '2021-12-05 14:14:55', '2021-12-05 14:14:55'),
(1297, 1, 'app.payment.index', '2021-12-05 14:14:58', '2021-12-05 14:14:58'),
(1298, 1, 'app.payment.create', '2021-12-05 14:15:00', '2021-12-05 14:15:00'),
(1299, 1, 'app.payment.store', '2021-12-05 14:15:15', '2021-12-05 14:15:15'),
(1300, 1, 'app.payment.index', '2021-12-05 14:15:16', '2021-12-05 14:15:16'),
(1301, 2, 'admin.payment.index', '2021-12-05 14:15:19', '2021-12-05 14:15:19'),
(1302, 2, 'admin.payment.edit', '2021-12-05 14:15:21', '2021-12-05 14:15:21'),
(1303, 2, 'admin.payment.edit', '2021-12-05 14:15:35', '2021-12-05 14:15:35'),
(1304, 2, 'admin.payment.edit', '2021-12-05 14:33:38', '2021-12-05 14:33:38'),
(1305, 2, 'admin.payment.edit', '2021-12-05 14:33:43', '2021-12-05 14:33:43'),
(1306, 2, 'admin.payment.edit', '2021-12-05 14:35:24', '2021-12-05 14:35:24'),
(1307, 2, 'admin.payment.edit', '2021-12-05 14:37:48', '2021-12-05 14:37:48'),
(1308, 2, 'admin.payment.receive', '2021-12-05 14:38:01', '2021-12-05 14:38:01'),
(1309, 2, 'admin.payment.edit', '2021-12-05 14:38:02', '2021-12-05 14:38:02'),
(1310, 2, 'admin.competitor.index', '2021-12-05 14:40:03', '2021-12-05 14:40:03'),
(1311, 2, 'admin.competitor.index', '2021-12-05 14:40:06', '2021-12-05 14:40:06'),
(1312, 2, 'admin.competitor.index', '2021-12-05 14:40:10', '2021-12-05 14:40:10'),
(1313, 2, 'admin.competitor.edit', '2021-12-05 14:41:03', '2021-12-05 14:41:03'),
(1314, 2, 'admin.competitor.index', '2021-12-05 14:41:07', '2021-12-05 14:41:07'),
(1315, 2, 'admin.competitor.edit', '2021-12-05 14:41:13', '2021-12-05 14:41:13'),
(1316, 2, 'admin.competitor.index', '2021-12-05 14:41:20', '2021-12-05 14:41:20'),
(1317, 2, 'admin.competitor.edit', '2021-12-05 14:41:27', '2021-12-05 14:41:27'),
(1318, 2, 'admin.competitor.edit', '2021-12-05 14:41:33', '2021-12-05 14:41:33'),
(1319, 2, 'admin.tiket', '2021-12-05 14:41:39', '2021-12-05 14:41:39'),
(1320, 1, 'app.payment.index', '2021-12-05 14:42:25', '2021-12-05 14:42:25'),
(1321, 1, 'app.competitor.index', '2021-12-05 14:42:27', '2021-12-05 14:42:27'),
(1322, 1, 'app.competitor.create', '2021-12-05 14:42:28', '2021-12-05 14:42:28'),
(1323, 1, 'app.competitor.store', '2021-12-05 14:42:42', '2021-12-05 14:42:42'),
(1324, 1, 'app.competitor.create', '2021-12-05 14:42:43', '2021-12-05 14:42:43'),
(1325, 2, 'admin.competitor.index', '2021-12-05 14:42:47', '2021-12-05 14:42:47'),
(1326, 2, 'admin.payment.index', '2021-12-05 14:42:51', '2021-12-05 14:42:51'),
(1327, 2, 'admin.payment.index', '2021-12-05 14:42:53', '2021-12-05 14:42:53'),
(1328, 1, 'app.payment.index', '2021-12-05 14:42:58', '2021-12-05 14:42:58'),
(1329, 1, 'app.payment.create', '2021-12-05 14:43:01', '2021-12-05 14:43:01'),
(1330, 1, 'app.competitor.index', '2021-12-05 14:43:03', '2021-12-05 14:43:03'),
(1331, 1, 'app.competitor.index', '2021-12-05 14:43:05', '2021-12-05 14:43:05'),
(1332, 2, 'admin.payment.index', '2021-12-05 14:43:16', '2021-12-05 14:43:16'),
(1333, 2, 'admin.payment.index', '2021-12-05 14:57:39', '2021-12-05 14:57:39'),
(1334, 1, 'app.payment.index', '2021-12-05 14:57:44', '2021-12-05 14:57:44'),
(1335, 1, 'app.payment.create', '2021-12-05 14:57:45', '2021-12-05 14:57:45'),
(1336, 1, 'app.payment.store', '2021-12-05 14:57:55', '2021-12-05 14:57:55'),
(1337, 1, 'app.payment.index', '2021-12-05 14:57:56', '2021-12-05 14:57:56'),
(1338, 2, 'admin.payment.index', '2021-12-05 14:58:04', '2021-12-05 14:58:04'),
(1339, 2, 'admin.payment.edit', '2021-12-05 14:58:06', '2021-12-05 14:58:06'),
(1340, 2, 'admin.payment.receive', '2021-12-05 14:58:37', '2021-12-05 14:58:37'),
(1341, 2, 'admin.payment.edit', '2021-12-05 14:58:38', '2021-12-05 14:58:38'),
(1342, 2, 'admin.payment.edit', '2021-12-05 15:11:49', '2021-12-05 15:11:49'),
(1343, 2, 'admin.payment.index', '2021-12-05 15:11:52', '2021-12-05 15:11:52'),
(1344, 1, 'app.payment.index', '2021-12-05 15:15:07', '2021-12-05 15:15:07'),
(1345, 1, 'app.competitor.index', '2021-12-05 15:15:08', '2021-12-05 15:15:08'),
(1346, 1, 'app.competitor.create', '2021-12-05 15:15:09', '2021-12-05 15:15:09'),
(1347, 1, 'app.competitor.store', '2021-12-05 15:15:22', '2021-12-05 15:15:22'),
(1348, 1, 'app.competitor.create', '2021-12-05 15:15:22', '2021-12-05 15:15:22'),
(1349, 1, 'app.competitor.create', '2021-12-05 15:21:01', '2021-12-05 15:21:01'),
(1350, 1, 'app.competitor.store', '2021-12-05 15:21:18', '2021-12-05 15:21:18'),
(1351, 1, 'app.competitor.create', '2021-12-05 15:21:19', '2021-12-05 15:21:19'),
(1352, 1, 'app.payment.index', '2021-12-05 15:21:24', '2021-12-05 15:21:24'),
(1353, 1, 'app.payment.create', '2021-12-05 15:21:27', '2021-12-05 15:21:27'),
(1354, 1, 'app.payment.store', '2021-12-05 15:21:44', '2021-12-05 15:21:44'),
(1355, 1, 'app.payment.index', '2021-12-05 15:21:45', '2021-12-05 15:21:45'),
(1356, 2, 'admin.payment.index', '2021-12-05 15:21:56', '2021-12-05 15:21:56'),
(1357, 2, 'admin.payment.edit', '2021-12-05 15:21:59', '2021-12-05 15:21:59'),
(1358, 2, 'admin.payment.receive', '2021-12-05 15:22:04', '2021-12-05 15:22:04'),
(1359, 2, 'admin.payment.edit', '2021-12-05 15:22:05', '2021-12-05 15:22:05'),
(1360, 1, 'app.payment.index', '2021-12-05 15:25:06', '2021-12-05 15:25:06'),
(1361, 1, 'app.competitor.index', '2021-12-05 15:25:10', '2021-12-05 15:25:10'),
(1362, 1, 'app.competitor.destroy', '2021-12-05 15:25:14', '2021-12-05 15:25:14'),
(1363, 1, 'app.competitor.index', '2021-12-05 15:25:15', '2021-12-05 15:25:15'),
(1364, 1, 'app.competitor.index', '2021-12-05 15:35:10', '2021-12-05 15:35:10'),
(1365, 1, 'app.competitor.index', '2021-12-05 15:35:11', '2021-12-05 15:35:11');
INSERT INTO `activity_logs` (`id`, `user_id`, `route`, `created_at`, `updated_at`) VALUES
(1366, 1, 'app.competitor.create', '2021-12-05 15:35:13', '2021-12-05 15:35:13'),
(1367, 1, 'app.competitor.store', '2021-12-05 15:35:27', '2021-12-05 15:35:27'),
(1368, 1, 'app.competitor.create', '2021-12-05 15:35:29', '2021-12-05 15:35:29'),
(1369, 1, 'app.payment.index', '2021-12-05 15:35:34', '2021-12-05 15:35:34'),
(1370, 1, 'app.payment.create', '2021-12-05 15:35:38', '2021-12-05 15:35:38'),
(1371, 1, 'app.payment.store', '2021-12-05 15:35:54', '2021-12-05 15:35:54'),
(1372, 1, 'app.payment.index', '2021-12-05 15:35:55', '2021-12-05 15:35:55'),
(1373, 2, 'admin.payment.index', '2021-12-05 15:36:04', '2021-12-05 15:36:04'),
(1374, 2, 'admin.payment.edit', '2021-12-05 15:36:06', '2021-12-05 15:36:06'),
(1375, 2, 'admin.payment.edit', '2021-12-05 15:36:17', '2021-12-05 15:36:17'),
(1376, 2, 'admin.payment.edit', '2021-12-05 15:41:05', '2021-12-05 15:41:05'),
(1377, 2, 'admin.payment.edit', '2021-12-05 15:41:12', '2021-12-05 15:41:12'),
(1378, 2, 'admin.payment.edit', '2021-12-05 15:43:56', '2021-12-05 15:43:56'),
(1379, 2, 'admin.payment.edit', '2021-12-05 15:44:00', '2021-12-05 15:44:00'),
(1380, 2, 'admin.payment.receive', '2021-12-05 15:44:02', '2021-12-05 15:44:02'),
(1381, 2, 'admin.payment.edit', '2021-12-05 15:44:03', '2021-12-05 15:44:03'),
(1382, 1, 'app.competitor.index', '2021-12-05 15:58:38', '2021-12-05 15:58:38'),
(1383, 1, 'app.competitor.create', '2021-12-05 15:58:40', '2021-12-05 15:58:40'),
(1384, 1, 'home', '2021-12-05 16:00:20', '2021-12-05 16:00:20'),
(1385, 1, 'app.competitor.index', '2021-12-05 16:00:22', '2021-12-05 16:00:22'),
(1386, 1, 'home', '2021-12-05 16:00:27', '2021-12-05 16:00:27'),
(1387, 1, 'home', '2021-12-05 16:00:43', '2021-12-05 16:00:43'),
(1388, 1, 'app.competitor.index', '2021-12-05 16:01:20', '2021-12-05 16:01:20'),
(1389, 1, 'app.competitor.create', '2021-12-05 16:01:24', '2021-12-05 16:01:24'),
(1390, 1, 'app.competitor.store', '2021-12-05 16:01:37', '2021-12-05 16:01:37'),
(1391, 1, 'app.competitor.create', '2021-12-05 16:01:38', '2021-12-05 16:01:38'),
(1392, 1, 'app.competitor.index', '2021-12-05 16:01:47', '2021-12-05 16:01:47'),
(1393, 1, 'home', '2021-12-05 16:03:09', '2021-12-05 16:03:09'),
(1394, 1, 'app.competitor.index', '2021-12-05 16:03:22', '2021-12-05 16:03:22'),
(1395, 1, 'app.competitor.create', '2021-12-05 16:03:32', '2021-12-05 16:03:32'),
(1396, 1, 'app.competitor.store', '2021-12-05 16:03:42', '2021-12-05 16:03:42'),
(1397, 1, 'app.competitor.create', '2021-12-05 16:03:43', '2021-12-05 16:03:43'),
(1398, 1, 'home', '2021-12-05 16:03:47', '2021-12-05 16:03:47'),
(1399, 1, 'app.competitor.index', '2021-12-05 16:03:48', '2021-12-05 16:03:48'),
(1400, 1, 'home', '2021-12-05 16:03:49', '2021-12-05 16:03:49'),
(1401, 1, 'app.competitor.index', '2021-12-05 16:03:50', '2021-12-05 16:03:50'),
(1402, 1, 'app.competitor.index', '2021-12-05 16:05:04', '2021-12-05 16:05:04'),
(1403, 1, 'home', '2021-12-05 17:24:27', '2021-12-05 17:24:27'),
(1404, 2, 'home', '2021-12-05 17:24:45', '2021-12-05 17:24:45'),
(1405, 2, 'admin.sponsor.index', '2021-12-05 17:24:49', '2021-12-05 17:24:49'),
(1406, 2, 'admin.sponsor.store', '2021-12-05 17:25:50', '2021-12-05 17:25:50'),
(1407, 2, 'admin.sponsor.index', '2021-12-05 17:25:50', '2021-12-05 17:25:50'),
(1408, 2, 'admin.sponsor.store', '2021-12-05 17:26:02', '2021-12-05 17:26:02'),
(1409, 2, 'admin.sponsor.index', '2021-12-05 17:26:02', '2021-12-05 17:26:02'),
(1410, 1, 'home', '2021-12-06 01:21:19', '2021-12-06 01:21:19'),
(1411, 1, 'app.competitor.index', '2021-12-06 01:21:25', '2021-12-06 01:21:25'),
(1412, 1, 'app.competitor.create', '2021-12-06 01:21:27', '2021-12-06 01:21:27'),
(1413, 1, 'app.competitor.store', '2021-12-06 01:22:01', '2021-12-06 01:22:01'),
(1414, 1, 'app.competitor.create', '2021-12-06 01:22:03', '2021-12-06 01:22:03'),
(1415, 1, 'app.payment.index', '2021-12-06 01:22:08', '2021-12-06 01:22:08'),
(1416, 1, 'app.payment.create', '2021-12-06 01:22:10', '2021-12-06 01:22:10'),
(1417, 1, 'app.competitor.index', '2021-12-06 01:22:15', '2021-12-06 01:22:15'),
(1418, 1, 'app.payment.index', '2021-12-06 01:22:18', '2021-12-06 01:22:18'),
(1419, 1, 'app.payment.create', '2021-12-06 01:22:20', '2021-12-06 01:22:20'),
(1420, 1, 'app.payment.store', '2021-12-06 01:22:36', '2021-12-06 01:22:36'),
(1421, 1, 'app.payment.index', '2021-12-06 01:22:37', '2021-12-06 01:22:37'),
(1422, 2, 'home', '2021-12-06 01:23:06', '2021-12-06 01:23:06'),
(1423, 2, 'admin.payment.index', '2021-12-06 01:23:13', '2021-12-06 01:23:13'),
(1424, 2, 'admin.payment.edit', '2021-12-06 01:23:16', '2021-12-06 01:23:16'),
(1425, 2, 'admin.payment.receive', '2021-12-06 01:23:23', '2021-12-06 01:23:23'),
(1426, 2, 'admin.payment.edit', '2021-12-06 01:23:24', '2021-12-06 01:23:24'),
(1427, 1, 'app.payment.index', '2021-12-06 01:23:27', '2021-12-06 01:23:27'),
(1428, 1, 'app.competitor.index', '2021-12-06 01:23:29', '2021-12-06 01:23:29'),
(1429, 1, 'app.competitor.edit', '2021-12-06 01:23:31', '2021-12-06 01:23:31'),
(1430, 1, 'app.competitor.chooseSurah', '2021-12-06 01:23:41', '2021-12-06 01:23:41'),
(1431, 1, 'app.competitor.edit', '2021-12-06 01:23:47', '2021-12-06 01:23:47'),
(1432, 1, 'home', '2021-12-06 01:23:51', '2021-12-06 01:23:51'),
(1433, 1, 'app.competitor.index', '2021-12-06 01:23:52', '2021-12-06 01:23:52'),
(1434, 2, 'admin.payment.edit', '2021-12-06 01:23:56', '2021-12-06 01:23:56'),
(1435, 2, 'admin.competition.index', '2021-12-06 01:24:02', '2021-12-06 01:24:02'),
(1436, 2, 'admin.competition.edit', '2021-12-06 01:24:08', '2021-12-06 01:24:08'),
(1437, 2, 'admin.paymentMethod.index', '2021-12-06 01:24:12', '2021-12-06 01:24:12'),
(1438, 2, 'admin.sponsor.index', '2021-12-06 01:24:14', '2021-12-06 01:24:14'),
(1439, 2, 'admin.question.index', '2021-12-06 01:24:16', '2021-12-06 01:24:16'),
(1440, 4, 'home', '2021-12-06 14:05:10', '2021-12-06 14:05:10'),
(1441, 4, 'home', '2021-12-06 14:05:18', '2021-12-06 14:05:18'),
(1442, 4, 'home', '2021-12-06 14:05:21', '2021-12-06 14:05:21'),
(1443, 4, 'home', '2021-12-06 14:23:04', '2021-12-06 14:23:04'),
(1444, 4, 'home', '2021-12-06 14:23:32', '2021-12-06 14:23:32'),
(1445, 4, 'home', '2021-12-06 14:24:08', '2021-12-06 14:24:08'),
(1446, 4, 'home', '2021-12-06 14:26:28', '2021-12-06 14:26:28'),
(1447, 4, 'home', '2021-12-06 14:28:48', '2021-12-06 14:28:48'),
(1448, 4, 'home', '2021-12-06 14:29:24', '2021-12-06 14:29:24'),
(1449, 4, 'home', '2021-12-06 14:33:20', '2021-12-06 14:33:20'),
(1450, 4, 'home', '2021-12-06 14:36:17', '2021-12-06 14:36:17'),
(1451, 4, 'home', '2021-12-06 14:45:01', '2021-12-06 14:45:01'),
(1452, 4, 'home', '2021-12-06 14:50:39', '2021-12-06 14:50:39'),
(1453, 4, 'app.competitor.index', '2021-12-06 14:50:46', '2021-12-06 14:50:46'),
(1454, 4, 'app.competitor.create', '2021-12-06 14:50:51', '2021-12-06 14:50:51'),
(1455, 4, 'app.competitor.create', '2021-12-06 14:52:58', '2021-12-06 14:52:58'),
(1456, 4, 'home', '2021-12-06 15:01:50', '2021-12-06 15:01:50'),
(1457, 4, 'home', '2021-12-06 15:12:19', '2021-12-06 15:12:19'),
(1458, 4, 'home', '2021-12-06 15:12:32', '2021-12-06 15:12:32'),
(1459, 4, 'home', '2021-12-06 15:18:48', '2021-12-06 15:18:48'),
(1460, 4, 'home', '2021-12-06 15:31:38', '2021-12-06 15:31:38'),
(1461, 4, 'app.competitor.index', '2021-12-06 15:31:52', '2021-12-06 15:31:52'),
(1462, 4, 'app.competitor.index', '2021-12-06 15:34:49', '2021-12-06 15:34:49'),
(1463, 4, 'admin.competition.index', '2021-12-06 16:22:15', '2021-12-06 16:22:15'),
(1464, 4, 'admin.competition.index', '2021-12-06 16:22:34', '2021-12-06 16:22:34'),
(1465, 4, 'admin.competitionType.index', '2021-12-06 16:22:39', '2021-12-06 16:22:39'),
(1466, 4, 'admin.competition.index', '2021-12-06 16:22:44', '2021-12-06 16:22:44'),
(1467, 4, 'admin.competition.edit', '2021-12-06 16:22:47', '2021-12-06 16:22:47'),
(1468, 4, 'admin.competitionType.index', '2021-12-06 16:22:53', '2021-12-06 16:22:53'),
(1469, 4, 'admin.payment.index', '2021-12-06 16:22:53', '2021-12-06 16:22:53'),
(1470, 4, 'admin.competitionType.index', '2021-12-06 16:22:55', '2021-12-06 16:22:55'),
(1471, 4, 'admin.competition.index', '2021-12-06 16:22:56', '2021-12-06 16:22:56'),
(1472, 4, 'admin.index', '2021-12-06 16:22:58', '2021-12-06 16:22:58'),
(1473, 4, 'admin.competition.index', '2021-12-06 16:23:01', '2021-12-06 16:23:01'),
(1474, 4, 'home', '2021-12-06 16:23:20', '2021-12-06 16:23:20'),
(1475, 4, 'admin.competition.index', '2021-12-06 16:35:36', '2021-12-06 16:35:36'),
(1476, 1, 'home', '2021-12-07 01:55:39', '2021-12-07 01:55:39'),
(1477, 1, 'app.competitor.index', '2021-12-07 01:55:49', '2021-12-07 01:55:49'),
(1478, 1, 'app.payment.index', '2021-12-07 01:55:55', '2021-12-07 01:55:55'),
(1479, 1, 'app.payment.create', '2021-12-07 01:55:56', '2021-12-07 01:55:56'),
(1480, 1, 'app.competitor.index', '2021-12-07 01:55:59', '2021-12-07 01:55:59'),
(1481, 1, 'app.competitor.destroy', '2021-12-07 01:56:08', '2021-12-07 01:56:08'),
(1482, 1, 'app.competitor.index', '2021-12-07 01:56:08', '2021-12-07 01:56:08'),
(1483, 1, 'app.competitor.index', '2021-12-07 01:59:22', '2021-12-07 01:59:22'),
(1484, 1, 'app.payment.index', '2021-12-07 01:59:24', '2021-12-07 01:59:24'),
(1485, 1, 'app.payment.index', '2021-12-07 01:59:55', '2021-12-07 01:59:55'),
(1486, 1, 'home', '2021-12-07 02:09:14', '2021-12-07 02:09:14'),
(1487, 4, 'home', '2021-12-07 03:49:20', '2021-12-07 03:49:20'),
(1488, 4, 'home', '2021-12-07 03:49:31', '2021-12-07 03:49:31'),
(1489, 4, 'home', '2021-12-07 03:50:28', '2021-12-07 03:50:28'),
(1490, 4, 'home', '2021-12-07 03:50:44', '2021-12-07 03:50:44'),
(1491, 5, 'home', '2021-12-07 04:03:19', '2021-12-07 04:03:19'),
(1492, 6, 'home', '2021-12-07 04:10:47', '2021-12-07 04:10:47'),
(1493, 7, 'home', '2021-12-07 04:15:11', '2021-12-07 04:15:11'),
(1494, 8, 'home', '2021-12-07 04:17:47', '2021-12-07 04:17:47'),
(1495, 8, 'app.payment.index', '2021-12-07 04:17:53', '2021-12-07 04:17:53'),
(1496, 8, 'app.competitor.index', '2021-12-07 04:17:56', '2021-12-07 04:17:56'),
(1497, 8, 'app.competitor.create', '2021-12-07 04:17:59', '2021-12-07 04:17:59'),
(1498, 8, 'app.competitor.store', '2021-12-07 04:18:11', '2021-12-07 04:18:11'),
(1499, 8, 'app.competitor.create', '2021-12-07 04:18:12', '2021-12-07 04:18:12'),
(1500, 8, 'app.payment.index', '2021-12-07 04:18:14', '2021-12-07 04:18:14'),
(1501, 8, 'app.payment.create', '2021-12-07 04:18:15', '2021-12-07 04:18:15'),
(1502, 8, 'app.payment.create', '2021-12-07 05:08:03', '2021-12-07 05:08:03'),
(1503, 8, 'app.payment.create', '2021-12-07 05:08:48', '2021-12-07 05:08:48'),
(1504, 8, 'app.payment.create', '2021-12-07 05:10:36', '2021-12-07 05:10:36'),
(1505, 8, 'app.payment.create', '2021-12-07 05:11:56', '2021-12-07 05:11:56'),
(1506, 8, 'app.payment.create', '2021-12-07 05:15:54', '2021-12-07 05:15:54'),
(1507, 8, 'app.payment.store', '2021-12-07 05:16:08', '2021-12-07 05:16:08'),
(1508, 8, 'app.payment.index', '2021-12-07 05:16:09', '2021-12-07 05:16:09'),
(1509, 8, 'app.payment.show', '2021-12-07 05:16:13', '2021-12-07 05:16:13'),
(1510, 8, 'app.payment.index', '2021-12-07 05:19:03', '2021-12-07 05:19:03'),
(1511, 8, 'app.payment.show', '2021-12-07 05:19:07', '2021-12-07 05:19:07'),
(1512, 8, 'app.payment.index', '2021-12-07 05:25:41', '2021-12-07 05:25:41'),
(1513, 8, 'app.payment.show', '2021-12-07 05:25:43', '2021-12-07 05:25:43'),
(1514, 8, 'app.payment.show', '2021-12-07 05:26:26', '2021-12-07 05:26:26'),
(1515, 8, 'app.payment.show', '2021-12-07 05:26:28', '2021-12-07 05:26:28'),
(1516, 8, 'app.payment.show', '2021-12-07 05:28:07', '2021-12-07 05:28:07'),
(1517, 8, 'app.payment.index', '2021-12-07 05:30:12', '2021-12-07 05:30:12'),
(1518, 8, 'app.competitor.index', '2021-12-07 05:33:59', '2021-12-07 05:33:59'),
(1519, 4, 'home', '2021-12-07 05:34:32', '2021-12-07 05:34:32'),
(1520, 4, 'admin.payment.index', '2021-12-07 05:34:35', '2021-12-07 05:34:35'),
(1521, 4, 'admin.payment.edit', '2021-12-07 05:34:37', '2021-12-07 05:34:37'),
(1522, 4, 'admin.competitionType.index', '2021-12-07 05:37:18', '2021-12-07 05:37:18'),
(1523, 4, 'admin.payment.index', '2021-12-07 05:37:22', '2021-12-07 05:37:22'),
(1524, 4, 'admin.competitor.index', '2021-12-07 05:37:23', '2021-12-07 05:37:23'),
(1525, 4, 'admin.payment.index', '2021-12-07 05:37:24', '2021-12-07 05:37:24'),
(1526, 4, 'admin.payment.edit', '2021-12-07 05:37:27', '2021-12-07 05:37:27'),
(1527, 4, 'admin.competition.index', '2021-12-07 05:37:34', '2021-12-07 05:37:34'),
(1528, 4, 'admin.competitionType.index', '2021-12-07 05:37:35', '2021-12-07 05:37:35'),
(1529, 4, 'admin.payment.index', '2021-12-07 05:37:37', '2021-12-07 05:37:37'),
(1530, 4, 'admin.competitor.index', '2021-12-07 05:37:38', '2021-12-07 05:37:38'),
(1531, 2, 'home', '2021-12-07 06:51:05', '2021-12-07 06:51:05'),
(1532, 2, 'admin.payment.index', '2021-12-07 06:53:32', '2021-12-07 06:53:32'),
(1533, 2, 'admin.payment.edit', '2021-12-07 06:53:37', '2021-12-07 06:53:37'),
(1534, 2, 'admin.payment.edit', '2021-12-07 06:53:50', '2021-12-07 06:53:50'),
(1535, 2, 'admin.payment.edit', '2021-12-07 06:55:24', '2021-12-07 06:55:24'),
(1536, 2, 'admin.payment.edit', '2021-12-07 06:55:44', '2021-12-07 06:55:44'),
(1537, 2, 'admin.payment.edit', '2021-12-07 06:58:55', '2021-12-07 06:58:55'),
(1538, 2, 'admin.payment.edit', '2021-12-07 07:01:09', '2021-12-07 07:01:09'),
(1539, 2, 'admin.payment.edit', '2021-12-07 07:01:30', '2021-12-07 07:01:30'),
(1540, 2, 'admin.payment.edit', '2021-12-07 07:01:43', '2021-12-07 07:01:43'),
(1541, 2, 'admin.index', '2021-12-07 07:04:26', '2021-12-07 07:04:26'),
(1542, 2, 'admin.payment.index', '2021-12-07 07:04:30', '2021-12-07 07:04:30'),
(1543, 1, 'home', '2021-12-07 07:05:06', '2021-12-07 07:05:06'),
(1544, 1, 'app.payment.index', '2021-12-07 07:05:12', '2021-12-07 07:05:12'),
(1545, 1, 'app.payment.create', '2021-12-07 07:05:13', '2021-12-07 07:05:13'),
(1546, 1, 'app.payment.create', '2021-12-07 07:09:52', '2021-12-07 07:09:52'),
(1547, 1, 'app.payment.create', '2021-12-07 07:10:19', '2021-12-07 07:10:19'),
(1548, 1, 'home', '2021-12-07 07:11:07', '2021-12-07 07:11:07'),
(1549, 1, 'home', '2021-12-07 07:20:02', '2021-12-07 07:20:02'),
(1550, 1, 'app.competitor.index', '2021-12-07 07:20:04', '2021-12-07 07:20:04'),
(1551, 2, 'home', '2021-12-07 07:20:47', '2021-12-07 07:20:47'),
(1552, 2, 'admin.competition.index', '2021-12-07 07:21:15', '2021-12-07 07:21:15'),
(1553, 2, 'admin.competition.edit', '2021-12-07 07:21:38', '2021-12-07 07:21:38'),
(1554, 2, 'admin.competition.edit', '2021-12-07 07:22:09', '2021-12-07 07:22:09'),
(1555, 2, 'admin.competition.index', '2021-12-07 07:22:14', '2021-12-07 07:22:14'),
(1556, 2, 'admin.competition.index', '2021-12-07 07:23:44', '2021-12-07 07:23:44'),
(1557, 2, 'admin.competition.edit', '2021-12-07 07:23:52', '2021-12-07 07:23:52'),
(1558, 2, 'admin.competition.edit', '2021-12-07 07:24:02', '2021-12-07 07:24:02'),
(1559, 2, 'admin.competition.edit', '2021-12-07 07:24:53', '2021-12-07 07:24:53'),
(1560, 2, 'admin.competition.update', '2021-12-07 07:25:05', '2021-12-07 07:25:05'),
(1561, 2, 'admin.competition.edit', '2021-12-07 07:25:05', '2021-12-07 07:25:05'),
(1562, 2, 'admin.competition.index', '2021-12-07 07:25:10', '2021-12-07 07:25:10'),
(1563, 2, 'app.competitor.index', '2021-12-07 07:25:25', '2021-12-07 07:25:25'),
(1564, 2, 'app.competitor.create', '2021-12-07 07:25:27', '2021-12-07 07:25:27'),
(1565, 2, 'admin.competition.index', '2021-12-07 07:26:48', '2021-12-07 07:26:48'),
(1566, 2, 'admin.competition.edit', '2021-12-07 07:26:53', '2021-12-07 07:26:53'),
(1567, 2, 'admin.competition.index', '2021-12-07 07:26:58', '2021-12-07 07:26:58'),
(1568, 2, 'app.competitor.index', '2021-12-07 07:27:19', '2021-12-07 07:27:19'),
(1569, 2, 'app.competitor.create', '2021-12-07 07:27:21', '2021-12-07 07:27:21'),
(1570, 2, 'app.competitor.create', '2021-12-07 07:29:06', '2021-12-07 07:29:06'),
(1571, 2, 'app.competitor.create', '2021-12-07 07:29:45', '2021-12-07 07:29:45'),
(1572, 2, 'app.competitor.create', '2021-12-07 07:37:20', '2021-12-07 07:37:20'),
(1573, 2, 'app.competitor.create', '2021-12-07 07:37:31', '2021-12-07 07:37:31'),
(1574, 2, 'app.competitor.create', '2021-12-07 07:38:29', '2021-12-07 07:38:29'),
(1575, 2, 'app.competitor.create', '2021-12-07 07:38:31', '2021-12-07 07:38:31'),
(1576, 2, 'app.competitor.create', '2021-12-07 07:40:19', '2021-12-07 07:40:19'),
(1577, 2, 'app.competitor.create', '2021-12-07 07:44:40', '2021-12-07 07:44:40'),
(1578, 2, 'admin.competition.index', '2021-12-07 07:45:48', '2021-12-07 07:45:48'),
(1579, 2, 'app.competitor.create', '2021-12-07 07:45:51', '2021-12-07 07:45:51'),
(1580, 2, 'app.competitor.create', '2021-12-07 07:46:41', '2021-12-07 07:46:41'),
(1581, 2, 'app.competitor.create', '2021-12-07 07:46:56', '2021-12-07 07:46:56'),
(1582, 2, 'app.competitor.create', '2021-12-07 07:47:05', '2021-12-07 07:47:05'),
(1583, 2, 'app.competitor.create', '2021-12-07 07:49:12', '2021-12-07 07:49:12'),
(1584, 2, 'app.competitor.create', '2021-12-07 07:54:48', '2021-12-07 07:54:48'),
(1585, 2, 'app.competitor.createTeam', '2021-12-07 08:03:32', '2021-12-07 08:03:32'),
(1586, 2, 'app.competitor.createTeam', '2021-12-07 08:04:44', '2021-12-07 08:04:44'),
(1587, 2, 'app.competitor.index', '2021-12-07 08:05:06', '2021-12-07 08:05:06'),
(1588, 2, 'app.competitor.create', '2021-12-07 08:08:04', '2021-12-07 08:08:04'),
(1589, 2, 'app.competitor.createTeam', '2021-12-07 08:15:04', '2021-12-07 08:15:04'),
(1590, 2, 'admin.competition.index', '2021-12-07 08:25:41', '2021-12-07 08:25:41'),
(1591, 2, 'app.competitor.createTeam', '2021-12-07 08:25:43', '2021-12-07 08:25:43'),
(1592, 2, 'app.competitor.create', '2021-12-07 08:25:46', '2021-12-07 08:25:46'),
(1593, 2, 'admin.competition.index', '2021-12-07 08:26:38', '2021-12-07 08:26:38'),
(1594, 2, 'app.competitor.createTeam', '2021-12-07 08:26:42', '2021-12-07 08:26:42'),
(1595, 2, 'app.competitor.createTeam', '2021-12-07 08:28:23', '2021-12-07 08:28:23'),
(1596, 2, 'admin.index', '2021-12-07 08:49:15', '2021-12-07 08:49:15'),
(1597, 2, 'app.competitor.index', '2021-12-07 08:49:19', '2021-12-07 08:49:19'),
(1598, 2, 'app.competitor.edit', '2021-12-07 08:49:21', '2021-12-07 08:49:21'),
(1599, 2, 'admin.competitor.index', '2021-12-07 08:49:41', '2021-12-07 08:49:41'),
(1600, 2, 'admin.competitor.edit', '2021-12-07 08:50:06', '2021-12-07 08:50:06'),
(1601, 2, 'admin.competitor.index', '2021-12-07 08:50:17', '2021-12-07 08:50:17'),
(1602, 2, 'admin.competitor.index', '2021-12-07 08:50:19', '2021-12-07 08:50:19'),
(1603, 2, 'admin.competitionType.index', '2021-12-07 08:54:37', '2021-12-07 08:54:37'),
(1604, 2, 'admin.competitionType.edit', '2021-12-07 08:54:41', '2021-12-07 08:54:41'),
(1605, 2, 'admin.competition.index', '2021-12-07 08:54:51', '2021-12-07 08:54:51'),
(1606, 2, 'admin.competition.edit', '2021-12-07 08:54:58', '2021-12-07 08:54:58'),
(1607, 2, 'admin.competitionType.index', '2021-12-07 08:55:04', '2021-12-07 08:55:04'),
(1608, 2, 'admin.competitionType.edit', '2021-12-07 08:55:06', '2021-12-07 08:55:06'),
(1609, 2, 'admin.competition.index', '2021-12-07 08:55:14', '2021-12-07 08:55:14'),
(1610, 2, 'admin.competitionType.index', '2021-12-07 08:55:36', '2021-12-07 08:55:36'),
(1611, 2, 'admin.competitionType.edit', '2021-12-07 08:55:38', '2021-12-07 08:55:38'),
(1612, 2, 'admin.competitionType.index', '2021-12-07 08:56:45', '2021-12-07 08:56:45'),
(1613, 2, 'admin.competitionType.edit', '2021-12-07 08:56:49', '2021-12-07 08:56:49'),
(1614, 2, 'admin.competitionType.update', '2021-12-07 09:09:32', '2021-12-07 09:09:32'),
(1615, 2, 'admin.competitionType.edit', '2021-12-07 09:09:34', '2021-12-07 09:09:34'),
(1616, 2, 'app.competitor.index', '2021-12-07 09:12:33', '2021-12-07 09:12:33'),
(1617, 2, 'app.competitor.create', '2021-12-07 09:12:35', '2021-12-07 09:12:35'),
(1618, 2, 'app.competitor.create', '2021-12-07 09:17:54', '2021-12-07 09:17:54'),
(1619, 2, 'app.competitor.index', '2021-12-07 09:50:34', '2021-12-07 09:50:34'),
(1620, 2, 'admin.competition.index', '2021-12-07 09:50:36', '2021-12-07 09:50:36'),
(1621, 2, 'admin.competitionType.index', '2021-12-07 09:50:37', '2021-12-07 09:50:37'),
(1622, 2, 'admin.competitionType.index', '2021-12-07 09:50:37', '2021-12-07 09:50:37'),
(1623, 2, 'admin.competitionType.edit', '2021-12-07 09:50:42', '2021-12-07 09:50:42'),
(1624, 2, 'admin.competitionType.update', '2021-12-07 09:55:31', '2021-12-07 09:55:31'),
(1625, 2, 'admin.competitionType.edit', '2021-12-07 09:55:33', '2021-12-07 09:55:33'),
(1626, 2, 'admin.competitionType.update', '2021-12-07 09:56:10', '2021-12-07 09:56:10'),
(1627, 2, 'admin.competitionType.edit', '2021-12-07 09:56:11', '2021-12-07 09:56:11'),
(1628, 2, 'admin.competitionType.index', '2021-12-07 09:56:17', '2021-12-07 09:56:17'),
(1629, 2, 'admin.competitionType.edit', '2021-12-07 09:56:53', '2021-12-07 09:56:53'),
(1630, 2, 'admin.competitionType.update', '2021-12-07 10:00:48', '2021-12-07 10:00:48'),
(1631, 2, 'admin.competitionType.edit', '2021-12-07 10:00:50', '2021-12-07 10:00:50'),
(1632, 2, 'admin.competitionType.index', '2021-12-07 10:01:05', '2021-12-07 10:01:05'),
(1633, 2, 'admin.competitionType.edit', '2021-12-07 10:01:13', '2021-12-07 10:01:13'),
(1634, 2, 'admin.competitionType.update', '2021-12-07 10:25:56', '2021-12-07 10:25:56'),
(1635, 2, 'admin.competitionType.edit', '2021-12-07 10:25:56', '2021-12-07 10:25:56'),
(1636, 2, 'admin.competitionType.index', '2021-12-07 10:26:00', '2021-12-07 10:26:00'),
(1637, 2, 'admin.competitionType.edit', '2021-12-07 10:39:40', '2021-12-07 10:39:40'),
(1638, 2, 'admin.competitionType.update', '2021-12-07 10:52:07', '2021-12-07 10:52:07'),
(1639, 2, 'admin.competitionType.edit', '2021-12-07 10:52:09', '2021-12-07 10:52:09'),
(1640, 2, 'admin.competitionType.update', '2021-12-07 11:02:29', '2021-12-07 11:02:29'),
(1641, 2, 'admin.competitionType.edit', '2021-12-07 11:02:29', '2021-12-07 11:02:29'),
(1642, 2, 'admin.competitionType.index', '2021-12-07 11:12:29', '2021-12-07 11:12:29'),
(1643, 2, 'admin.competitionType.edit', '2021-12-07 11:15:00', '2021-12-07 11:15:00'),
(1644, 2, 'admin.competitionType.update', '2021-12-07 11:36:36', '2021-12-07 11:36:36'),
(1645, 2, 'admin.competitionType.edit', '2021-12-07 11:36:37', '2021-12-07 11:36:37'),
(1646, 2, 'admin.competitionType.update', '2021-12-07 11:52:57', '2021-12-07 11:52:57'),
(1647, 2, 'admin.competitionType.edit', '2021-12-07 11:52:58', '2021-12-07 11:52:58'),
(1648, 2, 'admin.competitionType.index', '2021-12-07 11:53:48', '2021-12-07 11:53:48'),
(1649, 2, 'admin.competitionType.edit', '2021-12-07 11:53:50', '2021-12-07 11:53:50'),
(1650, 2, 'admin.competitionType.update', '2021-12-07 11:54:10', '2021-12-07 11:54:10'),
(1651, 2, 'admin.competitionType.edit', '2021-12-07 11:54:11', '2021-12-07 11:54:11'),
(1652, 2, 'admin.competitionType.index', '2021-12-07 11:54:16', '2021-12-07 11:54:16'),
(1653, 2, 'admin.competitionType.edit', '2021-12-07 11:54:22', '2021-12-07 11:54:22'),
(1654, 2, 'admin.competitionType.update', '2021-12-07 11:54:55', '2021-12-07 11:54:55'),
(1655, 2, 'admin.competitionType.edit', '2021-12-07 11:54:56', '2021-12-07 11:54:56'),
(1656, 2, 'admin.competitionType.index', '2021-12-07 11:55:03', '2021-12-07 11:55:03'),
(1657, 2, 'admin.competitionType.edit', '2021-12-07 11:55:08', '2021-12-07 11:55:08'),
(1658, 2, 'admin.competitionType.update', '2021-12-07 11:57:49', '2021-12-07 11:57:49'),
(1659, 2, 'admin.competitionType.edit', '2021-12-07 11:57:51', '2021-12-07 11:57:51'),
(1660, 2, 'admin.competitionType.update', '2021-12-07 11:58:03', '2021-12-07 11:58:03'),
(1661, 2, 'admin.competitionType.edit', '2021-12-07 11:58:04', '2021-12-07 11:58:04'),
(1662, 2, 'app.competitor.index', '2021-12-11 04:47:45', '2021-12-11 04:47:45'),
(1663, 2, 'app.competitor.index', '2021-12-11 04:47:52', '2021-12-11 04:47:52'),
(1664, 2, 'app.competitor.create', '2021-12-11 04:48:15', '2021-12-11 04:48:15'),
(1665, 2, 'app.competitor.store', '2021-12-11 04:48:46', '2021-12-11 04:48:46'),
(1666, 2, 'app.competitor.create', '2021-12-11 04:48:47', '2021-12-11 04:48:47'),
(1667, 2, 'app.competitor.index', '2021-12-11 04:48:57', '2021-12-11 04:48:57'),
(1668, 2, 'home', '2021-12-11 04:49:01', '2021-12-11 04:49:01'),
(1669, 2, 'home', '2021-12-11 04:50:23', '2021-12-11 04:50:23'),
(1670, 2, 'app.payment.index', '2021-12-11 04:50:27', '2021-12-11 04:50:27'),
(1671, 2, 'app.payment.create', '2021-12-11 04:50:31', '2021-12-11 04:50:31'),
(1672, 2, 'app.payment.store', '2021-12-11 04:50:51', '2021-12-11 04:50:51'),
(1673, 2, 'app.payment.index', '2021-12-11 04:50:51', '2021-12-11 04:50:51'),
(1674, 2, 'home', '2021-12-11 04:50:59', '2021-12-11 04:50:59'),
(1675, 2, 'admin.payment.index', '2021-12-11 04:51:14', '2021-12-11 04:51:14'),
(1676, 2, 'admin.payment.edit', '2021-12-11 04:51:19', '2021-12-11 04:51:19'),
(1677, 2, 'admin.payment.receive', '2021-12-11 04:51:28', '2021-12-11 04:51:28'),
(1678, 2, 'admin.payment.edit', '2021-12-11 04:51:29', '2021-12-11 04:51:29'),
(1679, 2, 'app.competitor.index', '2021-12-11 04:51:36', '2021-12-11 04:51:36'),
(1680, 2, 'home', '2021-12-11 04:51:41', '2021-12-11 04:51:41'),
(1681, 2, 'app.competitor.index', '2021-12-11 04:53:20', '2021-12-11 04:53:20'),
(1682, 2, 'app.competitor.edit', '2021-12-11 04:53:27', '2021-12-11 04:53:27'),
(1683, 2, 'app.competitor.edit', '2021-12-11 04:58:10', '2021-12-11 04:58:10'),
(1684, 2, 'app.competitor.chooseSurah', '2021-12-11 04:58:24', '2021-12-11 04:58:24'),
(1685, 2, 'app.competitor.chooseSurah', '2021-12-11 04:59:07', '2021-12-11 04:59:07'),
(1686, 2, 'app.competitor.edit', '2021-12-11 04:59:07', '2021-12-11 04:59:07'),
(1687, 2, 'app.competitor.edit', '2021-12-11 05:01:00', '2021-12-11 05:01:00'),
(1688, 2, 'app.competitor.edit', '2021-12-11 05:03:29', '2021-12-11 05:03:29'),
(1689, 2, 'app.competitor.index', '2021-12-11 05:04:12', '2021-12-11 05:04:12'),
(1690, 2, 'app.competitor.create', '2021-12-11 05:04:16', '2021-12-11 05:04:16'),
(1691, 2, 'app.competitor.store', '2021-12-11 05:05:01', '2021-12-11 05:05:01'),
(1692, 2, 'app.competitor.create', '2021-12-11 05:05:02', '2021-12-11 05:05:02'),
(1693, 2, 'app.payment.index', '2021-12-11 05:05:15', '2021-12-11 05:05:15'),
(1694, 2, 'app.payment.create', '2021-12-11 05:05:19', '2021-12-11 05:05:19'),
(1695, 2, 'app.payment.store', '2021-12-11 05:05:41', '2021-12-11 05:05:41'),
(1696, 2, 'app.payment.index', '2021-12-11 05:05:42', '2021-12-11 05:05:42'),
(1697, 2, 'admin.payment.index', '2021-12-11 05:05:48', '2021-12-11 05:05:48'),
(1698, 2, 'admin.payment.edit', '2021-12-11 05:05:55', '2021-12-11 05:05:55'),
(1699, 2, 'admin.payment.receive', '2021-12-11 05:06:04', '2021-12-11 05:06:04'),
(1700, 2, 'admin.payment.edit', '2021-12-11 05:06:05', '2021-12-11 05:06:05'),
(1701, 2, 'home', '2021-12-11 05:06:09', '2021-12-11 05:06:09'),
(1702, 2, 'app.competitor.index', '2021-12-11 05:06:22', '2021-12-11 05:06:22'),
(1703, 2, 'app.competitor.edit', '2021-12-11 05:06:30', '2021-12-11 05:06:30'),
(1704, 2, 'app.competitor.chooseSurah', '2021-12-11 05:06:46', '2021-12-11 05:06:46'),
(1705, 2, 'app.competitor.edit', '2021-12-11 05:06:47', '2021-12-11 05:06:47'),
(1706, 2, 'admin.competitor.index', '2021-12-11 05:07:08', '2021-12-11 05:07:08'),
(1707, 2, 'app.competitor.index', '2021-12-11 05:07:33', '2021-12-11 05:07:33'),
(1708, 2, 'app.competitor.create', '2021-12-11 05:07:37', '2021-12-11 05:07:37'),
(1709, 2, 'app.competitor.store', '2021-12-11 05:08:03', '2021-12-11 05:08:03'),
(1710, 2, 'app.competitor.create', '2021-12-11 05:08:04', '2021-12-11 05:08:04'),
(1711, 2, 'app.competitor.index', '2021-12-11 05:08:10', '2021-12-11 05:08:10'),
(1712, 2, 'app.competitor.create', '2021-12-11 05:08:14', '2021-12-11 05:08:14'),
(1713, 2, 'app.payment.index', '2021-12-11 05:08:20', '2021-12-11 05:08:20'),
(1714, 2, 'app.payment.create', '2021-12-11 05:08:24', '2021-12-11 05:08:24'),
(1715, 2, 'app.payment.store', '2021-12-11 05:08:40', '2021-12-11 05:08:40'),
(1716, 2, 'app.payment.index', '2021-12-11 05:08:41', '2021-12-11 05:08:41'),
(1717, 2, 'admin.payment.index', '2021-12-11 05:08:49', '2021-12-11 05:08:49'),
(1718, 2, 'admin.payment.edit', '2021-12-11 05:08:53', '2021-12-11 05:08:53'),
(1719, 2, 'admin.payment.receive', '2021-12-11 05:08:59', '2021-12-11 05:08:59'),
(1720, 2, 'admin.payment.edit', '2021-12-11 05:09:01', '2021-12-11 05:09:01'),
(1721, 2, 'app.competitor.index', '2021-12-11 05:09:06', '2021-12-11 05:09:06'),
(1722, 2, 'app.competitor.edit', '2021-12-11 05:09:14', '2021-12-11 05:09:14'),
(1723, 2, 'app.competitor.edit', '2021-12-11 05:10:34', '2021-12-11 05:10:34'),
(1724, 2, 'app.competitor.chooseSong', '2021-12-11 05:10:40', '2021-12-11 05:10:40'),
(1725, 2, 'app.competitor.edit', '2021-12-11 05:10:41', '2021-12-11 05:10:41'),
(1726, 2, 'app.competitor.index', '2021-12-11 05:11:01', '2021-12-11 05:11:01'),
(1727, 2, 'admin.user.index', '2021-12-11 05:11:13', '2021-12-11 05:11:13'),
(1728, 2, 'admin.competitor.index', '2021-12-11 05:11:17', '2021-12-11 05:11:17'),
(1729, 2, 'admin.competitor.index', '2021-12-11 05:15:47', '2021-12-11 05:15:47'),
(1730, 2, 'app.competitor.index', '2021-12-11 05:15:54', '2021-12-11 05:15:54'),
(1731, 2, 'app.competitor.index', '2021-12-11 05:20:34', '2021-12-11 05:20:34'),
(1732, 2, 'home', '2021-12-11 05:20:50', '2021-12-11 05:20:50'),
(1733, 2, 'home', '2021-12-11 05:47:58', '2021-12-11 05:47:58'),
(1734, 2, 'home', '2021-12-11 05:48:40', '2021-12-11 05:48:40'),
(1735, 2, 'home', '2021-12-12 09:41:35', '2021-12-12 09:41:35'),
(1736, 2, 'app.competitor.index', '2021-12-12 09:41:52', '2021-12-12 09:41:52'),
(1737, 2, 'app.payment.index', '2021-12-12 09:41:55', '2021-12-12 09:41:55'),
(1738, 2, 'app.upload.index', '2021-12-12 09:41:56', '2021-12-12 09:41:56'),
(1739, 2, 'app.payment.index', '2021-12-12 09:41:58', '2021-12-12 09:41:58'),
(1740, 2, 'app.competitor.index', '2021-12-12 09:41:59', '2021-12-12 09:41:59'),
(1741, 2, 'home', '2021-12-12 09:58:36', '2021-12-12 09:58:36'),
(1742, 2, 'app.competitor.create', '2021-12-12 09:58:52', '2021-12-12 09:58:52'),
(1743, 2, 'app.competitor.index', '2021-12-12 09:59:02', '2021-12-12 09:59:02'),
(1744, 2, 'app.payment.index', '2021-12-12 09:59:07', '2021-12-12 09:59:07'),
(1745, 2, 'admin.index', '2021-12-12 09:59:14', '2021-12-12 09:59:14'),
(1746, 2, 'admin.competition.index', '2021-12-12 10:00:39', '2021-12-12 10:00:39'),
(1747, 2, 'admin.competition.edit', '2021-12-12 10:01:49', '2021-12-12 10:01:49'),
(1748, 2, 'admin.competition.index', '2021-12-12 10:02:31', '2021-12-12 10:02:31'),
(1749, 2, 'admin.payment.index', '2021-12-12 10:02:52', '2021-12-12 10:02:52'),
(1750, 2, 'admin.paymentMethod.index', '2021-12-12 10:03:00', '2021-12-12 10:03:00'),
(1751, 2, 'admin.index', '2021-12-12 10:03:15', '2021-12-12 10:03:15'),
(1752, 2, 'home', '2021-12-12 10:03:29', '2021-12-12 10:03:29'),
(1753, 2, 'home', '2021-12-12 10:04:24', '2021-12-12 10:04:24'),
(1754, 2, 'app.competitor.create', '2021-12-12 10:04:33', '2021-12-12 10:04:33'),
(1755, 2, 'app.competitor.createTeam', '2021-12-12 10:04:36', '2021-12-12 10:04:36'),
(1756, 2, 'app.competitor.create', '2021-12-12 10:05:13', '2021-12-12 10:05:13'),
(1757, 2, 'app.competitor.createTeam', '2021-12-12 10:05:29', '2021-12-12 10:05:29'),
(1758, 2, 'home', '2021-12-12 10:07:04', '2021-12-12 10:07:04'),
(1759, 2, 'app.competitor.create', '2021-12-12 10:07:22', '2021-12-12 10:07:22'),
(1760, 2, 'admin.competition.index', '2021-12-12 10:07:29', '2021-12-12 10:07:29'),
(1761, 2, 'admin.competition.edit', '2021-12-12 10:07:40', '2021-12-12 10:07:40'),
(1762, 2, 'home', '2021-12-12 10:15:26', '2021-12-12 10:15:26'),
(1763, 2, 'admin.competitionType.index', '2021-12-12 10:15:32', '2021-12-12 10:15:32'),
(1764, 2, 'admin.competition.index', '2021-12-12 10:15:35', '2021-12-12 10:15:35'),
(1765, 2, 'admin.competition.edit', '2021-12-12 10:15:53', '2021-12-12 10:15:53'),
(1766, 2, 'admin.competition.update', '2021-12-12 10:17:45', '2021-12-12 10:17:45'),
(1767, 2, 'admin.competition.edit', '2021-12-12 10:17:45', '2021-12-12 10:17:45'),
(1768, 2, 'admin.competition.index', '2021-12-12 10:17:48', '2021-12-12 10:17:48'),
(1769, 2, 'admin.competition.edit', '2021-12-12 10:30:10', '2021-12-12 10:30:10'),
(1770, 2, 'admin.competition.index', '2021-12-12 10:43:08', '2021-12-12 10:43:08'),
(1771, 2, 'admin.competition.index', '2021-12-12 10:43:33', '2021-12-12 10:43:33'),
(1772, 2, 'home', '2021-12-12 10:52:30', '2021-12-12 10:52:30'),
(1773, 2, 'app.competitor.create', '2021-12-12 10:52:37', '2021-12-12 10:52:37'),
(1774, 5, 'home', '2021-12-12 15:58:58', '2021-12-12 15:58:58'),
(1775, 5, 'app.competitor.index', '2021-12-12 15:59:03', '2021-12-12 15:59:03'),
(1776, 5, 'app.payment.index', '2021-12-12 15:59:06', '2021-12-12 15:59:06'),
(1777, 5, 'app.upload.index', '2021-12-12 15:59:09', '2021-12-12 15:59:09'),
(1778, 5, 'app.competitor.edit', '2021-12-12 15:59:25', '2021-12-12 15:59:25'),
(1779, 2, 'home', '2021-12-12 16:36:36', '2021-12-12 16:36:36'),
(1780, 2, 'admin.competition.index', '2021-12-12 16:38:08', '2021-12-12 16:38:08'),
(1781, 8, 'home', '2021-12-13 01:29:03', '2021-12-13 01:29:03'),
(1782, 8, 'app.payment.create', '2021-12-13 01:29:04', '2021-12-13 01:29:04'),
(1783, 8, 'app.payment.create', '2021-12-13 01:29:57', '2021-12-13 01:29:57'),
(1784, 8, 'account.index', '2021-12-13 01:29:59', '2021-12-13 01:29:59'),
(1785, 8, 'account.store', '2021-12-13 01:30:18', '2021-12-13 01:30:18'),
(1786, 8, 'account.index', '2021-12-13 01:30:18', '2021-12-13 01:30:18'),
(1787, 8, 'account.store', '2021-12-13 01:30:21', '2021-12-13 01:30:21'),
(1788, 8, 'account.index', '2021-12-13 01:30:22', '2021-12-13 01:30:22'),
(1789, 8, 'account.store', '2021-12-13 01:30:24', '2021-12-13 01:30:24'),
(1790, 8, 'account.index', '2021-12-13 01:30:25', '2021-12-13 01:30:25'),
(1791, 8, 'account.store', '2021-12-13 01:30:25', '2021-12-13 01:30:25'),
(1792, 8, 'account.index', '2021-12-13 01:30:25', '2021-12-13 01:30:25'),
(1793, 8, 'account.index', '2021-12-13 01:33:00', '2021-12-13 01:33:00'),
(1794, 2, 'home', '2021-12-13 02:05:10', '2021-12-13 02:05:10'),
(1795, 2, 'app.competitor.create', '2021-12-13 02:06:11', '2021-12-13 02:06:11'),
(1796, 2, 'app.payment.index', '2021-12-13 02:07:23', '2021-12-13 02:07:23'),
(1797, 2, 'app.competitor.index', '2021-12-13 02:07:25', '2021-12-13 02:07:25'),
(1798, 2, 'app.payment.index', '2021-12-13 02:07:29', '2021-12-13 02:07:29'),
(1799, 2, 'app.upload.index', '2021-12-13 02:07:35', '2021-12-13 02:07:35'),
(1800, 2, 'app.competitor.index', '2021-12-13 02:07:41', '2021-12-13 02:07:41'),
(1801, 2, 'admin.user.index', '2021-12-13 02:07:57', '2021-12-13 02:07:57'),
(1802, 2, 'admin.competitor.index', '2021-12-13 02:12:06', '2021-12-13 02:12:06'),
(1803, 2, 'admin.competitor.index', '2021-12-13 02:12:06', '2021-12-13 02:12:06'),
(1804, 2, 'admin.tiket', '2021-12-13 02:12:46', '2021-12-13 02:12:46'),
(1805, 2, 'admin.tiket', '2021-12-13 02:12:46', '2021-12-13 02:12:46'),
(1806, 2, 'admin.paymentMethod.index', '2021-12-13 02:12:53', '2021-12-13 02:12:53'),
(1807, 2, 'admin.sponsor.index', '2021-12-13 02:13:00', '2021-12-13 02:13:00'),
(1808, 2, 'admin.index', '2021-12-13 02:13:28', '2021-12-13 02:13:28'),
(1809, 2, 'admin.index', '2021-12-13 02:13:28', '2021-12-13 02:13:28'),
(1810, 2, 'home', '2021-12-13 02:13:42', '2021-12-13 02:13:42'),
(1811, 2, 'admin.payment.index', '2021-12-13 02:13:50', '2021-12-13 02:13:50'),
(1812, 2, 'admin.payment.index', '2021-12-13 02:13:57', '2021-12-13 02:13:57'),
(1813, 2, 'admin.payment.index', '2021-12-13 02:14:00', '2021-12-13 02:14:00'),
(1814, 2, 'admin.payment.index', '2021-12-13 02:14:01', '2021-12-13 02:14:01'),
(1815, 2, 'admin.payment.index', '2021-12-13 02:14:04', '2021-12-13 02:14:04'),
(1816, 2, 'admin.competitor.index', '2021-12-13 02:14:09', '2021-12-13 02:14:09'),
(1817, 9, 'home', '2021-12-13 03:24:02', '2021-12-13 03:24:02'),
(1818, 9, 'app.competitor.create', '2021-12-13 03:24:24', '2021-12-13 03:24:24'),
(1819, 9, 'app.competitor.store', '2021-12-13 03:25:59', '2021-12-13 03:25:59'),
(1820, 9, 'app.competitor.create', '2021-12-13 03:25:59', '2021-12-13 03:25:59'),
(1821, 9, 'app.competitor.index', '2021-12-13 03:26:13', '2021-12-13 03:26:13'),
(1822, 9, 'app.upload.index', '2021-12-13 03:26:50', '2021-12-13 03:26:50'),
(1823, 9, 'app.payment.index', '2021-12-13 03:26:54', '2021-12-13 03:26:54'),
(1824, 9, 'app.payment.index', '2021-12-13 03:26:55', '2021-12-13 03:26:55'),
(1825, 9, 'app.competitor.index', '2021-12-13 03:26:56', '2021-12-13 03:26:56'),
(1826, 9, 'home', '2021-12-13 03:27:01', '2021-12-13 03:27:01'),
(1827, 9, 'app.payment.create', '2021-12-13 03:27:05', '2021-12-13 03:27:05'),
(1828, 9, 'app.payment.index', '2021-12-13 03:27:17', '2021-12-13 03:27:17'),
(1829, 9, 'app.competitor.index', '2021-12-13 03:27:56', '2021-12-13 03:27:56'),
(1830, 9, 'home', '2021-12-13 03:28:02', '2021-12-13 03:28:02'),
(1831, 9, 'app.competitor.index', '2021-12-13 03:28:09', '2021-12-13 03:28:09'),
(1832, 9, 'app.payment.index', '2021-12-13 03:28:12', '2021-12-13 03:28:12'),
(1833, 9, 'app.competitor.index', '2021-12-13 03:28:14', '2021-12-13 03:28:14'),
(1834, 9, 'app.competitor.edit', '2021-12-13 03:28:23', '2021-12-13 03:28:23'),
(1835, 9, 'app.competitor.detail.update', '2021-12-13 03:30:04', '2021-12-13 03:30:04'),
(1836, 9, 'app.competitor.edit', '2021-12-13 03:30:05', '2021-12-13 03:30:05'),
(1837, 9, 'app.competitor.index', '2021-12-13 03:30:19', '2021-12-13 03:30:19'),
(1838, 9, 'app.payment.index', '2021-12-13 03:30:20', '2021-12-13 03:30:20'),
(1839, 9, 'app.upload.index', '2021-12-13 03:30:22', '2021-12-13 03:30:22'),
(1840, 9, 'app.payment.index', '2021-12-13 03:30:23', '2021-12-13 03:30:23'),
(1841, 9, 'app.competitor.index', '2021-12-13 03:30:24', '2021-12-13 03:30:24'),
(1842, 9, 'home', '2021-12-13 03:30:25', '2021-12-13 03:30:25'),
(1843, 9, 'app.competitor.create', '2021-12-13 03:30:27', '2021-12-13 03:30:27'),
(1844, 9, 'app.competitor.index', '2021-12-13 03:30:31', '2021-12-13 03:30:31'),
(1845, 9, 'app.payment.index', '2021-12-13 03:30:32', '2021-12-13 03:30:32'),
(1846, 9, 'app.upload.index', '2021-12-13 03:30:35', '2021-12-13 03:30:35'),
(1847, 9, 'app.competitor.index', '2021-12-13 03:30:36', '2021-12-13 03:30:36'),
(1848, 10, 'home', '2021-12-13 10:09:35', '2021-12-13 10:09:35'),
(1849, 10, 'app.upload.index', '2021-12-13 10:09:54', '2021-12-13 10:09:54'),
(1850, 10, 'app.competitor.create', '2021-12-13 10:10:02', '2021-12-13 10:10:02'),
(1851, 11, 'home', '2021-12-13 10:32:47', '2021-12-13 10:32:47'),
(1852, 11, 'app.competitor.index', '2021-12-13 10:32:58', '2021-12-13 10:32:58'),
(1853, 11, 'app.competitor.create', '2021-12-13 10:33:01', '2021-12-13 10:33:01'),
(1854, 11, 'app.competitor.store', '2021-12-13 10:33:58', '2021-12-13 10:33:58'),
(1855, 11, 'app.competitor.create', '2021-12-13 10:33:59', '2021-12-13 10:33:59'),
(1856, 11, 'app.competitor.store', '2021-12-13 10:34:59', '2021-12-13 10:34:59'),
(1857, 11, 'app.competitor.create', '2021-12-13 10:34:59', '2021-12-13 10:34:59'),
(1858, 11, 'app.payment.index', '2021-12-13 10:35:04', '2021-12-13 10:35:04'),
(1859, 11, 'app.payment.index', '2021-12-13 10:35:06', '2021-12-13 10:35:06'),
(1860, 11, 'app.competitor.index', '2021-12-13 10:35:09', '2021-12-13 10:35:09'),
(1861, 11, 'app.competitor.edit', '2021-12-13 10:35:21', '2021-12-13 10:35:21'),
(1862, 11, 'app.competitor.detail.update', '2021-12-13 10:36:49', '2021-12-13 10:36:49'),
(1863, 11, 'app.competitor.edit', '2021-12-13 10:36:49', '2021-12-13 10:36:49'),
(1864, 11, 'home', '2021-12-13 10:38:02', '2021-12-13 10:38:02'),
(1865, 11, 'app.competitor.index', '2021-12-13 10:38:04', '2021-12-13 10:38:04'),
(1866, 11, 'app.competitor.edit', '2021-12-13 10:38:07', '2021-12-13 10:38:07'),
(1867, 11, 'app.competitor.detail.update', '2021-12-13 10:39:11', '2021-12-13 10:39:11'),
(1868, 11, 'app.competitor.edit', '2021-12-13 10:39:11', '2021-12-13 10:39:11'),
(1869, 11, 'home', '2021-12-13 10:39:18', '2021-12-13 10:39:18'),
(1870, 11, 'home', '2021-12-13 10:39:20', '2021-12-13 10:39:20'),
(1871, 11, 'app.competitor.index', '2021-12-13 10:39:25', '2021-12-13 10:39:25'),
(1872, 11, 'app.competitor.edit', '2021-12-13 10:39:36', '2021-12-13 10:39:36'),
(1873, 11, 'app.competitor.detail.update', '2021-12-13 10:39:54', '2021-12-13 10:39:54'),
(1874, 11, 'app.competitor.edit', '2021-12-13 10:39:55', '2021-12-13 10:39:55'),
(1875, 11, 'home', '2021-12-13 10:40:02', '2021-12-13 10:40:02'),
(1876, 11, 'app.competitor.index', '2021-12-13 10:40:08', '2021-12-13 10:40:08'),
(1877, 11, 'app.payment.index', '2021-12-13 10:40:09', '2021-12-13 10:40:09'),
(1878, 11, 'app.competitor.index', '2021-12-13 10:40:15', '2021-12-13 10:40:15'),
(1879, 11, 'app.competitor.create', '2021-12-13 10:40:23', '2021-12-13 10:40:23'),
(1880, 11, 'app.competitor.store', '2021-12-13 10:41:15', '2021-12-13 10:41:15'),
(1881, 11, 'app.competitor.create', '2021-12-13 10:41:16', '2021-12-13 10:41:16'),
(1882, 11, 'app.competitor.index', '2021-12-13 10:41:20', '2021-12-13 10:41:20'),
(1883, 11, 'app.competitor.edit', '2021-12-13 10:55:48', '2021-12-13 10:55:48'),
(1884, 11, 'app.competitor.detail.update', '2021-12-13 10:56:36', '2021-12-13 10:56:36'),
(1885, 11, 'app.competitor.edit', '2021-12-13 10:56:37', '2021-12-13 10:56:37'),
(1886, 11, 'home', '2021-12-13 11:03:12', '2021-12-13 11:03:12'),
(1887, 11, 'app.payment.create', '2021-12-13 11:03:17', '2021-12-13 11:03:17'),
(1888, 6, 'home', '2021-12-13 18:42:05', '2021-12-13 18:42:05'),
(1889, 6, 'app.competitor.create', '2021-12-13 18:42:11', '2021-12-13 18:42:11'),
(1890, 6, 'app.upload.index', '2021-12-13 18:42:16', '2021-12-13 18:42:16'),
(1891, 6, 'app.upload.index', '2021-12-13 18:42:19', '2021-12-13 18:42:19'),
(1892, 6, 'home', '2021-12-13 18:42:19', '2021-12-13 18:42:19'),
(1893, 6, 'app.competitor.index', '2021-12-13 18:42:44', '2021-12-13 18:42:44'),
(1894, 6, 'home', '2021-12-13 18:42:47', '2021-12-13 18:42:47'),
(1895, 6, 'app.competitor.create', '2021-12-13 18:42:50', '2021-12-13 18:42:50'),
(1896, 6, 'app.competitor.createTeam', '2021-12-13 18:42:52', '2021-12-13 18:42:52'),
(1897, 6, 'app.competitor.createTeam', '2021-12-13 18:42:52', '2021-12-13 18:42:52'),
(1898, 6, 'app.competitor.create', '2021-12-13 18:42:53', '2021-12-13 18:42:53'),
(1899, 6, 'home', '2021-12-13 18:43:19', '2021-12-13 18:43:19'),
(1900, 6, 'app.payment.create', '2021-12-13 18:43:20', '2021-12-13 18:43:20'),
(1901, 6, 'app.competitor.create', '2021-12-13 18:43:21', '2021-12-13 18:43:21'),
(1902, 6, 'app.payment.index', '2021-12-13 18:44:54', '2021-12-13 18:44:54'),
(1903, 6, 'app.payment.index', '2021-12-13 18:44:56', '2021-12-13 18:44:56'),
(1904, 6, 'app.payment.index', '2021-12-13 18:44:56', '2021-12-13 18:44:56'),
(1905, 6, 'app.payment.index', '2021-12-13 18:44:56', '2021-12-13 18:44:56'),
(1906, 6, 'app.payment.index', '2021-12-13 18:44:58', '2021-12-13 18:44:58'),
(1907, 6, 'home', '2021-12-13 18:44:58', '2021-12-13 18:44:58'),
(1908, 6, 'account.index', '2021-12-13 18:45:10', '2021-12-13 18:45:10'),
(1909, 6, 'app.competitor.index', '2021-12-13 18:45:19', '2021-12-13 18:45:19'),
(1910, 6, 'home', '2021-12-13 18:45:21', '2021-12-13 18:45:21'),
(1911, 6, 'app.payment.index', '2021-12-13 18:46:35', '2021-12-13 18:46:35'),
(1912, 6, 'home', '2021-12-13 18:46:36', '2021-12-13 18:46:36'),
(1913, 6, 'app.competitor.create', '2021-12-13 18:46:50', '2021-12-13 18:46:50'),
(1914, 6, 'app.competitor.store', '2021-12-13 18:47:54', '2021-12-13 18:47:54'),
(1915, 6, 'app.competitor.create', '2021-12-13 18:47:54', '2021-12-13 18:47:54'),
(1916, 6, 'app.competitor.index', '2021-12-13 18:47:58', '2021-12-13 18:47:58'),
(1917, 6, 'app.competitor.edit', '2021-12-13 18:48:03', '2021-12-13 18:48:03'),
(1918, 6, 'app.competitor.edit', '2021-12-13 18:48:03', '2021-12-13 18:48:03'),
(1919, 6, 'app.competitor.detail.update', '2021-12-13 18:49:06', '2021-12-13 18:49:06'),
(1920, 6, 'app.competitor.edit', '2021-12-13 18:49:06', '2021-12-13 18:49:06'),
(1921, 6, 'home', '2021-12-13 18:49:15', '2021-12-13 18:49:15'),
(1922, 6, 'app.competitor.index', '2021-12-13 18:49:18', '2021-12-13 18:49:18'),
(1923, 6, 'app.payment.index', '2021-12-13 18:49:54', '2021-12-13 18:49:54'),
(1924, 6, 'app.competitor.index', '2021-12-13 18:49:57', '2021-12-13 18:49:57'),
(1925, 6, 'app.upload.index', '2021-12-13 18:50:00', '2021-12-13 18:50:00'),
(1926, 6, 'app.payment.index', '2021-12-13 18:50:02', '2021-12-13 18:50:02'),
(1927, 6, 'app.competitor.index', '2021-12-13 18:50:03', '2021-12-13 18:50:03'),
(1928, 6, 'home', '2021-12-13 18:50:22', '2021-12-13 18:50:22'),
(1929, 6, 'account.index', '2021-12-13 18:50:27', '2021-12-13 18:50:27'),
(1930, 6, 'account.store', '2021-12-13 18:50:30', '2021-12-13 18:50:30'),
(1931, 6, 'account.index', '2021-12-13 18:50:30', '2021-12-13 18:50:30'),
(1932, 6, 'app.payment.index', '2021-12-13 18:50:38', '2021-12-13 18:50:38'),
(1933, 6, 'app.competitor.index', '2021-12-13 18:50:39', '2021-12-13 18:50:39'),
(1934, 6, 'app.competitor.edit', '2021-12-13 18:50:41', '2021-12-13 18:50:41'),
(1935, 6, 'app.competitor.detail.update', '2021-12-13 18:50:54', '2021-12-13 18:50:54'),
(1936, 6, 'app.competitor.edit', '2021-12-13 18:50:54', '2021-12-13 18:50:54'),
(1937, 6, 'app.competitor.detail.update', '2021-12-13 18:50:58', '2021-12-13 18:50:58'),
(1938, 6, 'app.competitor.edit', '2021-12-13 18:50:58', '2021-12-13 18:50:58'),
(1939, 6, 'app.payment.index', '2021-12-13 18:51:02', '2021-12-13 18:51:02'),
(1940, 6, 'app.payment.create', '2021-12-13 18:51:03', '2021-12-13 18:51:03'),
(1941, 6, 'app.payment.index', '2021-12-13 18:51:27', '2021-12-13 18:51:27'),
(1942, 6, 'app.upload.index', '2021-12-13 18:51:30', '2021-12-13 18:51:30'),
(1943, 6, 'app.payment.index', '2021-12-13 18:51:32', '2021-12-13 18:51:32'),
(1944, 6, 'app.competitor.index', '2021-12-13 18:51:33', '2021-12-13 18:51:33'),
(1945, 6, 'app.competitor.destroy', '2021-12-13 18:51:36', '2021-12-13 18:51:36'),
(1946, 6, 'app.competitor.index', '2021-12-13 18:51:36', '2021-12-13 18:51:36'),
(1947, 6, 'app.payment.index', '2021-12-13 19:01:23', '2021-12-13 19:01:23'),
(1948, 6, 'app.upload.index', '2021-12-13 19:01:25', '2021-12-13 19:01:25'),
(1949, 6, 'home', '2021-12-13 19:01:26', '2021-12-13 19:01:26'),
(1950, 6, 'app.competitor.index', '2021-12-13 19:01:28', '2021-12-13 19:01:28'),
(1951, 6, 'app.competitor.index', '2021-12-13 19:01:28', '2021-12-13 19:01:28'),
(1952, 6, 'app.competitor.index', '2021-12-13 19:01:30', '2021-12-13 19:01:30'),
(1953, 12, 'home', '2021-12-14 08:09:19', '2021-12-14 08:09:19'),
(1954, 12, 'app.competitor.create', '2021-12-14 08:09:41', '2021-12-14 08:09:41'),
(1955, 12, 'app.competitor.createTeam', '2021-12-14 08:11:12', '2021-12-14 08:11:12'),
(1956, 12, 'app.competitor.create', '2021-12-14 08:11:16', '2021-12-14 08:11:16'),
(1957, 12, 'app.payment.index', '2021-12-14 08:13:21', '2021-12-14 08:13:21'),
(1958, 12, 'home', '2021-12-14 08:13:26', '2021-12-14 08:13:26'),
(1959, 12, 'app.competitor.index', '2021-12-14 08:13:28', '2021-12-14 08:13:28'),
(1960, 12, 'app.competitor.store', '2021-12-14 08:13:49', '2021-12-14 08:13:49'),
(1961, 12, 'app.competitor.create', '2021-12-14 08:13:49', '2021-12-14 08:13:49'),
(1962, 12, 'app.competitor.index', '2021-12-14 08:15:11', '2021-12-14 08:15:11'),
(1963, 12, 'app.competitor.index', '2021-12-14 08:16:34', '2021-12-14 08:16:34'),
(1964, 2, 'home', '2021-12-14 08:18:52', '2021-12-14 08:18:52'),
(1965, 2, 'app.competitor.create', '2021-12-14 08:19:09', '2021-12-14 08:19:09'),
(1966, 2, 'app.competitor.createTeam', '2021-12-14 08:19:22', '2021-12-14 08:19:22'),
(1967, 12, 'app.upload.index', '2021-12-14 08:22:11', '2021-12-14 08:22:11'),
(1968, 12, 'app.payment.index', '2021-12-14 08:22:12', '2021-12-14 08:22:12'),
(1969, 12, 'app.upload.index', '2021-12-14 08:22:15', '2021-12-14 08:22:15'),
(1970, 12, 'app.competitor.index', '2021-12-14 08:22:17', '2021-12-14 08:22:17'),
(1971, 12, 'home', '2021-12-14 08:22:31', '2021-12-14 08:22:31'),
(1972, 2, 'home', '2021-12-14 11:19:52', '2021-12-14 11:19:52'),
(1973, 2, 'account.index', '2021-12-14 11:20:05', '2021-12-14 11:20:05'),
(1974, 2, 'admin.payment.index', '2021-12-14 11:20:25', '2021-12-14 11:20:25'),
(1975, 2, 'admin.competitor.index', '2021-12-14 11:20:28', '2021-12-14 11:20:28'),
(1976, 2, 'admin.sponsor.index', '2021-12-14 11:21:20', '2021-12-14 11:21:20'),
(1977, 2, 'admin.competition.index', '2021-12-14 11:21:38', '2021-12-14 11:21:38'),
(1978, 2, 'app.payment.index', '2021-12-14 11:22:04', '2021-12-14 11:22:04'),
(1979, 2, 'app.payment.create', '2021-12-14 11:22:07', '2021-12-14 11:22:07'),
(1980, 2, 'admin.user.index', '2021-12-14 11:22:15', '2021-12-14 11:22:15'),
(1981, 2, 'admin.question.index', '2021-12-14 11:22:17', '2021-12-14 11:22:17'),
(1982, 2, 'admin.paymentMethod.index', '2021-12-14 11:22:18', '2021-12-14 11:22:18'),
(1983, 2, 'admin.question.index', '2021-12-14 11:22:30', '2021-12-14 11:22:30'),
(1984, 2, 'admin.competitor.index', '2021-12-14 11:22:31', '2021-12-14 11:22:31'),
(1985, 2, 'admin.tiket', '2021-12-14 11:22:43', '2021-12-14 11:22:43'),
(1986, 2, 'admin.competition.index', '2021-12-14 11:22:59', '2021-12-14 11:22:59'),
(1987, 2, 'admin.index', '2021-12-14 11:23:02', '2021-12-14 11:23:02'),
(1988, 2, 'admin.user.index', '2021-12-14 11:23:06', '2021-12-14 11:23:06'),
(1989, 2, 'admin.user.index', '2021-12-14 11:24:10', '2021-12-14 11:24:10'),
(1990, 2, 'account.index', '2021-12-14 11:24:17', '2021-12-14 11:24:17'),
(1991, 2, 'account.store', '2021-12-14 11:24:30', '2021-12-14 11:24:30'),
(1992, 2, 'account.index', '2021-12-14 11:24:30', '2021-12-14 11:24:30'),
(1993, 2, 'account.index', '2021-12-14 11:24:42', '2021-12-14 11:24:42'),
(1994, 2, 'admin.competitionType.index', '2021-12-14 11:24:44', '2021-12-14 11:24:44'),
(1995, 2, 'admin.payment.index', '2021-12-14 11:24:48', '2021-12-14 11:24:48'),
(1996, 2, 'admin.user.index', '2021-12-14 11:24:50', '2021-12-14 11:24:50'),
(1997, 2, 'home', '2021-12-14 11:43:02', '2021-12-14 11:43:02'),
(1998, 2, 'admin.competition.index', '2021-12-14 11:43:08', '2021-12-14 11:43:08'),
(1999, 2, 'admin.competition.edit', '2021-12-14 11:43:15', '2021-12-14 11:43:15'),
(2000, 2, 'admin.competition.create', '2021-12-14 11:43:34', '2021-12-14 11:43:34'),
(2001, 2, 'admin.competition.store', '2021-12-14 11:46:07', '2021-12-14 11:46:07'),
(2002, 2, 'admin.competition.create', '2021-12-14 11:46:07', '2021-12-14 11:46:07'),
(2003, 2, 'admin.competitionType.index', '2021-12-14 11:46:14', '2021-12-14 11:46:14'),
(2004, 2, 'admin.competitionType.edit', '2021-12-14 11:46:19', '2021-12-14 11:46:19'),
(2005, 2, 'admin.competitionType.update', '2021-12-14 11:49:01', '2021-12-14 11:49:01'),
(2006, 2, 'admin.competitionType.edit', '2021-12-14 11:49:01', '2021-12-14 11:49:01'),
(2007, 2, 'admin.competition.index', '2021-12-14 11:49:35', '2021-12-14 11:49:35'),
(2008, 2, 'admin.competition.create', '2021-12-14 11:49:46', '2021-12-14 11:49:46'),
(2009, 2, 'admin.competition.store', '2021-12-14 11:50:19', '2021-12-14 11:50:19'),
(2010, 2, 'admin.competition.create', '2021-12-14 11:50:20', '2021-12-14 11:50:20'),
(2011, 2, 'admin.competition.index', '2021-12-14 11:50:22', '2021-12-14 11:50:22'),
(2012, 2, 'admin.index', '2021-12-14 11:50:40', '2021-12-14 11:50:40');
INSERT INTO `activity_logs` (`id`, `user_id`, `route`, `created_at`, `updated_at`) VALUES
(2013, 2, 'admin.user.index', '2021-12-14 11:50:53', '2021-12-14 11:50:53'),
(2014, 2, 'admin.question.index', '2021-12-14 11:51:36', '2021-12-14 11:51:36'),
(2015, 2, 'admin.paymentMethod.index', '2021-12-14 11:51:42', '2021-12-14 11:51:42'),
(2016, 2, 'admin.panduan.index', '2021-12-14 11:51:46', '2021-12-14 11:51:46'),
(2017, 2, 'admin.user.index', '2021-12-14 11:51:50', '2021-12-14 11:51:50'),
(2018, 2, 'admin.competition.index', '2021-12-14 11:51:57', '2021-12-14 11:51:57'),
(2019, 2, 'admin.index', '2021-12-14 11:52:04', '2021-12-14 11:52:04'),
(2020, 2, 'home', '2021-12-14 12:56:19', '2021-12-14 12:56:19'),
(2021, 2, 'admin.competitor.index', '2021-12-14 12:56:59', '2021-12-14 12:56:59'),
(2022, 2, 'app.payment.index', '2021-12-14 12:57:28', '2021-12-14 12:57:28'),
(2023, 2, 'admin.payment.index', '2021-12-14 12:57:31', '2021-12-14 12:57:31'),
(2024, 2, 'admin.competitionType.index', '2021-12-14 12:57:33', '2021-12-14 12:57:33'),
(2025, 2, 'admin.competition.index', '2021-12-14 12:57:36', '2021-12-14 12:57:36'),
(2026, 2, 'home', '2021-12-14 16:31:45', '2021-12-14 16:31:45'),
(2027, 2, 'admin.user.index', '2021-12-14 16:31:59', '2021-12-14 16:31:59'),
(2028, 2, 'app.competitor.index', '2021-12-14 16:32:08', '2021-12-14 16:32:08'),
(2029, 2, 'admin.competitor.index', '2021-12-14 16:32:11', '2021-12-14 16:32:11'),
(2030, 2, 'admin.competitor.edit', '2021-12-14 16:33:06', '2021-12-14 16:33:06'),
(2031, 2, 'admin.competitor.edit', '2021-12-14 16:33:26', '2021-12-14 16:33:26'),
(2032, 9, 'home', '2021-12-15 01:41:51', '2021-12-15 01:41:51'),
(2033, 9, 'app.payment.create', '2021-12-15 01:41:54', '2021-12-15 01:41:54'),
(2034, 9, 'app.payment.index', '2021-12-15 01:42:06', '2021-12-15 01:42:06'),
(2035, 9, 'home', '2021-12-15 01:42:07', '2021-12-15 01:42:07'),
(2036, 9, 'app.competitor.index', '2021-12-15 01:42:08', '2021-12-15 01:42:08'),
(2037, 9, 'message.show', '2021-12-15 01:42:25', '2021-12-15 01:42:25'),
(2038, 9, 'app.competitor.index', '2021-12-15 01:42:27', '2021-12-15 01:42:27'),
(2039, 9, 'app.payment.index', '2021-12-15 01:42:29', '2021-12-15 01:42:29'),
(2040, 9, 'app.upload.index', '2021-12-15 01:42:30', '2021-12-15 01:42:30'),
(2041, 9, 'home', '2021-12-15 01:42:32', '2021-12-15 01:42:32'),
(2042, 9, 'app.payment.create', '2021-12-15 01:42:49', '2021-12-15 01:42:49'),
(2043, 9, 'app.payment.index', '2021-12-15 01:43:48', '2021-12-15 01:43:48'),
(2044, 2, 'home', '2021-12-15 03:40:29', '2021-12-15 03:40:29'),
(2045, 2, 'account.index', '2021-12-15 03:40:47', '2021-12-15 03:40:47'),
(2046, 2, 'account.index', '2021-12-15 03:40:59', '2021-12-15 03:40:59'),
(2047, 2, 'account.store', '2021-12-15 03:41:11', '2021-12-15 03:41:11'),
(2048, 2, 'account.index', '2021-12-15 03:41:13', '2021-12-15 03:41:13'),
(2049, 2, 'admin.index', '2021-12-15 03:41:18', '2021-12-15 03:41:18'),
(2050, 2, 'home', '2021-12-15 03:41:22', '2021-12-15 03:41:22'),
(2051, 2, 'app.competitor.create', '2021-12-15 03:41:29', '2021-12-15 03:41:29'),
(2052, 2, 'app.competitor.createTeam', '2021-12-15 03:41:32', '2021-12-15 03:41:32'),
(2053, 2, 'app.payment.index', '2021-12-15 03:41:50', '2021-12-15 03:41:50'),
(2054, 2, 'admin.index', '2021-12-15 03:41:53', '2021-12-15 03:41:53'),
(2055, 2, 'app.payment.index', '2021-12-15 03:42:03', '2021-12-15 03:42:03'),
(2056, 2, 'admin.paymentMethod.index', '2021-12-15 03:42:06', '2021-12-15 03:42:06'),
(2057, 2, 'admin.competitor.index', '2021-12-15 03:42:14', '2021-12-15 03:42:14'),
(2058, 2, 'home', '2021-12-15 03:55:23', '2021-12-15 03:55:23'),
(2059, 2, 'admin.index', '2021-12-15 03:56:04', '2021-12-15 03:56:04'),
(2060, 2, 'admin.competition.index', '2021-12-15 03:56:06', '2021-12-15 03:56:06'),
(2061, 2, 'admin.competitionType.index', '2021-12-15 03:56:12', '2021-12-15 03:56:12'),
(2062, 2, 'admin.user.index', '2021-12-15 03:56:21', '2021-12-15 03:56:21'),
(2063, 2, 'admin.question.index', '2021-12-15 03:57:38', '2021-12-15 03:57:38'),
(2064, 2, 'admin.sponsor.index', '2021-12-15 03:57:40', '2021-12-15 03:57:40'),
(2065, 2, 'admin.paymentMethod.index', '2021-12-15 03:57:42', '2021-12-15 03:57:42'),
(2066, 2, 'admin.index', '2021-12-15 03:57:44', '2021-12-15 03:57:44'),
(2067, 2, 'admin.competition.index', '2021-12-15 03:59:49', '2021-12-15 03:59:49'),
(2068, 2, 'admin.competitionType.index', '2021-12-15 03:59:57', '2021-12-15 03:59:57'),
(2069, 5, 'app.guide.show', '2021-12-15 05:39:36', '2021-12-15 05:39:36'),
(2070, 2, 'home', '2021-12-15 05:39:37', '2021-12-15 05:39:37'),
(2071, 2, 'app.guide.show', '2021-12-15 05:39:45', '2021-12-15 05:39:45'),
(2072, 2, 'home', '2021-12-15 05:39:45', '2021-12-15 05:39:45'),
(2073, 2, 'admin.competitor.index', '2021-12-15 05:39:49', '2021-12-15 05:39:49'),
(2074, 2, 'admin.user.index', '2021-12-15 05:40:16', '2021-12-15 05:40:16'),
(2075, 2, 'admin.question.index', '2021-12-15 05:43:44', '2021-12-15 05:43:44'),
(2076, 2, 'admin.index', '2021-12-15 05:43:47', '2021-12-15 05:43:47'),
(2077, 2, 'home', '2021-12-15 06:52:52', '2021-12-15 06:52:52'),
(2078, 2, 'admin.competitionType.index', '2021-12-15 06:53:05', '2021-12-15 06:53:05'),
(2079, 2, 'admin.competitionType.edit', '2021-12-15 06:57:22', '2021-12-15 06:57:22'),
(2080, 2, 'app.competitor.index', '2021-12-15 07:03:36', '2021-12-15 07:03:36'),
(2081, 2, 'app.payment.index', '2021-12-15 07:03:43', '2021-12-15 07:03:43'),
(2082, 2, 'home', '2021-12-15 07:03:49', '2021-12-15 07:03:49'),
(2083, 2, 'home', '2021-12-15 07:27:43', '2021-12-15 07:27:43'),
(2084, 2, 'admin.competitionType.index', '2021-12-15 07:27:49', '2021-12-15 07:27:49'),
(2085, 2, 'admin.competitionType.edit', '2021-12-15 07:30:27', '2021-12-15 07:30:27'),
(2086, 2, 'admin.competitionType.update', '2021-12-15 07:32:27', '2021-12-15 07:32:27'),
(2087, 2, 'admin.competitionType.edit', '2021-12-15 07:32:27', '2021-12-15 07:32:27'),
(2088, 2, 'admin.competitionType.index', '2021-12-15 07:32:47', '2021-12-15 07:32:47'),
(2089, 2, 'admin.competitionType.edit', '2021-12-15 07:32:56', '2021-12-15 07:32:56'),
(2090, 2, 'admin.competitionType.update', '2021-12-15 07:36:20', '2021-12-15 07:36:20'),
(2091, 2, 'admin.competitionType.edit', '2021-12-15 07:36:20', '2021-12-15 07:36:20'),
(2092, 2, 'admin.competitionType.index', '2021-12-15 07:36:24', '2021-12-15 07:36:24'),
(2093, 2, 'admin.competitionType.edit', '2021-12-15 07:36:30', '2021-12-15 07:36:30'),
(2094, 2, 'admin.competitionType.update', '2021-12-15 07:37:17', '2021-12-15 07:37:17'),
(2095, 2, 'admin.competitionType.edit', '2021-12-15 07:37:17', '2021-12-15 07:37:17'),
(2096, 2, 'admin.competitionType.index', '2021-12-15 07:37:23', '2021-12-15 07:37:23'),
(2097, 2, 'admin.competitionType.edit', '2021-12-15 07:37:29', '2021-12-15 07:37:29'),
(2098, 2, 'admin.competitionType.update', '2021-12-15 07:38:21', '2021-12-15 07:38:21'),
(2099, 2, 'admin.competitionType.edit', '2021-12-15 07:38:21', '2021-12-15 07:38:21'),
(2100, 2, 'admin.competitionType.index', '2021-12-15 07:38:25', '2021-12-15 07:38:25'),
(2101, 2, 'admin.competitionType.edit', '2021-12-15 07:38:38', '2021-12-15 07:38:38'),
(2102, 2, 'admin.competitionType.update', '2021-12-15 07:42:22', '2021-12-15 07:42:22'),
(2103, 2, 'admin.competitionType.edit', '2021-12-15 07:42:22', '2021-12-15 07:42:22'),
(2104, 2, 'admin.competitionType.index', '2021-12-15 07:42:35', '2021-12-15 07:42:35'),
(2105, 2, 'admin.competitionType.edit', '2021-12-15 07:42:40', '2021-12-15 07:42:40'),
(2106, 2, 'admin.competitionType.update', '2021-12-15 07:58:59', '2021-12-15 07:58:59'),
(2107, 2, 'admin.competitionType.edit', '2021-12-15 07:59:00', '2021-12-15 07:59:00'),
(2108, 2, 'admin.competitionType.index', '2021-12-15 07:59:09', '2021-12-15 07:59:09'),
(2109, 2, 'admin.competitionType.edit', '2021-12-15 07:59:34', '2021-12-15 07:59:34'),
(2110, 2, 'admin.competitionType.update', '2021-12-15 08:10:08', '2021-12-15 08:10:08'),
(2111, 2, 'admin.competitionType.edit', '2021-12-15 08:10:08', '2021-12-15 08:10:08'),
(2112, 2, 'admin.competitionType.index', '2021-12-15 08:10:13', '2021-12-15 08:10:13'),
(2113, 2, 'admin.competitionType.edit', '2021-12-15 08:10:22', '2021-12-15 08:10:22'),
(2114, 2, 'admin.competitionType.update', '2021-12-15 08:19:36', '2021-12-15 08:19:36'),
(2115, 2, 'admin.competitionType.edit', '2021-12-15 08:19:36', '2021-12-15 08:19:36'),
(2116, 9, 'home', '2021-12-15 11:17:37', '2021-12-15 11:17:37'),
(2117, 9, 'app.payment.create', '2021-12-15 11:17:38', '2021-12-15 11:17:38'),
(2118, 9, 'app.payment.create', '2021-12-15 11:31:19', '2021-12-15 11:31:19'),
(2119, 9, 'app.payment.create', '2021-12-15 11:48:12', '2021-12-15 11:48:12'),
(2120, 9, 'app.payment.store', '2021-12-15 11:50:26', '2021-12-15 11:50:26'),
(2121, 9, 'app.payment.index', '2021-12-15 11:50:26', '2021-12-15 11:50:26'),
(2122, 9, 'app.payment.show', '2021-12-15 11:50:42', '2021-12-15 11:50:42'),
(2123, 9, 'home', '2021-12-16 00:35:54', '2021-12-16 00:35:54'),
(2124, 9, 'app.payment.create', '2021-12-16 00:35:55', '2021-12-16 00:35:55'),
(2125, 9, 'app.payment.index', '2021-12-16 00:36:00', '2021-12-16 00:36:00'),
(2126, 9, 'app.payment.show', '2021-12-16 00:36:19', '2021-12-16 00:36:19'),
(2127, 9, 'home', '2021-12-16 00:36:39', '2021-12-16 00:36:39'),
(2128, 9, 'app.payment.create', '2021-12-16 00:36:42', '2021-12-16 00:36:42'),
(2129, 9, 'app.competitor.index', '2021-12-16 00:36:45', '2021-12-16 00:36:45'),
(2130, 9, 'app.competitor.edit', '2021-12-16 00:36:55', '2021-12-16 00:36:55'),
(2131, 9, 'home', '2021-12-16 00:46:01', '2021-12-16 00:46:01'),
(2132, 9, 'home', '2021-12-16 00:46:06', '2021-12-16 00:46:06'),
(2133, 9, 'app.competitor.index', '2021-12-16 00:46:07', '2021-12-16 00:46:07'),
(2134, 9, 'app.competitor.edit', '2021-12-16 00:46:12', '2021-12-16 00:46:12'),
(2135, 9, 'app.competitor.detail.update', '2021-12-16 00:46:30', '2021-12-16 00:46:30'),
(2136, 9, 'app.competitor.edit', '2021-12-16 00:46:31', '2021-12-16 00:46:31'),
(2137, 9, 'app.competitor.detail.update', '2021-12-16 00:46:50', '2021-12-16 00:46:50'),
(2138, 9, 'app.competitor.edit', '2021-12-16 00:46:51', '2021-12-16 00:46:51'),
(2139, 9, 'app.competitor.index', '2021-12-16 00:46:56', '2021-12-16 00:46:56'),
(2140, 9, 'app.payment.index', '2021-12-16 00:46:58', '2021-12-16 00:46:58'),
(2141, 9, 'app.upload.index', '2021-12-16 00:47:06', '2021-12-16 00:47:06'),
(2142, 9, 'app.payment.index', '2021-12-16 00:47:09', '2021-12-16 00:47:09'),
(2143, 9, 'app.competitor.index', '2021-12-16 00:47:11', '2021-12-16 00:47:11'),
(2144, 9, 'app.competitor.edit', '2021-12-16 00:47:18', '2021-12-16 00:47:18'),
(2145, 9, 'app.competitor.detail.update', '2021-12-16 00:52:08', '2021-12-16 00:52:08'),
(2146, 9, 'app.competitor.edit', '2021-12-16 00:52:10', '2021-12-16 00:52:10'),
(2147, 9, 'app.competitor.index', '2021-12-16 00:52:16', '2021-12-16 00:52:16'),
(2148, 9, 'app.competitor.index', '2021-12-16 00:52:17', '2021-12-16 00:52:17'),
(2149, 9, 'app.payment.index', '2021-12-16 00:52:21', '2021-12-16 00:52:21'),
(2150, 9, 'app.competitor.index', '2021-12-16 00:52:25', '2021-12-16 00:52:25'),
(2151, 9, 'home', '2021-12-16 00:52:27', '2021-12-16 00:52:27'),
(2152, 9, 'app.upload.index', '2021-12-16 00:52:28', '2021-12-16 00:52:28'),
(2153, 9, 'app.payment.index', '2021-12-16 00:52:30', '2021-12-16 00:52:30'),
(2154, 9, 'app.competitor.index', '2021-12-16 00:52:31', '2021-12-16 00:52:31'),
(2155, 2, 'home', '2021-12-16 05:20:21', '2021-12-16 05:20:21'),
(2156, 2, 'admin.competitionType.index', '2021-12-16 05:22:46', '2021-12-16 05:22:46'),
(2157, 2, 'admin.competitionType.edit', '2021-12-16 05:23:00', '2021-12-16 05:23:00'),
(2158, 2, 'admin.competitionType.update', '2021-12-16 05:44:15', '2021-12-16 05:44:15'),
(2159, 2, 'admin.competitionType.edit', '2021-12-16 05:44:15', '2021-12-16 05:44:15'),
(2160, 2, 'admin.competitionType.index', '2021-12-16 05:46:39', '2021-12-16 05:46:39'),
(2161, 2, 'admin.competitionType.edit', '2021-12-16 05:46:44', '2021-12-16 05:46:44'),
(2162, 2, 'admin.competitionType.index', '2021-12-16 05:52:54', '2021-12-16 05:52:54'),
(2163, 2, 'admin.competitionType.edit', '2021-12-16 05:52:57', '2021-12-16 05:52:57'),
(2164, 2, 'admin.competitionType.update', '2021-12-16 05:57:27', '2021-12-16 05:57:27'),
(2165, 2, 'admin.competitionType.edit', '2021-12-16 05:57:28', '2021-12-16 05:57:28'),
(2166, 11, 'home', '2021-12-16 06:31:03', '2021-12-16 06:31:03'),
(2167, 11, 'app.competitor.index', '2021-12-16 06:31:12', '2021-12-16 06:31:12'),
(2168, 11, 'app.payment.index', '2021-12-16 06:31:17', '2021-12-16 06:31:17'),
(2169, 11, 'app.payment.create', '2021-12-16 06:31:19', '2021-12-16 06:31:19'),
(2170, 11, 'app.competitor.index', '2021-12-16 06:31:22', '2021-12-16 06:31:22'),
(2171, 11, 'app.competitor.destroy', '2021-12-16 06:33:12', '2021-12-16 06:33:12'),
(2172, 11, 'app.competitor.index', '2021-12-16 06:33:12', '2021-12-16 06:33:12'),
(2173, 11, 'app.payment.index', '2021-12-16 06:33:16', '2021-12-16 06:33:16'),
(2174, 11, 'app.payment.create', '2021-12-16 06:33:17', '2021-12-16 06:33:17'),
(2175, 11, 'app.payment.store', '2021-12-16 06:44:52', '2021-12-16 06:44:52'),
(2176, 11, 'app.payment.index', '2021-12-16 06:44:53', '2021-12-16 06:44:53'),
(2177, 2, 'admin.competitionType.index', '2021-12-16 07:11:50', '2021-12-16 07:11:50'),
(2178, 2, 'admin.competitionType.edit', '2021-12-16 07:11:56', '2021-12-16 07:11:56'),
(2179, 2, 'admin.competitionType.index', '2021-12-16 07:13:47', '2021-12-16 07:13:47'),
(2180, 2, 'admin.competitionType.edit', '2021-12-16 07:14:01', '2021-12-16 07:14:01'),
(2181, 2, 'admin.competitionType.index', '2021-12-16 07:19:18', '2021-12-16 07:19:18'),
(2182, 2, 'admin.competitionType.edit', '2021-12-16 07:19:21', '2021-12-16 07:19:21'),
(2183, 2, 'home', '2021-12-16 07:31:03', '2021-12-16 07:31:03'),
(2184, 2, 'admin.user.index', '2021-12-16 07:31:20', '2021-12-16 07:31:20'),
(2185, 2, 'admin.competitor.index', '2021-12-16 07:32:16', '2021-12-16 07:32:16'),
(2186, 2, 'admin.tiket', '2021-12-16 07:34:11', '2021-12-16 07:34:11'),
(2187, 2, 'admin.competitionType.update', '2021-12-16 07:35:54', '2021-12-16 07:35:54'),
(2188, 2, 'admin.competitionType.edit', '2021-12-16 07:35:54', '2021-12-16 07:35:54'),
(2189, 2, 'admin.competitionType.index', '2021-12-16 07:35:58', '2021-12-16 07:35:58'),
(2190, 2, 'admin.competitionType.edit', '2021-12-16 07:36:06', '2021-12-16 07:36:06'),
(2191, 2, 'home', '2021-12-16 07:37:49', '2021-12-16 07:37:49'),
(2192, 2, 'admin.competitionType.update', '2021-12-16 07:42:27', '2021-12-16 07:42:27'),
(2193, 2, 'admin.competitionType.edit', '2021-12-16 07:42:27', '2021-12-16 07:42:27'),
(2194, 2, 'admin.competitionType.index', '2021-12-16 07:42:31', '2021-12-16 07:42:31'),
(2195, 2, 'admin.competitionType.index', '2021-12-16 07:42:38', '2021-12-16 07:42:38'),
(2196, 2, 'admin.competitionType.edit', '2021-12-16 07:42:41', '2021-12-16 07:42:41'),
(2197, 11, 'app.payment.show', '2021-12-16 07:44:12', '2021-12-16 07:44:12'),
(2198, 2, 'admin.competitionType.edit', '2021-12-16 07:44:18', '2021-12-16 07:44:18'),
(2199, 11, 'home', '2021-12-16 07:44:31', '2021-12-16 07:44:31'),
(2200, 11, 'app.payment.index', '2021-12-16 07:44:40', '2021-12-16 07:44:40'),
(2201, 11, 'home', '2021-12-16 07:44:53', '2021-12-16 07:44:53'),
(2202, 11, 'app.competitor.index', '2021-12-16 07:44:55', '2021-12-16 07:44:55'),
(2203, 11, 'app.competitor.edit', '2021-12-16 07:45:04', '2021-12-16 07:45:04'),
(2204, 11, 'home', '2021-12-16 07:45:09', '2021-12-16 07:45:09'),
(2205, 11, 'home', '2021-12-16 07:45:28', '2021-12-16 07:45:28'),
(2206, 11, 'app.competitor.index', '2021-12-16 07:45:29', '2021-12-16 07:45:29'),
(2207, 11, 'app.payment.index', '2021-12-16 07:45:32', '2021-12-16 07:45:32'),
(2208, 11, 'app.payment.show', '2021-12-16 07:45:34', '2021-12-16 07:45:34'),
(2209, 2, 'admin.competitionType.index', '2021-12-16 07:45:45', '2021-12-16 07:45:45'),
(2210, 2, 'admin.competitionType.edit', '2021-12-16 07:46:04', '2021-12-16 07:46:04'),
(2211, 2, 'admin.competitionType.update', '2021-12-16 08:13:49', '2021-12-16 08:13:49'),
(2212, 2, 'admin.competitionType.edit', '2021-12-16 08:13:49', '2021-12-16 08:13:49'),
(2213, 2, 'admin.competitionType.index', '2021-12-16 08:14:23', '2021-12-16 08:14:23'),
(2214, 2, 'admin.competitionType.edit', '2021-12-16 08:14:37', '2021-12-16 08:14:37'),
(2215, 2, 'admin.competitionType.update', '2021-12-16 08:15:28', '2021-12-16 08:15:28'),
(2216, 2, 'admin.competitionType.edit', '2021-12-16 08:15:29', '2021-12-16 08:15:29'),
(2217, 2, 'admin.competitionType.index', '2021-12-16 08:15:33', '2021-12-16 08:15:33'),
(2218, 2, 'admin.competitionType.edit', '2021-12-16 08:15:35', '2021-12-16 08:15:35'),
(2219, 2, 'admin.competitionType.update', '2021-12-16 08:16:53', '2021-12-16 08:16:53'),
(2220, 2, 'admin.competitionType.edit', '2021-12-16 08:16:53', '2021-12-16 08:16:53'),
(2221, 2, 'admin.competitionType.index', '2021-12-16 08:17:14', '2021-12-16 08:17:14'),
(2222, 2, 'admin.competitionType.edit', '2021-12-16 08:17:43', '2021-12-16 08:17:43'),
(2223, 2, 'admin.competitionType.update', '2021-12-16 08:25:20', '2021-12-16 08:25:20'),
(2224, 2, 'admin.competitionType.edit', '2021-12-16 08:25:20', '2021-12-16 08:25:20'),
(2225, 2, 'admin.competitionType.index', '2021-12-16 08:25:23', '2021-12-16 08:25:23'),
(2226, 2, 'admin.competitionType.edit', '2021-12-16 08:25:26', '2021-12-16 08:25:26'),
(2227, 2, 'home', '2021-12-16 08:35:10', '2021-12-16 08:35:10'),
(2228, 2, 'admin.competitionType.index', '2021-12-16 08:36:05', '2021-12-16 08:36:05'),
(2229, 2, 'admin.competitionType.edit', '2021-12-16 08:36:13', '2021-12-16 08:36:13'),
(2230, 2, 'admin.competitionType.update', '2021-12-16 08:41:18', '2021-12-16 08:41:18'),
(2231, 2, 'admin.competitionType.edit', '2021-12-16 08:41:18', '2021-12-16 08:41:18'),
(2232, 2, 'admin.competitionType.index', '2021-12-16 08:41:23', '2021-12-16 08:41:23'),
(2233, 2, 'admin.competitionType.update', '2021-12-16 09:05:33', '2021-12-16 09:05:33'),
(2234, 2, 'admin.competitionType.edit', '2021-12-16 09:05:34', '2021-12-16 09:05:34'),
(2235, 2, 'admin.competitionType.index', '2021-12-16 09:05:40', '2021-12-16 09:05:40'),
(2236, 2, 'admin.competitionType.edit', '2021-12-16 09:06:05', '2021-12-16 09:06:05'),
(2237, 2, 'admin.competitionType.edit', '2021-12-16 09:10:37', '2021-12-16 09:10:37'),
(2238, 2, 'admin.competitionType.index', '2021-12-16 09:10:50', '2021-12-16 09:10:50'),
(2239, 2, 'admin.competitionType.edit', '2021-12-16 09:10:54', '2021-12-16 09:10:54'),
(2240, 2, 'admin.competitionType.update', '2021-12-16 09:14:14', '2021-12-16 09:14:14'),
(2241, 2, 'admin.competitionType.edit', '2021-12-16 09:14:14', '2021-12-16 09:14:14'),
(2242, 2, 'admin.competitionType.index', '2021-12-16 09:14:30', '2021-12-16 09:14:30'),
(2243, 2, 'admin.competitionType.edit', '2021-12-16 09:14:39', '2021-12-16 09:14:39'),
(2244, 2, 'admin.competitionType.update', '2021-12-16 09:19:46', '2021-12-16 09:19:46'),
(2245, 2, 'admin.competitionType.edit', '2021-12-16 09:19:46', '2021-12-16 09:19:46'),
(2246, 2, 'admin.competitionType.index', '2021-12-16 09:19:48', '2021-12-16 09:19:48'),
(2247, 2, 'admin.competitionType.edit', '2021-12-16 09:20:09', '2021-12-16 09:20:09'),
(2248, 2, 'admin.competitionType.update', '2021-12-16 09:21:53', '2021-12-16 09:21:53'),
(2249, 2, 'admin.competitionType.edit', '2021-12-16 09:21:53', '2021-12-16 09:21:53'),
(2250, 2, 'admin.competitionType.index', '2021-12-16 09:21:58', '2021-12-16 09:21:58'),
(2251, 2, 'admin.competitionType.update', '2021-12-16 09:22:08', '2021-12-16 09:22:08'),
(2252, 2, 'admin.competitionType.edit', '2021-12-16 09:22:08', '2021-12-16 09:22:08'),
(2253, 2, 'admin.competitionType.edit', '2021-12-16 09:22:12', '2021-12-16 09:22:12'),
(2254, 2, 'admin.competitionType.index', '2021-12-16 09:22:13', '2021-12-16 09:22:13'),
(2255, 2, 'admin.competitionType.edit', '2021-12-16 09:22:18', '2021-12-16 09:22:18'),
(2256, 2, 'admin.competitionType.update', '2021-12-16 09:23:06', '2021-12-16 09:23:06'),
(2257, 2, 'admin.competitionType.edit', '2021-12-16 09:23:06', '2021-12-16 09:23:06'),
(2258, 2, 'admin.competitionType.index', '2021-12-16 09:23:09', '2021-12-16 09:23:09'),
(2259, 2, 'admin.competitionType.edit', '2021-12-16 09:23:21', '2021-12-16 09:23:21'),
(2260, 2, 'admin.competitionType.update', '2021-12-16 09:23:49', '2021-12-16 09:23:49'),
(2261, 2, 'admin.competitionType.edit', '2021-12-16 09:23:49', '2021-12-16 09:23:49'),
(2262, 2, 'home', '2021-12-16 09:23:54', '2021-12-16 09:23:54'),
(2263, 2, 'app.competitor.create', '2021-12-16 09:24:00', '2021-12-16 09:24:00'),
(2264, 2, 'app.competitor.create', '2021-12-16 09:24:03', '2021-12-16 09:24:03'),
(2265, 2, 'home', '2021-12-16 09:25:10', '2021-12-16 09:25:10'),
(2266, 2, 'app.competitor.index', '2021-12-16 09:25:21', '2021-12-16 09:25:21'),
(2267, 2, 'app.competitor.create', '2021-12-16 09:25:24', '2021-12-16 09:25:24'),
(2268, 2, 'home', '2021-12-16 09:25:31', '2021-12-16 09:25:31'),
(2269, 2, 'app.competitor.create', '2021-12-16 09:25:41', '2021-12-16 09:25:41'),
(2270, 2, 'admin.competitor.index', '2021-12-16 09:25:54', '2021-12-16 09:25:54'),
(2271, 2, 'admin.paymentMethod.index', '2021-12-16 09:25:59', '2021-12-16 09:25:59'),
(2272, 2, 'home', '2021-12-16 09:26:04', '2021-12-16 09:26:04'),
(2273, 2, 'app.competitor.create', '2021-12-16 09:26:14', '2021-12-16 09:26:14'),
(2274, 2, 'admin.index', '2021-12-16 09:27:57', '2021-12-16 09:27:57'),
(2275, 2, 'home', '2021-12-16 09:27:58', '2021-12-16 09:27:58'),
(2276, 2, 'admin.index', '2021-12-16 09:28:03', '2021-12-16 09:28:03'),
(2277, 2, 'admin.competitionType.index', '2021-12-16 09:28:29', '2021-12-16 09:28:29'),
(2278, 2, 'admin.competition.index', '2021-12-16 09:28:37', '2021-12-16 09:28:37'),
(2279, 2, 'home', '2021-12-16 09:33:31', '2021-12-16 09:33:31'),
(2280, 2, 'home', '2021-12-16 09:33:40', '2021-12-16 09:33:40'),
(2281, 2, 'admin.competitionType.index', '2021-12-16 09:33:43', '2021-12-16 09:33:43'),
(2282, 2, 'admin.competitionType.index', '2021-12-16 09:33:45', '2021-12-16 09:33:45'),
(2283, 2, 'admin.competitionType.edit', '2021-12-16 09:33:51', '2021-12-16 09:33:51'),
(2284, 2, 'admin.competitionType.edit', '2021-12-16 09:33:58', '2021-12-16 09:33:58'),
(2285, 2, 'admin.competitionType.update', '2021-12-16 09:34:48', '2021-12-16 09:34:48'),
(2286, 2, 'admin.competitionType.edit', '2021-12-16 09:34:48', '2021-12-16 09:34:48'),
(2287, 2, 'admin.competitionType.index', '2021-12-16 09:34:51', '2021-12-16 09:34:51'),
(2288, 2, 'admin.competitionType.edit', '2021-12-16 09:34:53', '2021-12-16 09:34:53'),
(2289, 2, 'admin.competitionType.index', '2021-12-16 09:36:48', '2021-12-16 09:36:48'),
(2290, 2, 'admin.competitionType.edit', '2021-12-16 09:36:53', '2021-12-16 09:36:53'),
(2291, 2, 'admin.competitionType.update', '2021-12-16 09:39:29', '2021-12-16 09:39:29'),
(2292, 2, 'admin.competitionType.edit', '2021-12-16 09:39:29', '2021-12-16 09:39:29'),
(2293, 2, 'admin.competitionType.index', '2021-12-16 09:40:58', '2021-12-16 09:40:58'),
(2294, 2, 'admin.competitionType.edit', '2021-12-16 09:41:14', '2021-12-16 09:41:14'),
(2295, 2, 'admin.competitionType.update', '2021-12-16 09:41:48', '2021-12-16 09:41:48'),
(2296, 2, 'admin.competitionType.edit', '2021-12-16 09:41:49', '2021-12-16 09:41:49'),
(2297, 2, 'home', '2021-12-16 09:43:07', '2021-12-16 09:43:07'),
(2298, 2, 'admin.competitionType.index', '2021-12-16 09:43:09', '2021-12-16 09:43:09'),
(2299, 2, 'admin.competitionType.edit', '2021-12-16 09:43:11', '2021-12-16 09:43:11'),
(2300, 2, 'admin.competitionType.update', '2021-12-16 09:43:27', '2021-12-16 09:43:27'),
(2301, 2, 'admin.competitionType.edit', '2021-12-16 09:43:28', '2021-12-16 09:43:28'),
(2302, 2, 'home', '2021-12-16 09:44:49', '2021-12-16 09:44:49'),
(2303, 2, 'admin.competitionType.index', '2021-12-16 09:44:51', '2021-12-16 09:44:51'),
(2304, 2, 'admin.competitionType.edit', '2021-12-16 09:44:55', '2021-12-16 09:44:55'),
(2305, 2, 'admin.competitionType.edit', '2021-12-16 09:46:12', '2021-12-16 09:46:12'),
(2306, 2, 'admin.competitionType.update', '2021-12-16 09:47:57', '2021-12-16 09:47:57'),
(2307, 2, 'admin.competitionType.edit', '2021-12-16 09:47:57', '2021-12-16 09:47:57'),
(2308, 2, 'admin.competitionType.index', '2021-12-16 09:49:33', '2021-12-16 09:49:33'),
(2309, 2, 'admin.competitionType.edit', '2021-12-16 09:49:41', '2021-12-16 09:49:41'),
(2310, 2, 'admin.competitionType.update', '2021-12-16 09:51:10', '2021-12-16 09:51:10'),
(2311, 2, 'admin.competitionType.edit', '2021-12-16 09:51:10', '2021-12-16 09:51:10'),
(2312, 2, 'home', '2021-12-16 09:51:50', '2021-12-16 09:51:50'),
(2313, 2, 'app.competitor.create', '2021-12-16 09:51:53', '2021-12-16 09:51:53'),
(2314, 2, 'admin.competitionType.index', '2021-12-16 09:51:56', '2021-12-16 09:51:56'),
(2315, 2, 'admin.competitionType.edit', '2021-12-16 09:52:05', '2021-12-16 09:52:05'),
(2316, 2, 'admin.competitionType.update', '2021-12-16 09:52:30', '2021-12-16 09:52:30'),
(2317, 2, 'admin.competitionType.edit', '2021-12-16 09:52:30', '2021-12-16 09:52:30'),
(2318, 2, 'admin.competitionType.update', '2021-12-16 09:54:49', '2021-12-16 09:54:49'),
(2319, 2, 'admin.competitionType.edit', '2021-12-16 09:54:49', '2021-12-16 09:54:49'),
(2320, 2, 'admin.competitionType.update', '2021-12-16 09:56:42', '2021-12-16 09:56:42'),
(2321, 2, 'admin.competitionType.edit', '2021-12-16 09:56:42', '2021-12-16 09:56:42'),
(2322, 2, 'admin.competitionType.update', '2021-12-16 09:57:46', '2021-12-16 09:57:46'),
(2323, 2, 'admin.competitionType.edit', '2021-12-16 09:57:46', '2021-12-16 09:57:46'),
(2324, 2, 'admin.competitionType.update', '2021-12-16 09:58:20', '2021-12-16 09:58:20'),
(2325, 2, 'admin.competitionType.edit', '2021-12-16 09:58:20', '2021-12-16 09:58:20'),
(2326, 2, 'admin.competitionType.update', '2021-12-16 09:59:06', '2021-12-16 09:59:06'),
(2327, 2, 'admin.competitionType.edit', '2021-12-16 09:59:06', '2021-12-16 09:59:06'),
(2328, 2, 'admin.competitionType.update', '2021-12-16 10:01:16', '2021-12-16 10:01:16'),
(2329, 2, 'admin.competitionType.edit', '2021-12-16 10:01:16', '2021-12-16 10:01:16'),
(2330, 2, 'admin.competitionType.update', '2021-12-16 10:02:05', '2021-12-16 10:02:05'),
(2331, 2, 'admin.competitionType.edit', '2021-12-16 10:02:05', '2021-12-16 10:02:05'),
(2332, 2, 'home', '2021-12-16 10:02:49', '2021-12-16 10:02:49'),
(2333, 2, 'admin.payment.index', '2021-12-16 10:03:05', '2021-12-16 10:03:05'),
(2334, 2, 'admin.competitionType.update', '2021-12-16 10:03:06', '2021-12-16 10:03:06'),
(2335, 2, 'admin.competitionType.edit', '2021-12-16 10:03:06', '2021-12-16 10:03:06'),
(2336, 2, 'admin.payment.edit', '2021-12-16 10:03:27', '2021-12-16 10:03:27'),
(2337, 2, 'admin.payment.index', '2021-12-16 10:04:03', '2021-12-16 10:04:03'),
(2338, 2, 'admin.payment.edit', '2021-12-16 10:04:28', '2021-12-16 10:04:28'),
(2339, 2, 'admin.competitor.edit', '2021-12-16 10:04:33', '2021-12-16 10:04:33'),
(2340, 2, 'admin.competitor.index', '2021-12-16 10:04:42', '2021-12-16 10:04:42'),
(2341, 2, 'admin.payment.index', '2021-12-16 10:04:56', '2021-12-16 10:04:56'),
(2342, 2, 'admin.payment.edit', '2021-12-16 10:05:01', '2021-12-16 10:05:01'),
(2343, 2, 'admin.competitor.edit', '2021-12-16 10:05:04', '2021-12-16 10:05:04'),
(2344, 2, 'admin.competitor.edit', '2021-12-16 10:05:17', '2021-12-16 10:05:17'),
(2345, 2, 'admin.competitor.edit', '2021-12-16 10:05:34', '2021-12-16 10:05:34'),
(2346, 2, 'admin.competitor.edit', '2021-12-16 10:05:45', '2021-12-16 10:05:45'),
(2347, 2, 'admin.competitor.edit', '2021-12-16 10:05:51', '2021-12-16 10:05:51'),
(2348, 2, 'admin.competitionType.update', '2021-12-16 10:05:54', '2021-12-16 10:05:54'),
(2349, 2, 'admin.competitionType.edit', '2021-12-16 10:05:54', '2021-12-16 10:05:54'),
(2350, 2, 'admin.payment.index', '2021-12-16 10:06:14', '2021-12-16 10:06:14'),
(2351, 2, 'admin.payment.index', '2021-12-16 10:06:15', '2021-12-16 10:06:15'),
(2352, 2, 'admin.competitor.index', '2021-12-16 10:06:17', '2021-12-16 10:06:17'),
(2353, 2, 'admin.competitionType.index', '2021-12-16 10:06:51', '2021-12-16 10:06:51'),
(2354, 2, 'admin.competitor.index', '2021-12-16 10:06:54', '2021-12-16 10:06:54'),
(2355, 2, 'admin.payment.index', '2021-12-16 10:07:17', '2021-12-16 10:07:17'),
(2356, 2, 'admin.payment.edit', '2021-12-16 10:07:21', '2021-12-16 10:07:21'),
(2357, 2, 'admin.competitor.index', '2021-12-16 10:15:12', '2021-12-16 10:15:12'),
(2358, 2, 'admin.payment.index', '2021-12-16 10:16:15', '2021-12-16 10:16:15'),
(2359, 2, 'admin.payment.edit', '2021-12-16 10:16:21', '2021-12-16 10:16:21'),
(2360, 2, 'admin.competitor.edit', '2021-12-16 10:16:29', '2021-12-16 10:16:29'),
(2361, 2, 'admin.competitionType.update', '2021-12-16 10:17:59', '2021-12-16 10:17:59'),
(2362, 2, 'admin.competitionType.edit', '2021-12-16 10:17:59', '2021-12-16 10:17:59'),
(2363, 2, 'admin.competitionType.update', '2021-12-16 10:18:45', '2021-12-16 10:18:45'),
(2364, 2, 'admin.competitionType.edit', '2021-12-16 10:18:46', '2021-12-16 10:18:46'),
(2365, 2, 'admin.competitor.edit', '2021-12-16 10:18:59', '2021-12-16 10:18:59'),
(2366, 2, 'admin.competitor.edit', '2021-12-16 10:20:57', '2021-12-16 10:20:57'),
(2367, 2, 'admin.payment.edit', '2021-12-16 10:21:21', '2021-12-16 10:21:21'),
(2368, 2, 'admin.competitor.edit', '2021-12-16 10:21:28', '2021-12-16 10:21:28'),
(2369, 2, 'admin.competitionType.update', '2021-12-16 10:21:29', '2021-12-16 10:21:29'),
(2370, 2, 'admin.competitionType.edit', '2021-12-16 10:21:29', '2021-12-16 10:21:29'),
(2371, 2, 'admin.competitionType.update', '2021-12-16 10:22:14', '2021-12-16 10:22:14'),
(2372, 2, 'admin.competitionType.edit', '2021-12-16 10:22:14', '2021-12-16 10:22:14'),
(2373, 2, 'admin.payment.edit', '2021-12-16 10:25:47', '2021-12-16 10:25:47'),
(2374, 2, 'admin.competitor.edit', '2021-12-16 10:25:52', '2021-12-16 10:25:52'),
(2375, 2, 'admin.payment.index', '2021-12-16 10:26:53', '2021-12-16 10:26:53'),
(2376, 2, 'admin.payment.edit', '2021-12-16 10:27:22', '2021-12-16 10:27:22'),
(2377, 2, 'admin.index', '2021-12-16 10:28:00', '2021-12-16 10:28:00'),
(2378, 2, 'admin.competitor.index', '2021-12-16 10:28:10', '2021-12-16 10:28:10'),
(2379, 2, 'admin.competitor.edit', '2021-12-16 10:28:35', '2021-12-16 10:28:35'),
(2380, 2, 'admin.payment.index', '2021-12-16 10:29:12', '2021-12-16 10:29:12'),
(2381, 2, 'admin.payment.edit', '2021-12-16 10:29:17', '2021-12-16 10:29:17'),
(2382, 2, 'admin.competitionType.update', '2021-12-16 10:30:43', '2021-12-16 10:30:43'),
(2383, 2, 'admin.competitionType.edit', '2021-12-16 10:30:43', '2021-12-16 10:30:43'),
(2384, 2, 'admin.competitionType.update', '2021-12-16 10:31:25', '2021-12-16 10:31:25'),
(2385, 2, 'admin.competitionType.edit', '2021-12-16 10:31:26', '2021-12-16 10:31:26'),
(2386, 11, 'home', '2021-12-16 16:58:32', '2021-12-16 16:58:32'),
(2387, 11, 'app.competitor.index', '2021-12-16 16:58:36', '2021-12-16 16:58:36'),
(2388, 11, 'app.payment.index', '2021-12-16 16:58:39', '2021-12-16 16:58:39'),
(2389, 11, 'message.show', '2021-12-16 16:58:50', '2021-12-16 16:58:50'),
(2390, 11, 'home', '2021-12-16 16:58:53', '2021-12-16 16:58:53'),
(2391, 5, 'home', '2021-12-17 05:20:40', '2021-12-17 05:20:40'),
(2392, 5, 'home', '2021-12-17 05:20:43', '2021-12-17 05:20:43'),
(2393, 5, 'app.competitor.index', '2021-12-17 05:20:45', '2021-12-17 05:20:45'),
(2394, 5, 'app.guide.show', '2021-12-17 05:20:50', '2021-12-17 05:20:50'),
(2395, 2, 'home', '2021-12-17 05:20:50', '2021-12-17 05:20:50'),
(2396, 2, 'admin.competitor.index', '2021-12-17 05:20:54', '2021-12-17 05:20:54'),
(2397, 2, 'admin.competitor.edit', '2021-12-17 05:21:24', '2021-12-17 05:21:24'),
(2398, 2, 'admin.payment.index', '2021-12-17 05:21:29', '2021-12-17 05:21:29'),
(2399, 2, 'admin.payment.edit', '2021-12-17 05:21:35', '2021-12-17 05:21:35'),
(2400, 2, 'admin.payment.index', '2021-12-17 05:21:55', '2021-12-17 05:21:55'),
(2401, 2, 'admin.payment.edit', '2021-12-17 05:22:02', '2021-12-17 05:22:02'),
(2402, 2, 'admin.user.index', '2021-12-17 05:22:10', '2021-12-17 05:22:10'),
(2403, 2, 'home', '2021-12-17 10:22:16', '2021-12-17 10:22:16'),
(2404, 2, 'admin.sponsor.index', '2021-12-17 10:22:26', '2021-12-17 10:22:26'),
(2405, 2, 'admin.competitor.index', '2021-12-17 10:22:35', '2021-12-17 10:22:35'),
(2406, 2, 'admin.competitor.index', '2021-12-17 10:23:26', '2021-12-17 10:23:26'),
(2407, 2, 'admin.competitor.index', '2021-12-17 10:23:30', '2021-12-17 10:23:30'),
(2408, 2, 'admin.competitor.edit', '2021-12-17 10:23:53', '2021-12-17 10:23:53'),
(2409, 2, 'admin.competitor.edit', '2021-12-17 10:24:15', '2021-12-17 10:24:15'),
(2410, 2, 'admin.competitor.edit', '2021-12-17 10:24:30', '2021-12-17 10:24:30'),
(2411, 2, 'admin.competitor.index', '2021-12-17 10:24:39', '2021-12-17 10:24:39'),
(2412, 2, 'admin.competitor.edit', '2021-12-17 10:24:50', '2021-12-17 10:24:50'),
(2413, 2, 'admin.competitor.edit', '2021-12-17 10:25:32', '2021-12-17 10:25:32'),
(2414, 2, 'admin.competitor.edit', '2021-12-17 10:25:55', '2021-12-17 10:25:55'),
(2415, 2, 'admin.competitor.edit', '2021-12-17 10:26:50', '2021-12-17 10:26:50'),
(2416, 2, 'admin.competitor.index', '2021-12-17 10:27:16', '2021-12-17 10:27:16'),
(2417, 2, 'admin.competitor.edit', '2021-12-17 10:27:25', '2021-12-17 10:27:25'),
(2418, 2, 'admin.competitor.index', '2021-12-17 10:28:06', '2021-12-17 10:28:06'),
(2419, 2, 'admin.competitor.edit', '2021-12-17 10:28:27', '2021-12-17 10:28:27'),
(2420, 2, 'admin.competitor.edit', '2021-12-17 10:28:34', '2021-12-17 10:28:34'),
(2421, 2, 'admin.competitor.edit', '2021-12-17 10:28:43', '2021-12-17 10:28:43'),
(2422, 2, 'admin.payment.index', '2021-12-17 10:28:56', '2021-12-17 10:28:56'),
(2423, 2, 'admin.payment.edit', '2021-12-17 10:29:12', '2021-12-17 10:29:12'),
(2424, 2, 'admin.competitor.index', '2021-12-17 10:30:01', '2021-12-17 10:30:01'),
(2425, 2, 'admin.payment.index', '2021-12-17 10:30:17', '2021-12-17 10:30:17'),
(2426, 2, 'admin.payment.edit', '2021-12-17 10:30:22', '2021-12-17 10:30:22'),
(2427, 2, 'admin.competitor.edit', '2021-12-17 10:30:39', '2021-12-17 10:30:39'),
(2428, 2, 'admin.competitor.edit', '2021-12-17 10:30:50', '2021-12-17 10:30:50'),
(2429, 2, 'admin.competitor.edit', '2021-12-17 10:30:59', '2021-12-17 10:30:59'),
(2430, 2, 'admin.payment.index', '2021-12-17 10:31:39', '2021-12-17 10:31:39'),
(2431, 2, 'admin.payment.edit', '2021-12-17 10:31:45', '2021-12-17 10:31:45'),
(2432, 2, 'admin.competitor.edit', '2021-12-17 10:31:55', '2021-12-17 10:31:55'),
(2433, 2, 'admin.competitor.index', '2021-12-17 10:32:12', '2021-12-17 10:32:12'),
(2434, 2, 'admin.payment.index', '2021-12-17 10:32:18', '2021-12-17 10:32:18'),
(2435, 2, 'admin.payment.edit', '2021-12-17 10:32:29', '2021-12-17 10:32:29'),
(2436, 2, 'admin.competitor.edit', '2021-12-17 10:32:34', '2021-12-17 10:32:34'),
(2437, 2, 'admin.competitor.index', '2021-12-17 10:32:36', '2021-12-17 10:32:36'),
(2438, 2, 'admin.payment.index', '2021-12-17 10:32:40', '2021-12-17 10:32:40'),
(2439, 2, 'admin.payment.edit', '2021-12-17 10:32:43', '2021-12-17 10:32:43'),
(2440, 2, 'admin.competition.index', '2021-12-17 10:33:24', '2021-12-17 10:33:24'),
(2441, 2, 'admin.paymentMethod.index', '2021-12-17 10:34:06', '2021-12-17 10:34:06'),
(2442, 2, 'admin.sponsor.index', '2021-12-17 10:34:12', '2021-12-17 10:34:12'),
(2443, 11, 'home', '2021-12-17 16:29:04', '2021-12-17 16:29:04'),
(2444, 11, 'app.competitor.index', '2021-12-17 16:29:16', '2021-12-17 16:29:16'),
(2445, 11, 'app.competitor.index', '2021-12-17 16:29:18', '2021-12-17 16:29:18'),
(2446, 11, 'app.competitor.index', '2021-12-17 16:29:19', '2021-12-17 16:29:19'),
(2447, 11, 'app.payment.index', '2021-12-17 16:29:21', '2021-12-17 16:29:21'),
(2448, 11, 'app.payment.show', '2021-12-17 16:29:45', '2021-12-17 16:29:45'),
(2449, 11, 'app.competitor.index', '2021-12-17 16:33:10', '2021-12-17 16:33:10'),
(2450, 13, 'home', '2021-12-17 23:20:53', '2021-12-17 23:20:53'),
(2451, 13, 'app.competitor.create', '2021-12-17 23:21:04', '2021-12-17 23:21:04'),
(2452, 13, 'account.index', '2021-12-17 23:21:19', '2021-12-17 23:21:19'),
(2453, 13, 'account.store', '2021-12-17 23:21:43', '2021-12-17 23:21:43'),
(2454, 13, 'account.index', '2021-12-17 23:21:43', '2021-12-17 23:21:43'),
(2455, 13, 'home', '2021-12-17 23:21:49', '2021-12-17 23:21:49'),
(2456, 13, 'app.competitor.create', '2021-12-17 23:22:03', '2021-12-17 23:22:03'),
(2457, 13, 'home', '2021-12-17 23:24:12', '2021-12-17 23:24:12'),
(2458, 13, 'home', '2021-12-17 23:27:12', '2021-12-17 23:27:12'),
(2459, 13, 'app.competitor.create', '2021-12-17 23:27:39', '2021-12-17 23:27:39'),
(2460, 13, 'app.competitor.createTeam', '2021-12-17 23:28:21', '2021-12-17 23:28:21'),
(2461, 13, 'app.competitor.create', '2021-12-17 23:28:23', '2021-12-17 23:28:23'),
(2462, 13, 'app.competitor.createTeam', '2021-12-17 23:28:47', '2021-12-17 23:28:47'),
(2463, 13, 'home', '2021-12-17 23:29:15', '2021-12-17 23:29:15'),
(2464, 13, 'app.competitor.create', '2021-12-17 23:29:31', '2021-12-17 23:29:31'),
(2465, 13, 'app.competitor.store', '2021-12-17 23:30:29', '2021-12-17 23:30:29'),
(2466, 13, 'app.competitor.create', '2021-12-17 23:30:29', '2021-12-17 23:30:29'),
(2467, 13, 'app.competitor.index', '2021-12-17 23:30:38', '2021-12-17 23:30:38'),
(2468, 13, 'home', '2021-12-17 23:30:46', '2021-12-17 23:30:46'),
(2469, 13, 'app.payment.create', '2021-12-17 23:30:50', '2021-12-17 23:30:50'),
(2470, 13, 'app.payment.index', '2021-12-17 23:30:54', '2021-12-17 23:30:54'),
(2471, 13, 'home', '2021-12-17 23:31:54', '2021-12-17 23:31:54'),
(2472, 13, 'app.competitor.index', '2021-12-17 23:31:56', '2021-12-17 23:31:56'),
(2473, 13, 'app.competitor.index', '2021-12-17 23:31:58', '2021-12-17 23:31:58'),
(2474, 13, 'home', '2021-12-17 23:32:01', '2021-12-17 23:32:01'),
(2475, 13, 'home', '2021-12-17 23:32:34', '2021-12-17 23:32:34'),
(2476, 13, 'app.competitor.create', '2021-12-17 23:32:41', '2021-12-17 23:32:41'),
(2477, 13, 'home', '2021-12-17 23:33:13', '2021-12-17 23:33:13'),
(2478, 13, 'app.competitor.create', '2021-12-17 23:33:25', '2021-12-17 23:33:25'),
(2479, 13, 'home', '2021-12-17 23:33:31', '2021-12-17 23:33:31'),
(2480, 13, 'app.upload.index', '2021-12-17 23:33:52', '2021-12-17 23:33:52'),
(2481, 13, 'app.competitor.index', '2021-12-17 23:33:53', '2021-12-17 23:33:53'),
(2482, 13, 'app.competitor.index', '2021-12-17 23:34:05', '2021-12-17 23:34:05'),
(2483, 13, 'home', '2021-12-17 23:34:11', '2021-12-17 23:34:11'),
(2484, 13, 'app.competitor.create', '2021-12-17 23:34:24', '2021-12-17 23:34:24'),
(2485, 13, 'account.index', '2021-12-17 23:34:33', '2021-12-17 23:34:33'),
(2486, 13, 'app.payment.create', '2021-12-17 23:34:38', '2021-12-17 23:34:38'),
(2487, 13, 'home', '2021-12-17 23:34:44', '2021-12-17 23:34:44'),
(2488, 13, 'account.index', '2021-12-17 23:34:46', '2021-12-17 23:34:46'),
(2489, 13, 'app.competitor.create', '2021-12-17 23:34:59', '2021-12-17 23:34:59'),
(2490, 13, 'home', '2021-12-17 23:35:05', '2021-12-17 23:35:05'),
(2491, 13, 'app.upload.index', '2021-12-17 23:35:21', '2021-12-17 23:35:21'),
(2492, 13, 'app.upload.index', '2021-12-17 23:35:23', '2021-12-17 23:35:23'),
(2493, 13, 'home', '2021-12-17 23:35:25', '2021-12-17 23:35:25'),
(2494, 13, 'home', '2021-12-17 23:36:27', '2021-12-17 23:36:27'),
(2495, 13, 'app.competitor.index', '2021-12-17 23:36:32', '2021-12-17 23:36:32'),
(2496, 13, 'app.competitor.edit', '2021-12-17 23:36:41', '2021-12-17 23:36:41'),
(2497, 13, 'app.competitor.edit', '2021-12-17 23:37:16', '2021-12-17 23:37:16'),
(2498, 13, 'home', '2021-12-17 23:37:18', '2021-12-17 23:37:18'),
(2499, 13, 'app.payment.create', '2021-12-17 23:41:32', '2021-12-17 23:41:32'),
(2500, 13, 'app.payment.index', '2021-12-17 23:42:22', '2021-12-17 23:42:22'),
(2501, 13, 'home', '2021-12-17 23:46:26', '2021-12-17 23:46:26'),
(2502, 13, 'account.index', '2021-12-17 23:46:27', '2021-12-17 23:46:27'),
(2503, 13, 'app.competitor.index', '2021-12-17 23:46:30', '2021-12-17 23:46:30'),
(2504, 13, 'home', '2021-12-17 23:46:33', '2021-12-17 23:46:33'),
(2505, 13, 'app.competitor.create', '2021-12-17 23:46:35', '2021-12-17 23:46:35'),
(2506, 13, 'app.competitor.create', '2021-12-17 23:46:37', '2021-12-17 23:46:37'),
(2507, 13, 'app.competitor.createTeam', '2021-12-17 23:46:38', '2021-12-17 23:46:38'),
(2508, 13, 'app.competitor.create', '2021-12-17 23:46:39', '2021-12-17 23:46:39'),
(2509, 13, 'app.competitor.createTeam', '2021-12-17 23:46:41', '2021-12-17 23:46:41'),
(2510, 13, 'app.competitor.create', '2021-12-17 23:46:42', '2021-12-17 23:46:42'),
(2511, 13, 'app.competitor.createTeam', '2021-12-17 23:47:58', '2021-12-17 23:47:58'),
(2512, 13, 'app.competitor.createTeam', '2021-12-17 23:47:59', '2021-12-17 23:47:59'),
(2513, 13, 'home', '2021-12-17 23:48:55', '2021-12-17 23:48:55'),
(2514, 13, 'app.competitor.create', '2021-12-17 23:50:03', '2021-12-17 23:50:03'),
(2515, 13, 'home', '2021-12-17 23:51:48', '2021-12-17 23:51:48'),
(2516, 13, 'home', '2021-12-17 23:53:49', '2021-12-17 23:53:49'),
(2517, 13, 'home', '2021-12-17 23:59:28', '2021-12-17 23:59:28'),
(2518, 13, 'app.competitor.index', '2021-12-18 00:01:40', '2021-12-18 00:01:40'),
(2519, 13, 'app.competitor.index', '2021-12-18 00:01:54', '2021-12-18 00:01:54'),
(2520, 13, 'app.competitor.edit', '2021-12-18 00:02:24', '2021-12-18 00:02:24'),
(2521, 13, 'app.competitor.edit', '2021-12-18 00:02:36', '2021-12-18 00:02:36'),
(2522, 13, 'home', '2021-12-18 00:03:05', '2021-12-18 00:03:05'),
(2523, 13, 'app.payment.create', '2021-12-18 00:03:47', '2021-12-18 00:03:47'),
(2524, 13, 'app.payment.index', '2021-12-18 00:04:29', '2021-12-18 00:04:29'),
(2525, 5, 'home', '2021-12-18 00:28:06', '2021-12-18 00:28:06'),
(2526, 5, 'app.guide.show', '2021-12-18 00:28:15', '2021-12-18 00:28:15'),
(2527, 2, 'home', '2021-12-18 00:28:15', '2021-12-18 00:28:15'),
(2528, 2, 'admin.competitor.index', '2021-12-18 00:28:19', '2021-12-18 00:28:19'),
(2529, 14, 'home', '2021-12-18 05:34:58', '2021-12-18 05:34:58'),
(2530, 14, 'app.competitor.create', '2021-12-18 05:36:18', '2021-12-18 05:36:18'),
(2531, 14, 'app.competitor.store', '2021-12-18 05:37:29', '2021-12-18 05:37:29'),
(2532, 14, 'app.competitor.create', '2021-12-18 05:37:29', '2021-12-18 05:37:29'),
(2533, 15, 'home', '2021-12-18 05:42:29', '2021-12-18 05:42:29'),
(2534, 15, 'app.competitor.create', '2021-12-18 05:42:45', '2021-12-18 05:42:45'),
(2535, 15, 'app.competitor.store', '2021-12-18 05:44:16', '2021-12-18 05:44:16'),
(2536, 15, 'app.competitor.create', '2021-12-18 05:44:16', '2021-12-18 05:44:16'),
(2537, 2, 'home', '2021-12-18 06:09:09', '2021-12-18 06:09:09'),
(2538, 2, 'home', '2021-12-18 06:09:24', '2021-12-18 06:09:24'),
(2539, 2, 'admin.competitor.index', '2021-12-18 06:09:29', '2021-12-18 06:09:29'),
(2540, 2, 'admin.payment.index', '2021-12-18 06:09:39', '2021-12-18 06:09:39'),
(2541, 2, 'admin.payment.edit', '2021-12-18 06:09:47', '2021-12-18 06:09:47'),
(2542, 11, 'home', '2021-12-18 06:19:28', '2021-12-18 06:19:28'),
(2543, 11, 'app.competitor.create', '2021-12-18 06:19:36', '2021-12-18 06:19:36'),
(2544, 11, 'app.competitor.index', '2021-12-18 06:19:40', '2021-12-18 06:19:40'),
(2545, 11, 'app.competitor.create', '2021-12-18 06:19:41', '2021-12-18 06:19:41'),
(2546, 11, 'app.competitor.store', '2021-12-18 06:20:08', '2021-12-18 06:20:08'),
(2547, 11, 'app.competitor.create', '2021-12-18 06:20:09', '2021-12-18 06:20:09'),
(2548, 11, 'app.competitor.store', '2021-12-18 06:21:18', '2021-12-18 06:21:18'),
(2549, 11, 'app.competitor.create', '2021-12-18 06:21:18', '2021-12-18 06:21:18'),
(2550, 11, 'app.payment.index', '2021-12-18 06:21:21', '2021-12-18 06:21:21'),
(2551, 11, 'app.payment.create', '2021-12-18 06:21:25', '2021-12-18 06:21:25'),
(2552, 11, 'app.payment.store', '2021-12-18 06:21:52', '2021-12-18 06:21:52'),
(2553, 11, 'app.payment.index', '2021-12-18 06:21:52', '2021-12-18 06:21:52'),
(2554, 11, 'app.competitor.index', '2021-12-18 06:22:25', '2021-12-18 06:22:25'),
(2555, 11, 'app.competitor.edit', '2021-12-18 06:22:47', '2021-12-18 06:22:47'),
(2556, 11, 'app.competitor.detail.update', '2021-12-18 06:23:26', '2021-12-18 06:23:26'),
(2557, 11, 'app.competitor.edit', '2021-12-18 06:23:26', '2021-12-18 06:23:26'),
(2558, 11, 'app.competitor.index', '2021-12-18 06:23:34', '2021-12-18 06:23:34'),
(2559, 11, 'app.competitor.edit', '2021-12-18 06:23:36', '2021-12-18 06:23:36'),
(2560, 11, 'app.competitor.detail.update', '2021-12-18 06:24:16', '2021-12-18 06:24:16'),
(2561, 11, 'app.competitor.edit', '2021-12-18 06:24:16', '2021-12-18 06:24:16'),
(2562, 11, 'app.competitor.index', '2021-12-18 06:24:21', '2021-12-18 06:24:21'),
(2563, 11, 'app.competitor.edit', '2021-12-18 06:24:24', '2021-12-18 06:24:24'),
(2564, 11, 'app.competitor.detail.update', '2021-12-18 06:24:36', '2021-12-18 06:24:36'),
(2565, 11, 'app.competitor.edit', '2021-12-18 06:24:36', '2021-12-18 06:24:36'),
(2566, 11, 'home', '2021-12-18 06:24:42', '2021-12-18 06:24:42'),
(2567, 11, 'app.payment.index', '2021-12-18 06:24:45', '2021-12-18 06:24:45'),
(2568, 11, 'home', '2021-12-18 06:24:47', '2021-12-18 06:24:47'),
(2569, 11, 'app.competitor.index', '2021-12-18 06:46:25', '2021-12-18 06:46:25'),
(2570, 11, 'app.competitor.index', '2021-12-18 06:46:27', '2021-12-18 06:46:27'),
(2571, 2, 'home', '2021-12-18 06:49:25', '2021-12-18 06:49:25'),
(2572, 2, 'admin.payment.index', '2021-12-18 06:49:49', '2021-12-18 06:49:49'),
(2573, 2, 'admin.payment.edit', '2021-12-18 06:50:14', '2021-12-18 06:50:14'),
(2574, 2, 'admin.payment.index', '2021-12-18 06:50:41', '2021-12-18 06:50:41'),
(2575, 2, 'admin.payment.edit', '2021-12-18 06:50:59', '2021-12-18 06:50:59'),
(2576, 2, 'admin.payment.receive', '2021-12-18 06:51:25', '2021-12-18 06:51:25'),
(2577, 2, 'admin.payment.edit', '2021-12-18 06:51:25', '2021-12-18 06:51:25'),
(2578, 2, 'admin.payment.edit', '2021-12-18 06:51:42', '2021-12-18 06:51:42'),
(2579, 2, 'admin.payment.edit', '2021-12-18 06:51:57', '2021-12-18 06:51:57'),
(2580, 2, 'admin.payment.edit', '2021-12-18 06:52:33', '2021-12-18 06:52:33'),
(2581, 2, 'admin.payment.edit', '2021-12-18 06:52:41', '2021-12-18 06:52:41'),
(2582, 2, 'admin.payment.index', '2021-12-18 06:53:08', '2021-12-18 06:53:08'),
(2583, 2, 'admin.payment.edit', '2021-12-18 06:53:32', '2021-12-18 06:53:32'),
(2584, 2, 'admin.payment.edit', '2021-12-18 06:53:55', '2021-12-18 06:53:55'),
(2585, 2, 'admin.payment.receive', '2021-12-18 06:55:25', '2021-12-18 06:55:25'),
(2586, 2, 'admin.payment.edit', '2021-12-18 06:55:25', '2021-12-18 06:55:25'),
(2587, 2, 'admin.payment.index', '2021-12-18 06:55:34', '2021-12-18 06:55:34'),
(2588, 2, 'admin.payment.edit', '2021-12-18 06:55:45', '2021-12-18 06:55:45'),
(2589, 2, 'admin.competitor.index', '2021-12-18 07:19:08', '2021-12-18 07:19:08'),
(2590, 2, 'admin.competitor.edit', '2021-12-18 07:29:40', '2021-12-18 07:29:40'),
(2591, 5, 'home', '2021-12-18 07:29:49', '2021-12-18 07:29:49'),
(2592, 5, 'app.guide.show', '2021-12-18 07:30:01', '2021-12-18 07:30:01'),
(2593, 2, 'home', '2021-12-18 07:30:02', '2021-12-18 07:30:02'),
(2594, 2, 'admin.competition.index', '2021-12-18 07:30:06', '2021-12-18 07:30:06'),
(2595, 2, 'admin.payment.index', '2021-12-18 07:30:12', '2021-12-18 07:30:12'),
(2596, 2, 'admin.payment.edit', '2021-12-18 07:30:30', '2021-12-18 07:30:30'),
(2597, 2, 'admin.payment.edit', '2021-12-18 07:30:36', '2021-12-18 07:30:36'),
(2598, 2, 'admin.competitor.edit', '2021-12-18 07:33:58', '2021-12-18 07:33:58'),
(2599, 2, 'admin.competitor.edit', '2021-12-18 07:45:54', '2021-12-18 07:45:54'),
(2600, 2, 'admin.competitor.index', '2021-12-18 18:07:21', '2021-12-18 18:07:21'),
(2601, 2, 'admin.payment.index', '2021-12-18 18:07:42', '2021-12-18 18:07:42'),
(2602, 2, 'admin.competitor.index', '2021-12-18 18:07:50', '2021-12-18 18:07:50'),
(2603, 2, 'admin.tiket', '2021-12-18 18:07:53', '2021-12-18 18:07:53'),
(2604, 2, 'admin.competitor.index', '2021-12-18 18:08:13', '2021-12-18 18:08:13'),
(2605, 2, 'app.payment.index', '2021-12-18 18:08:37', '2021-12-18 18:08:37'),
(2606, 2, 'admin.index', '2021-12-18 18:08:42', '2021-12-18 18:08:42'),
(2607, 2, 'admin.payment.index', '2021-12-18 18:08:44', '2021-12-18 18:08:44'),
(2608, 2, 'admin.competitor.index', '2021-12-18 18:08:48', '2021-12-18 18:08:48'),
(2609, 2, 'home', '2021-12-19 07:31:02', '2021-12-19 07:31:02'),
(2610, 2, 'app.competitor.create', '2021-12-19 07:31:08', '2021-12-19 07:31:08'),
(2611, 2, 'admin.index', '2021-12-19 07:31:13', '2021-12-19 07:31:13'),
(2612, 2, 'admin.payment.index', '2021-12-19 07:31:18', '2021-12-19 07:31:18'),
(2613, 2, 'admin.payment.edit', '2021-12-19 07:31:26', '2021-12-19 07:31:26'),
(2614, 2, 'admin.payment.edit', '2021-12-19 07:31:35', '2021-12-19 07:31:35'),
(2615, 2, 'admin.payment.edit', '2021-12-19 07:31:52', '2021-12-19 07:31:52'),
(2616, 2, 'admin.competitor.index', '2021-12-19 07:32:06', '2021-12-19 07:32:06'),
(2617, 2, 'admin.competitor.edit', '2021-12-19 07:32:10', '2021-12-19 07:32:10'),
(2618, 2, 'admin.competitor.edit', '2021-12-19 07:32:50', '2021-12-19 07:32:50'),
(2619, 2, 'admin.competitor.edit', '2021-12-19 07:33:26', '2021-12-19 07:33:26'),
(2620, 2, 'admin.competitor.edit', '2021-12-19 07:34:14', '2021-12-19 07:34:14'),
(2621, 2, 'home', '2021-12-19 07:38:18', '2021-12-19 07:38:18'),
(2622, 2, 'admin.competitor.index', '2021-12-19 07:38:36', '2021-12-19 07:38:36'),
(2623, 2, 'admin.competitor.edit', '2021-12-19 07:46:28', '2021-12-19 07:46:28'),
(2624, 2, 'admin.payment.index', '2021-12-19 07:50:21', '2021-12-19 07:50:21'),
(2625, 2, 'admin.payment.edit', '2021-12-19 07:50:36', '2021-12-19 07:50:36'),
(2626, 2, 'admin.competitor.index', '2021-12-19 07:51:14', '2021-12-19 07:51:14'),
(2627, 2, 'admin.index', '2021-12-19 07:51:28', '2021-12-19 07:51:28'),
(2628, 2, 'admin.payment.index', '2021-12-19 07:52:03', '2021-12-19 07:52:03'),
(2629, 2, 'admin.payment.edit', '2021-12-19 07:53:03', '2021-12-19 07:53:03'),
(2630, 2, 'admin.payment.edit', '2021-12-19 07:54:30', '2021-12-19 07:54:30'),
(2631, 2, 'home', '2021-12-19 09:15:29', '2021-12-19 09:15:29'),
(2632, 2, 'app.competitor.create', '2021-12-19 09:15:58', '2021-12-19 09:15:58'),
(2633, 2, 'app.competitor.index', '2021-12-19 09:16:04', '2021-12-19 09:16:04'),
(2634, 2, 'admin.competition.index', '2021-12-19 09:16:12', '2021-12-19 09:16:12'),
(2635, 2, 'admin.competitionType.index', '2021-12-19 09:16:49', '2021-12-19 09:16:49'),
(2636, 2, 'admin.competitor.index', '2021-12-19 09:16:55', '2021-12-19 09:16:55'),
(2637, 2, 'home', '2021-12-19 10:47:02', '2021-12-19 10:47:02'),
(2638, 2, 'admin.index', '2021-12-19 10:47:12', '2021-12-19 10:47:12'),
(2639, 2, 'admin.user.index', '2021-12-19 10:47:20', '2021-12-19 10:47:20'),
(2640, 2, 'admin.index', '2021-12-19 10:47:33', '2021-12-19 10:47:33'),
(2641, 2, 'home', '2021-12-19 10:49:28', '2021-12-19 10:49:28'),
(2642, 2, 'home', '2021-12-19 10:49:35', '2021-12-19 10:49:35'),
(2643, 2, 'admin.competitor.index', '2021-12-19 10:49:39', '2021-12-19 10:49:39'),
(2644, 2, 'admin.competitor.index', '2021-12-19 10:49:40', '2021-12-19 10:49:40'),
(2645, 2, 'home', '2021-12-19 10:49:44', '2021-12-19 10:49:44'),
(2646, 2, 'account.index', '2021-12-19 10:49:58', '2021-12-19 10:49:58'),
(2647, 2, 'admin.competitor.index', '2021-12-19 10:50:06', '2021-12-19 10:50:06'),
(2648, 2, 'home', '2021-12-19 10:50:11', '2021-12-19 10:50:11');
INSERT INTO `activity_logs` (`id`, `user_id`, `route`, `created_at`, `updated_at`) VALUES
(2649, 2, 'admin.competitor.index', '2021-12-19 10:50:27', '2021-12-19 10:50:27'),
(2650, 2, 'admin.competitor.index', '2021-12-19 10:50:29', '2021-12-19 10:50:29'),
(2651, 2, 'admin.competitor.edit', '2021-12-19 10:50:31', '2021-12-19 10:50:31'),
(2652, 2, 'admin.competitor.edit', '2021-12-19 10:50:45', '2021-12-19 10:50:45'),
(2653, 2, 'admin.competitor.edit', '2021-12-19 10:51:13', '2021-12-19 10:51:13'),
(2654, 2, 'admin.competitor.edit', '2021-12-19 10:51:52', '2021-12-19 10:51:52'),
(2655, 2, 'admin.competitor.edit', '2021-12-19 10:52:23', '2021-12-19 10:52:23'),
(2656, 2, 'admin.competitor.edit', '2021-12-19 10:53:17', '2021-12-19 10:53:17'),
(2657, 2, 'admin.competitor.edit', '2021-12-19 10:53:28', '2021-12-19 10:53:28'),
(2658, 2, 'admin.competitor.edit', '2021-12-19 10:54:51', '2021-12-19 10:54:51'),
(2659, 2, 'home', '2021-12-19 11:04:59', '2021-12-19 11:04:59'),
(2660, 2, 'home', '2021-12-19 11:05:09', '2021-12-19 11:05:09'),
(2661, 2, 'home', '2021-12-19 11:05:26', '2021-12-19 11:05:26'),
(2662, 2, 'admin.competitor.index', '2021-12-19 11:05:32', '2021-12-19 11:05:32'),
(2663, 2, 'admin.competitor.index', '2021-12-19 11:05:41', '2021-12-19 11:05:41'),
(2664, 2, 'admin.competitor.index', '2021-12-19 11:05:49', '2021-12-19 11:05:49'),
(2665, 2, 'home', '2021-12-19 11:05:55', '2021-12-19 11:05:55'),
(2666, 2, 'admin.competition.index', '2021-12-19 11:06:11', '2021-12-19 11:06:11'),
(2667, 2, 'admin.competition.index', '2021-12-19 11:06:22', '2021-12-19 11:06:22'),
(2668, 2, 'admin.competitionType.index', '2021-12-19 11:06:29', '2021-12-19 11:06:29'),
(2669, 2, 'admin.competitionType.edit', '2021-12-19 11:06:34', '2021-12-19 11:06:34'),
(2670, 2, 'admin.competitor.edit', '2021-12-19 11:07:28', '2021-12-19 11:07:28'),
(2671, 2, 'admin.competitor.edit', '2021-12-19 11:07:30', '2021-12-19 11:07:30'),
(2672, 2, 'admin.competitor.edit', '2021-12-19 11:07:30', '2021-12-19 11:07:30'),
(2673, 2, 'admin.competitor.edit', '2021-12-19 11:07:31', '2021-12-19 11:07:31'),
(2674, 2, 'admin.competitor.edit', '2021-12-19 11:09:30', '2021-12-19 11:09:30'),
(2675, 2, 'admin.competitor.edit', '2021-12-19 11:09:30', '2021-12-19 11:09:30'),
(2676, 2, 'admin.competitor.edit', '2021-12-19 11:09:33', '2021-12-19 11:09:33'),
(2677, 2, 'admin.competitor.edit', '2021-12-19 11:09:34', '2021-12-19 11:09:34'),
(2678, 5, 'home', '2021-12-19 11:10:54', '2021-12-19 11:10:54'),
(2679, 5, 'home', '2021-12-19 11:11:03', '2021-12-19 11:11:03'),
(2680, 5, 'app.guide.show', '2021-12-19 11:11:15', '2021-12-19 11:11:15'),
(2681, 2, 'home', '2021-12-19 11:11:15', '2021-12-19 11:11:15'),
(2682, 2, 'admin.index', '2021-12-19 11:11:23', '2021-12-19 11:11:23'),
(2683, 2, 'admin.payment.index', '2021-12-19 11:11:42', '2021-12-19 11:11:42'),
(2684, 2, 'app.competitor.index', '2021-12-19 11:11:53', '2021-12-19 11:11:53');

-- --------------------------------------------------------

--
-- Table structure for table `banks`
--

CREATE TABLE `banks` (
  `id` bigint(20) UNSIGNED NOT NULL,
  `name` varchar(255) COLLATE utf8mb4_unicode_ci DEFAULT NULL,
  `bank_logo` varchar(255) COLLATE utf8mb4_unicode_ci DEFAULT NULL,
  `kode` varchar(10) COLLATE utf8mb4_unicode_ci DEFAULT NULL,
  `created_at` timestamp NULL DEFAULT NULL,
  `updated_at` timestamp NULL DEFAULT NULL
) ENGINE=InnoDB DEFAULT CHARSET=utf8mb4 COLLATE=utf8mb4_unicode_ci;

--
-- Dumping data for table `banks`
--

INSERT INTO `banks` (`id`, `name`, `bank_logo`, `kode`, `created_at`, `updated_at`) VALUES
(1, 'Bank Central Asia', 'bca.png', '014', '2020-09-28 01:15:36', '2020-09-28 01:15:36');

-- --------------------------------------------------------

--
-- Table structure for table `competition_categories`
--

CREATE TABLE `competition_categories` (
  `id` bigint(20) UNSIGNED NOT NULL,
  `competition_type_id` int(11) DEFAULT NULL,
  `competition_level_id` varchar(255) COLLATE utf8mb4_unicode_ci DEFAULT NULL,
  `competition_gender_id` varchar(255) COLLATE utf8mb4_unicode_ci DEFAULT NULL,
  `code` varchar(255) COLLATE utf8mb4_unicode_ci DEFAULT NULL,
  `class` varchar(255) COLLATE utf8mb4_unicode_ci DEFAULT NULL,
  `quota` int(11) DEFAULT NULL,
  `isOnline` int(11) DEFAULT 1,
  `isTeam` int(11) DEFAULT 0,
  `min_member` int(11) DEFAULT 1,
  `member` int(11) DEFAULT 1,
  `teamMember` int(11) DEFAULT 0,
  `price` int(11) DEFAULT NULL,
  `created_at` timestamp NULL DEFAULT NULL,
  `updated_at` timestamp NULL DEFAULT NULL,
  `status` int(11) DEFAULT 1
) ENGINE=InnoDB DEFAULT CHARSET=utf8mb4 COLLATE=utf8mb4_unicode_ci;

--
-- Dumping data for table `competition_categories`
--

INSERT INTO `competition_categories` (`id`, `competition_type_id`, `competition_level_id`, `competition_gender_id`, `code`, `class`, `quota`, `isOnline`, `isTeam`, `min_member`, `member`, `teamMember`, `price`, `created_at`, `updated_at`, `status`) VALUES
(1, 1, 'SD', 'PA', 'A', '1,2,3', 30, 1, 0, 1, 1, 0, 40000, NULL, '2021-12-04 17:33:26', 1),
(2, 1, 'SD', 'PA', 'B', '4,5,6', 30, 1, 0, 1, 1, 0, 40000, NULL, '2021-12-04 17:33:37', 1),
(3, 2, 'SD', 'U', 'A', '1,2,3', 25, 1, 0, 1, 1, 0, 40000, NULL, NULL, 1),
(4, 2, 'SD', 'U', 'B', '4,5,6', 25, 1, 0, 1, 1, 0, 40000, NULL, NULL, 1),
(5, 2, 'SMP', 'U', '', '7,8,9', 25, 1, 0, 1, 1, 0, 40000, NULL, NULL, 1),
(6, 2, 'SMA', 'U', '', '10,11,12', 25, 1, 0, 1, 1, 0, 40000, NULL, NULL, 1),
(7, 3, 'SMP', 'U', '', '7,8,9', 25, 1, 0, 1, 1, 0, 40000, NULL, NULL, 1),
(8, 3, 'SMA', 'U', '', '10,11,12', 25, 1, 0, 1, 1, 0, 40000, NULL, NULL, 1),
(9, 4, 'SMP', 'PA', '', '7,8,9', 25, 1, 0, 1, 1, 0, 40000, NULL, NULL, 1),
(10, 4, 'SMP', 'PI', '', '7,8,9', 25, 1, 0, 1, 1, 0, 40000, NULL, NULL, 1),
(11, 4, 'SMA', 'PA', '', '10,11,12', 25, 1, 0, 1, 1, 0, 40000, NULL, NULL, 1),
(12, 4, 'SMA', 'PI', '', '10,11,12', 25, 1, 0, 1, 1, 0, 40000, NULL, NULL, 1),
(13, 5, 'SMP', 'U', '', '7,8,9', 30, 1, 0, 1, 1, 0, 40000, NULL, NULL, 1),
(14, 5, 'SMA', 'U', '', '10,11,12', 30, 1, 0, 1, 1, 0, 40000, NULL, NULL, 1),
(15, 6, 'SMA', 'U', '', '10,11,12', 12, 1, 1, 3, 5, 0, 100000, NULL, NULL, 1),
(16, 7, 'SMA', 'U', '', '10,11,12', 30, 1, 0, 1, 1, 0, 40000, NULL, '2021-12-07 07:25:05', 1),
(17, 8, 'SD', 'U', '', '1,2,3,4,5,6', 10, 1, 1, 1, 10, 0, 200000, NULL, '2021-12-12 10:17:45', 1),
(18, 7, 'SMP', 'U', '', '7,8,9', 30, 1, 0, 1, 1, 0, 40000, NULL, '2021-12-07 07:25:05', 1),
(19, 3, 'SD', 'U', 'A', '1,2,3', 25, 1, 0, 1, 1, 0, 40000, NULL, NULL, 1),
(20, 3, 'SD', 'U', 'B', '4,5,6', 25, 1, 0, 1, 1, 0, 40000, NULL, NULL, 1),
(21, 1, 'SMP', 'PA', '', '7,8,9', 30, 1, 0, 1, 1, 0, 40000, NULL, '2021-12-04 17:33:37', 1),
(22, 10, 'SMA', 'U', '', '10,11,12', 30, 1, 0, 1, 1, 0, 40000, NULL, '2021-12-07 07:25:05', 1),
(23, 9, 'SD', 'U', 'A', '1,2,3', 35, 1, 0, 1, 1, 0, 25000, NULL, '2021-12-07 07:25:05', 1),
(24, 9, 'SD', 'U', 'B', '4,5,6', 35, 1, 0, 1, 1, 0, 25000, NULL, '2021-12-07 07:25:05', 1),
(25, 8, 'SMP', 'U', NULL, '7,8,9', 10, 1, 1, 1, 10, 0, 200000, '2021-12-14 11:46:07', '2021-12-14 11:49:35', 1),
(26, 8, 'SMA', 'U', NULL, '10,11,12', 10, 1, 1, 1, 10, 0, 200000, '2021-12-14 11:50:19', '2021-12-14 11:50:23', 1);

-- --------------------------------------------------------

--
-- Table structure for table `competition_genders`
--

CREATE TABLE `competition_genders` (
  `id` varchar(255) COLLATE utf8mb4_unicode_ci NOT NULL,
  `name` varchar(255) COLLATE utf8mb4_unicode_ci DEFAULT NULL,
  `show` int(11) DEFAULT 1,
  `created_at` timestamp NULL DEFAULT NULL,
  `updated_at` timestamp NULL DEFAULT NULL
) ENGINE=InnoDB DEFAULT CHARSET=utf8mb4 COLLATE=utf8mb4_unicode_ci;

--
-- Dumping data for table `competition_genders`
--

INSERT INTO `competition_genders` (`id`, `name`, `show`, `created_at`, `updated_at`) VALUES
('PA', 'Putra', 1, '2020-09-28 00:52:52', '2020-09-28 00:52:52'),
('PI', 'Putri', 1, '2020-09-28 00:52:52', '2020-09-28 00:52:52'),
('U', 'Semua gender', 0, '2020-09-28 00:52:52', '2020-09-28 00:52:52');

-- --------------------------------------------------------

--
-- Table structure for table `competition_levels`
--

CREATE TABLE `competition_levels` (
  `id` varchar(255) COLLATE utf8mb4_unicode_ci NOT NULL,
  `name` varchar(255) COLLATE utf8mb4_unicode_ci DEFAULT NULL,
  `show` int(11) DEFAULT 1,
  `created_at` timestamp NULL DEFAULT NULL,
  `updated_at` timestamp NULL DEFAULT NULL
) ENGINE=InnoDB DEFAULT CHARSET=utf8mb4 COLLATE=utf8mb4_unicode_ci;

--
-- Dumping data for table `competition_levels`
--

INSERT INTO `competition_levels` (`id`, `name`, `show`, `created_at`, `updated_at`) VALUES
('SD', 'SD/MI', 1, '2020-09-28 00:52:48', '2020-09-28 00:52:48'),
('Sekolah', 'Umum', 0, '2020-09-28 00:52:48', '2020-09-28 00:52:48'),
('SMA', 'SMA/SMK/MA', 1, '2020-09-28 00:52:48', '2020-09-28 00:52:48'),
('SMP', 'SMP/Mts', 1, '2020-09-28 00:52:48', '2020-09-28 00:52:48');

-- --------------------------------------------------------

--
-- Table structure for table `competition_types`
--

CREATE TABLE `competition_types` (
  `id` bigint(20) UNSIGNED NOT NULL,
  `name` varchar(255) COLLATE utf8mb4_unicode_ci DEFAULT NULL,
  `code` varchar(255) COLLATE utf8mb4_unicode_ci DEFAULT NULL,
  `description` longtext COLLATE utf8mb4_unicode_ci DEFAULT NULL,
  `status` int(11) DEFAULT 1,
  `created_at` timestamp NULL DEFAULT NULL,
  `updated_at` timestamp NULL DEFAULT NULL,
  `image` varchar(255) COLLATE utf8mb4_unicode_ci DEFAULT NULL,
  `slug` varchar(255) COLLATE utf8mb4_unicode_ci DEFAULT NULL,
  `class` text COLLATE utf8mb4_unicode_ci DEFAULT NULL,
  `tm_video` longtext COLLATE utf8mb4_unicode_ci DEFAULT NULL,
  `tm_file` longtext COLLATE utf8mb4_unicode_ci DEFAULT NULL,
  `date_start` datetime DEFAULT NULL,
  `date_end` datetime DEFAULT NULL
) ENGINE=InnoDB DEFAULT CHARSET=utf8mb4 COLLATE=utf8mb4_unicode_ci;

--
-- Dumping data for table `competition_types`
--

INSERT INTO `competition_types` (`id`, `name`, `code`, `description`, `status`, `created_at`, `updated_at`, `image`, `slug`, `class`, `tm_video`, `tm_file`, `date_start`, `date_end`) VALUES
(1, 'Adzan', 'ADZAN', '<h5><span style=\"font-size:14px;\"><strong>a. Kategori Lomba</strong></span></h5>\r\n\r\n<ul>\r\n	<li>SD/MI Putra A ( kelas, 1,2&nbsp;dan 3)</li>\r\n	<li>SD/ MI Putra B ( kelas 4,5&nbsp;dan 6)</li>\r\n	<li>SMP/MTS Putra</li>\r\n</ul>\r\n\r\n<h5><span style=\"font-size:14px;\"><strong>b. Kuota peserta</strong></span></h5>\r\n\r\n<ul>\r\n	<li>SD/MI Putra A : 30 Peserta</li>\r\n	<li>SD/MI Putra B : 30 Peserta</li>\r\n	<li>SMP/MTS Putra : 30 Peserta</li>\r\n</ul>\r\n\r\n<h5><span style=\"font-size:14px;\"><strong>c. Point dan Presentase Penilaian</strong></span></h5>\r\n\r\n<ul>\r\n	<li aria-level=\"2\" style=\"list-style-type:disc\"><span style=\"font-size:12pt; font-variant:normal; white-space:pre-wrap\"><span style=\"font-family:\'Times New Roman\'\"><span style=\"font-weight:400\"><span style=\"font-style:normal\"><span style=\"text-decoration:none\">Makhraj dan tajwid&nbsp;</span></span></span></span></span><span style=\"font-size:12pt; font-variant:normal; white-space:pre-wrap\"><span style=\"font-family:\'Times New Roman\'\"><span style=\"font-weight:400\"><span style=\"font-style:normal\"><span style=\"text-decoration:none\">: 35</span></span></span></span></span></li>\r\n	<li aria-level=\"2\" style=\"list-style-type:disc\"><span style=\"font-size:12pt; font-variant:normal; white-space:pre-wrap\"><span style=\"font-family:\'Times New Roman\'\"><span style=\"font-weight:400\"><span style=\"font-style:normal\"><span style=\"text-decoration:none\">Irama dan Suara</span></span></span></span></span><span style=\"font-size:12pt; font-variant:normal; white-space:pre-wrap\"><span style=\"font-family:\'Times New Roman\'\"><span style=\"font-weight:400\"><span style=\"font-style:normal\"><span style=\"text-decoration:none\"> : 25</span></span></span></span></span></li>\r\n	<li aria-level=\"2\" style=\"list-style-type:disc\"><span style=\"font-size:12pt; font-variant:normal; white-space:pre-wrap\"><span style=\"font-family:\'Times New Roman\'\"><span style=\"font-weight:400\"><span style=\"font-style:normal\"><span style=\"text-decoration:none\">Penjiwaan dan Penghayatan </span></span></span></span></span><span style=\"font-size:12pt; font-variant:normal; white-space:pre-wrap\"><span style=\"font-family:\'Times New Roman\'\"><span style=\"font-weight:400\"><span style=\"font-style:normal\"><span style=\"text-decoration:none\">: 25</span></span></span></span></span></li>\r\n	<li><span style=\"font-size:12pt; font-variant:normal; white-space:pre-wrap\"><span style=\"font-family:\'Times New Roman\'\"><span style=\"font-weight:400\"><span style=\"font-style:normal\"><span style=\"text-decoration:none\">Adab dan Ketepatan Durasi&nbsp;</span></span></span></span></span><span style=\"font-size:12pt; font-variant:normal; white-space:pre-wrap\"><span style=\"font-family:\'Times New Roman\'\"><span style=\"font-weight:400\"><span style=\"font-style:normal\"><span style=\"text-decoration:none\">: 15</span></span></span></span></span></li>\r\n</ul>\r\n\r\n<h5><span style=\"font-size:14px;\"><strong>d. Teknis dan Peraturan Lomba</strong></span></h5>\r\n\r\n<ul>\r\n	<li>Peserta harus menyelesaikan registrasi COMIC X secara lengkap.</li>\r\n	<li>Peserta diwajibkan mengikuti TM (<em>Technical Meeting</em>) sesuai dengan jadwal yang diinformasikan. Semua pertanyaan di setiap lomba akan dijawab langsung oleh Penanggung Jawab lomba di TM (<em>Technical Meeting</em>).</li>\r\n	<li>Peserta diharapkan paham dan mengikuti semua peraturan yang ada di lomba Adzan.</li>\r\n	<li>Diharuskan menggunakan <strong>ADZAN SUBUH.</strong></li>\r\n	<li>Durasi perlombaan yakni 6 menit.</li>\r\n	<li>Menggunakan pakaian yang rapi.</li>\r\n	<li>Di larang menggunakan background yang tidak senonoh/ tidak sopan (Contoh : ada botol bir di background dll)</li>\r\n	<li>Peserta diharapkan mengambil video dalam One Take Shot (sekali pengambilan video).</li>\r\n	<li>Peserta dilarang mengedit video (seperti di cut, dsb).</li>\r\n	<li>Peserta diharuskan mengunggah video ke&nbsp;<em>Google Drive&nbsp;</em>masing-masing, kemudian mengunggah <em>link Google Drive&nbsp;</em>tersebut ke&nbsp;<em>Website&nbsp;</em>COMIC X. Untuk penjelasan lebih lanjut, silahkan lihat video di via&nbsp;<em>YouTube, Instagram, dan Website&nbsp;</em>COMIC X.</li>\r\n	<li>Video diawali dengan perkenalan&nbsp; peserta (Salam, Nama, No. Urut, Kategori Peserta, Asal Sekolah).</li>\r\n	<li>Peserta diharapkan mengumpulkan video tepat pada waktunya.</li>\r\n	<li>Peserta dilarang&nbsp;<em>Lipsync&nbsp;</em>saat membuat video.</li>\r\n	<li>Kualitas&nbsp;video yang dikirim harus jelas, disarankan video berkualitas 720p/HD atau 1080p/<em>full&nbsp;</em>HD.</li>\r\n	<li>Peserta diperbolehkan menggunakan alat pengeras suara, seperti Microphone, dsb.</li>\r\n</ul>', 1, '2020-10-21 07:34:07', '2021-12-16 09:43:27', 'adzan.jpg', 'adzan', 'SD, SMP', '<iframe width=\"560\" height=\"315\" src=\"https://www.youtube.com/embed/YGJHaRgmooU\" frameborder=\"0\" allow=\"accelerometer; autoplay; clipboard-write; encrypted-media; gyroscope; picture-in-picture\" allowfullscreen></iframe>', 'https://drive.google.com/file/d/1pdP_mApYvsqwZU2G6QQGrFDVCTT1yM2x/view?usp=sharing', '2021-02-07 00:00:00', '2021-02-12 00:00:00'),
(2, 'Da\'i', 'DAI', '<h5><strong><span style=\"font-size:14px;\">a. Kategori Peserta</span></strong></h5>\r\n\r\n<ul>\r\n	<li>SD/MI (Kelas 1, 2&nbsp;dan 3)</li>\r\n	<li>SD/MI (Kelas 4, 5&nbsp;dan 6)</li>\r\n	<li>SMP/MTs</li>\r\n	<li>SMA/SMK/MA</li>\r\n</ul>\r\n\r\n<h5><strong><span style=\"font-size:14px;\">b. Kuota Peserta</span></strong></h5>\r\n\r\n<ul>\r\n	<li>SD/MI (Kelas 1, 2&nbsp;dan 3) : 25 Peserta</li>\r\n	<li>SD/MI (Kelas 4, 5&nbsp;dan 6) : 25 Peserta</li>\r\n	<li>SMP/MTs : 25 Peserta</li>\r\n	<li>SMA/SMK/MA : 25 Peserta</li>\r\n</ul>\r\n\r\n<h5><strong><span style=\"font-size:14px;\">c. Tema</span></strong></h5>\r\n\r\n<ul>\r\n	<li>SD/MI (Kelas 1, 2&nbsp;dan 3) : Berbakti kepada Orang Tua.</li>\r\n	<li>SD/MI (Kelas 4, 5&nbsp;dan 6) : Sholat adalah tolok ukur amal.</li>\r\n	<li>SMP/MTs : Peran pemuda islam untuk memperkuat iman dalam perkembangan teknologi.</li>\r\n	<li>SMA/SMK/MA : Pandangan pemuda islam tentang zina.</li>\r\n</ul>\r\n\r\n<h5><strong><span style=\"font-size:14px;\">d. Teknis Lomba</span></strong></h5>\r\n\r\n<ul>\r\n	<li>Para peserta sudah melakukan registrasi secara lengkap.</li>\r\n	<li>Para peserta diharapkan mengikuti semua aturan yang telah berlaku di COMIC X.</li>\r\n	<li>Peserta dilarang menggunakan konten yang bersifat rasis, sara, dan pornografi.</li>\r\n	<li>Peserta tampil dengan Bahasa Indonesia yang baik dan benar.</li>\r\n	<li>Peserta harus menyampaikan materi sesuai dengan tema yang telah ditentukan.</li>\r\n	<li>Durasi berdakwah maksimal 6 menit.</li>\r\n	<li>Perkenalan peserta meliputi (Salam, Nama, Kategori, Nomor Urut, dan Muqodimah). Selanjutnya dakwah bisa dimulai.</li>\r\n	<li>Peserta diharuskan mengupload video ke Google Drive masing-masing kemudian mengupload Link Google Drive tersebut ke Website COMIC X. Untuk penjelasan lebih jelas, bisa melihat video di Youtube, Instagram dan Website COMIC X.</li>\r\n	<li>Video dibuat se-transparan mungkin agar menghindari kecurangan dan meyakinkan dewan juri, mengingat lomba dilaksanakan secara virtual.</li>\r\n	<li>Audio harus terdengar dengan jelas.</li>\r\n	<li>Kualitas video yang dikirim disarankan yang berkualitas 720p/HD atau 1080/FULL HD.</li>\r\n	<li>Keputusan juri mutlak, tidak bisa diganggu gugat.</li>\r\n</ul>\r\n\r\n<h5><strong><span style=\"font-size:14px;\">e. Durasi Lomba</span></strong></h5>\r\n\r\n<ul>\r\n	<li>6 menit / peserta</li>\r\n</ul>\r\n\r\n<h5><strong><span style=\"font-size:14px;\">f. Point dan Presentasi Penilaian</span></strong></h5>\r\n\r\n<ol>\r\n	<li>Isi : 20 point</li>\r\n	<li>Mimik &amp; Intonasi : 25 point</li>\r\n	<li>Penguasaan Materi : 30 point</li>\r\n	<li>Tata Krama &amp; Ketaatan Peraturan : 10 point</li>\r\n	<li>Aksentuasi : 15 point</li>\r\n</ol>\r\n\r\n<h5><strong><span style=\"font-size:14px;\">g. Peraturan</span></strong></h5>\r\n\r\n<ol>\r\n	<li>Peserta tampil dengan menggunakan Bahasa Indonesia yang baik dan<br />\r\n	benar.</li>\r\n	<li>Peserta dilarang menggunakan konten yang bersifat rasis dan sara.</li>\r\n	<li>Peserta menggunakan pakaian yang rapi dan sopan.</li>\r\n	<li>Durasi berdakwah maksimal 6 menit.</li>\r\n	<li>Batas waktu tidak boleh lebih dari 6 menit.</li>\r\n	<li>Waktu 6 menit yang diawali dengan perkenalan peserta (Salam, Nama, Kategori, Nomer Urut, dan Muqodimah). Selanjutnya dakwah bisa dimulai.</li>\r\n	<li>Untuk teks dakwah, peserta diperbolehkan untuk membuat teks orisinil sesuai tema dan kemampuan peserta sendiri. Peserta diperbolehkan untuk mencari referensi di Google, namun dilarang menjiplak karya orang lain.</li>\r\n	<li>Peserta dilarang membawa teks atau membaca teks selama berdakwah. Jika terlihat gerak-gerik peserta seperti membaca teks, maka akan dilakukan pengurangan poin.</li>\r\n	<li>Peserta diharuskan mengambil video dalam One Take Shot (sekali pengambilan video).</li>\r\n	<li>Peserta dilarang mengedit video (seperti cut video, green screen, dsb).</li>\r\n	<li>Peserta dibebaskan untuk berekspresi, baik satu sisi maupun dua sisi.</li>\r\n	<li>Peserta diperbolehkan menggunakan alat penjelas suara, seperti Microphone, dsb.\r\n	<ol>\r\n		<li>Namun memakai microphone tidak diwajibkan dan tidak menjadi patokan penilaian, jadi jika peserta yang memiliki microphone, dipersilahkan.</li>\r\n		<li>Poin pentingnya ialah audio (suara) harus jelas, jika peserta tidak menggunakan microphone, dimohon untuk kualitas audio supaya jelas terdengar.</li>\r\n	</ol>\r\n	</li>\r\n	<li>Pengambilan video peserta diwajibkan landscape.</li>\r\n	<li>Peserta dilarang lipsync</li>\r\n</ol>', 1, '2020-10-21 07:34:07', '2021-12-16 08:16:53', 'dai.jpg', 'dai', 'SD, SMP, SMA', NULL, NULL, '2021-02-07 00:00:00', '2021-02-12 00:00:00'),
(3, 'Pop Religi', 'POP', '<h5><strong><span style=\"font-size:14px;\">a. Kategori Peserta</span></strong></h5>\r\n\r\n<ul>\r\n	<li>Kategori SD/MI (A) (Mencakup Putra dan Putri)</li>\r\n	<li>Kategori SD/MI (B) (Mencakup&nbsp;Putra dan Putri)</li>\r\n	<li>Kategori SMP/MTs&nbsp;(Mencakup Putra dan Putri)</li>\r\n	<li>Kategori SMA/SMK/MA (Mencakup Putra dan Putri)</li>\r\n</ul>\r\n\r\n<h5><strong><span style=\"font-size:14px;\">b. Kuota Peserta</span></strong></h5>\r\n\r\n<ul>\r\n	<li>Kategori SD/MI (A) (Kelas 1, 2, dan 3) : 25 Peserta&nbsp;</li>\r\n	<li>Kategori SD/MI (B) (Kelas 4, 5, dan 6) : 25 Peserta&nbsp;</li>\r\n	<li>Kategori SMP/MTs&nbsp;: 25 Peserta&nbsp;</li>\r\n	<li>Kategori SMA/SMK/MA : 25 Peserta&nbsp;</li>\r\n</ul>\r\n\r\n<h5><strong><span style=\"font-size:14px;\">c. Tema</span></strong></h5>\r\n\r\n<ul>\r\n	<li>Ekspresikan Bakatmu Melalui Hobimu</li>\r\n</ul>\r\n\r\n<h5><strong><span style=\"font-size:14px;\">d. Teknis Pelaksanaan Lomba Pop Religi</span></strong></h5>\r\n\r\n<ol>\r\n	<li>Peserta sudah melakukan registrasi secara lengkap</li>\r\n	<li>Peserta diharapkan mengikuti semua aturan yang berlaku di COMIC X</li>\r\n	<li>Peserta Perlomabaan POP RELIGI melakukan perlombaan secara virtual berupa video</li>\r\n	<li>Kualitas Video harus jelas, disarankan 720p/HD atau 1080HD/full HD dan Audio harus terdengar jelas</li>\r\n	<li>Peserta diwajibkan melakukan video tampak seluruh bagian anggota badan dari atas kepala sampai alas kaki.</li>\r\n	<li>Peserta Menggunakan Bahasa Indonesia yang baik dan sopan.</li>\r\n	<li>Peserta menggunakan pakaian bebas rapi dan sesuai dengan ketentuan perlombaan.</li>\r\n	<li>Peserta Dilarang Menggunakan Konten yang bersifat rasis dan sara.</li>\r\n	<li>Peserta dilarang lipsync atau membawa teks selama perlombaan.</li>\r\n	<li>Jika terlihat gerak gerik peserta seperti membaca teks, maka akan dilakukan pengurangan point.</li>\r\n	<li>Panitia menyediakan 50 list lagu untuk kemudian dipilih oleh peserta untuk dinyanyikan pada saat perlombaan.</li>\r\n	<li>Satu judul lagu maximal dipilih oleh 3 orang peserta, jika ada peserta lain memilih judul lagu yang sama, maka peserta diharapkan bersedia untuk mengganti pilihannya.</li>\r\n	<li>Durasi Video, 6 menit per peserta.</li>\r\n	<li>Peserta diharuskan mengunggah video ke Google Drive masingmasing. Kemudian mengunggah link Google Drive tersebut ke Website COMIC X. Untuk lebih jelas bisa melihat video penjelasannya di YouTube,Instagram dan Website COMIC X</li>\r\n</ol>\r\n\r\n<h5><strong><span style=\"font-size:14px;\">e. List Lagu Lomba Pop Religi</span></strong></h5>\r\n\r\n<ol>\r\n	<li>&nbsp;Aisyah Istri Rasulullah &ndash; Syakir Daulay</li>\r\n	<li>Denting &ndash; Melly Goeslaw</li>\r\n	<li>Cinta &ndash; Krisdayanti feat Melly Goeslaw</li>\r\n	<li>Hijrah Cinta &ndash; Rossa</li>\r\n	<li>Di Sepertiga Malam &ndash; Rey Mbayang</li>\r\n	<li>Takdir Cinta &ndash; Rossa</li>\r\n	<li>&nbsp;Ayat Ayat Cinta &ndash; Rossa</li>\r\n	<li>Takkan Berpaling Dari-Mu &ndash; Rossa</li>\r\n	<li>KuasaMu &ndash; Bunga Citra Lestari</li>\r\n	<li>Kupinang Kau Dengan Bismillah &ndash; Ungu feat Rossa</li>\r\n	<li>Shalawat Cinta &ndash; Ustad Jefri Al Bukhori</li>\r\n	<li>Bidadari Surga &ndash; Ustad Jefri Al Bukhori</li>\r\n	<li>KebesaranMu &ndash; ST12</li>\r\n	<li>MemujaMu &ndash; ST12</li>\r\n	<li>Seluruh Cinta &ndash; Siti Nurhaliza feat Cakra Khan</li>\r\n	<li>Jalan Cinta &ndash; Sherina</li>\r\n	<li>Rasool&#39;Allah &ndash; Harris J</li>\r\n	<li>Peace Be Upon You &ndash; Maher Zain</li>\r\n	<li>Baraka Allahu Lakuma &ndash; Maher Zain</li>\r\n	<li>Salam Alaikum &ndash; Harris J</li>\r\n	<li>I Promise &ndash; Harris J</li>\r\n	<li>You Are My Life &ndash; Harris J</li>\r\n	<li>Al Wabaa&#39; &ndash; Nissa Sabyan</li>\r\n	<li>Maulidu Ahmad &ndash; Syahla feat Nissa Sabyan</li>\r\n	<li>Allahul Kaafi &ndash; Fitriana feat Nissa Sabyan</li>\r\n	<li>Deen Assalam &ndash; Nissa Sabyan</li>\r\n	<li>Ya Jamalu &ndash; Nissa Sabyan</li>\r\n	<li>Ya Maulana &ndash; Nissa Sabyan</li>\r\n	<li>Ya Asyiqol &ndash; Nissa Sabyan</li>\r\n	<li>Syukran Lillah &ndash; Nissa Sabyan</li>\r\n	<li>Jangan Menyerah &ndash; D&rsquo;Masiv</li>\r\n	<li>Pintu Taubat &ndash; Zivilia</li>\r\n	<li>Cahaya Hati &ndash; Opick</li>\r\n	<li>Maha Melihat &ndash; Opick feat Amanda</li>\r\n	<li>Sajadah Panjang &ndash; Noah</li>\r\n	<li>Jalan Lurus &ndash; Gita Gutawa</li>\r\n	<li>Dengan NafasMu &ndash; Ungu</li>\r\n	<li>SurgaMu &ndash; Ungu</li>\r\n	<li>Bila Tiba &ndash; Ungu</li>\r\n	<li>Andai Ku Tahu &ndash; Ungu</li>\r\n	<li>Para PencariMu &ndash; Ungu</li>\r\n	<li>ud Of You Moslem &ndash; Fatin Shidqia</li>\r\n	<li>Keagungan Tuhan &ndash; Gigi</li>\r\n	<li>Ya Thoybah &ndash; Sulis</li>\r\n	<li>Sapu Jagat &ndash; Nissa Sabyan</li>\r\n	<li>Rindu Muhammadku &ndash; Haddad Alwi feat Vita</li>\r\n	<li>Bismillah Cinta &ndash; Ungu feat Lesti</li>\r\n	<li>Sepanjang Hidup &ndash; Maher Zain</li>\r\n	<li>Allahi Allah Kiya Karo &ndash; Maher Zain</li>\r\n	<li>man Ya Rohman &ndash; Nissa Sabyan</li>\r\n</ol>\r\n\r\n<h5><strong><span style=\"font-size:14px;\">f. Ketentuan Kostum Peserta</span></strong></h5>\r\n\r\n<ul>\r\n	<li>\r\n	<h5><b>Putri :</b></h5>\r\n\r\n	<ul>\r\n		<li>\r\n		<p>Menutup Aurat.</p>\r\n		</li>\r\n		<li>\r\n		<p>Tidak diperkenankan menggunakan celana jeans ketat.</p>\r\n		</li>\r\n		<li>\r\n		<p>Tidak diperkenankan menggunakan kostum yang menerawang (transparan).</p>\r\n		</li>\r\n	</ul>\r\n	</li>\r\n	<li>\r\n	<h5><b>Putra :</b></h5>\r\n\r\n	<ul>\r\n		<li>\r\n		<p>Menutup Aurat</p>\r\n		</li>\r\n		<li>\r\n		<p>Tidak diperkenankan menggunakan celana yang ketat (press body)</p>\r\n		</li>\r\n		<li>\r\n		<p>Tidak di perkenankan menggunakan baju kaos ketat (press body)</p>\r\n		</li>\r\n	</ul>\r\n	</li>\r\n</ul>\r\n\r\n<h5><strong><span style=\"font-size:14px;\">g. Sistem Penilaian Lomba Pop Religi</span></strong></h5>\r\n\r\n<ol>\r\n	<li>Vokal : 30 % ( Max 30 Poin )</li>\r\n	<li>Penghayatan/Penjiwaan : 20 % ( Max 20 Poin )</li>\r\n	<li>Teknik/Skill : 25 % ( Max 25 Poin )</li>\r\n	<li>Penguasaan Panggung : 10 % ( Max 10 Poin )</li>\r\n	<li>Penampilan/Kostum : 15 % ( Max 15 Poin )</li>\r\n</ol>\r\n\r\n<h5><strong><span style=\"font-size:14px;\">h. Peraturan Lomba</span></strong></h5>\r\n\r\n<ol>\r\n	<li>Peserta diminta untuk membuat kualitas video dan audio yang jelas,<br />\r\n	disarankan menggunakan microphone.</li>\r\n	<li>Peserta wajib mengikuti TM (Technical Meeting) sesuai dengan jadwal<br />\r\n	yang diinformasikan. Semua pertanyaan disetiap lomba akan dijawab<br />\r\n	langsung oleh Penanggung Jawab lomba di Technical meeting.</li>\r\n	<li>Durasi lomba 6 menit yang diawali dengan perkenalan peserta (Nama,<br />\r\n	Nomor urut, Asal Sekolah, dan sebutkan Judul lagu yang akan dibawakan)<br />\r\n	selanjutnya lomba bisa dimulai.</li>\r\n	<li>Waktu Perlombaan berdurasi 6 menit atau sesuai dengan kebutuhan durasi<br />\r\n	masing-masing peserta.</li>\r\n	<li>&nbsp;Peserta diharapkan mengambil video dalam One Take Shot (Sekali<br />\r\n	Pengambilan Video).</li>\r\n	<li>Peserta dilarang mengedit video cut dan sebagainya.</li>\r\n	<li>Setelah selesai, peserta dapat mengakhiri dengan salam.&nbsp;</li>\r\n</ol>', 1, '2020-10-21 07:34:07', '2021-12-16 08:25:20', 'pop-religi.jpg', 'pop-religi', 'SD, SMP, SMA', NULL, NULL, '2021-02-07 00:00:00', '2021-02-12 00:00:00'),
(4, 'Tilawah', 'TILAWAH', '<h5><strong><span style=\"font-size:14px;\">a. Kategori Peserta</span></strong></h5>\r\n\r\n<ul>\r\n	<li>SMP/MTs Putra</li>\r\n	<li>SMP/MTs Putri</li>\r\n	<li>SMA/SMK/MA Putra</li>\r\n	<li>SMA/SMK/MA Putri</li>\r\n</ul>\r\n\r\n<h5><strong><span style=\"font-size:14px;\">b. Kuota Peserta</span></strong></h5>\r\n\r\n<ul>\r\n	<li>SMP/MTs Putra : 25&nbsp;Peserta</li>\r\n	<li>SMP/MTs Putri : 25&nbsp;Peserta</li>\r\n	<li>SMA/SMK/MA Putra : 25&nbsp;Peserta</li>\r\n	<li>SMA/SMK/MA Putri : 25&nbsp;Peserta</li>\r\n</ul>\r\n\r\n<h5><strong><span style=\"font-size:14px;\">c. Tema</span></strong></h5>\r\n\r\n<ul>\r\n	<li>SMP Putra/Putri :&nbsp;juz 1 - 10 juz</li>\r\n	<li>SMA Putra/Putri :&nbsp;juz 1 -&nbsp;20 juz</li>\r\n</ul>\r\n\r\n<h5><strong><span style=\"font-size:14px;\">d. Teknis Lomba</span></strong></h5>\r\n\r\n<ul>\r\n	<li>Para peserta sudah melakukan registrasi secara lengkap.</li>\r\n	<li>Peserta diharapkan mengikuti semua aturan yang berlaku di COMIC X.</li>\r\n	<li>Peserta wajib mengikuti TM (<em>Technical Meeting</em>) sesuai dengan jadwal yang diinformasikan. Semua pertanyaan disetiap lomba akan dijawab langsung oleh Penanggung Jawab lomba di Technical meeting.</li>\r\n	<li>Peserta diharapkan paham dan mengikuti semua peraturan di Lomba Tilawah.</li>\r\n	<li>Peserta diharapkan mengumpulkan video dengan tepat waktu.</li>\r\n	<li>Peserta memilih surah dan ayat sendiri dari Al-Qur&rsquo;an dengan ketentuan minimal 4 ayat dan maksimal 6 ayat.</li>\r\n	<li>Video yang dikirimkan ke <em>Website</em> COMIC X akan mutlak menjadi hak milik panitia.</li>\r\n	<li>Kualitas video yang dikirim harus jelas, disarankan video berkualitas 720p/HD atau 1080p/full HD.</li>\r\n	<li>Peserta diharuskan mengunggah video ke Google Drive masing-masing, kemudian mengunggah link Google Drive tersebut ke <em>Website</em> COMIC X. Untuk lebih jelas bisa melihat video penjelasannya di <em>Youtube, Instagram, </em>dan <em>Website</em> COMIC X.</li>\r\n</ul>\r\n\r\n<h5><strong><span style=\"font-size:14px;\">e. Kriteria penilaian</span></strong></h5>\r\n\r\n<ul>\r\n	<li>Tajwid (<em>makharijul huruf, shifatul huruf, ahkamul huruf, ahkamul maddi wal qasr, dan ahkamul waqaf wal ibtida</em>&rsquo;).</li>\r\n	<li>Fashahah (Kefasihan).</li>\r\n	<li>Lagu, Irama, dan Suara.</li>\r\n</ul>\r\n\r\n<h5><strong><span style=\"font-size:14px;\">f. Point Penilaian</span></strong></h5>\r\n\r\n<ul>\r\n	<li>Tajwid : 30 Point</li>\r\n	<li>Fashohah : 30 Point</li>\r\n	<li>Lagu dan irama&nbsp;: 25 Point</li>\r\n	<li>Suara : 15 Point</li>\r\n</ul>\r\n\r\n<h5><strong><span style=\"font-size:14px;\">g. Peraturan Lomba</span></strong></h5>\r\n\r\n<ol>\r\n	<li>Lomba Tilawah atau yang biasa kita kenal dengan MTQ (Musabaqah Tilawatil Qur&#39;an) adalah bidang lomba membaca Al-Qur&rsquo;an dengan bacaan mujawwad, yaitu bacaan Al-Qur&rsquo;an yang mengandung nilai ilmu membaca (tajwid), seni (lagu dan suara), dan etika (adab) membaca.</li>\r\n	<li>Durasi lomba 6 menit yang diawali dengan perkenalan peserta (Nama, Nomor urut, Asal Sekolah, dan sebutkan Surah serta ayat yang dibaca) selanjutnya Tilawah bisa dimulai.</li>\r\n	<li>Peserta bersifat perorangan.</li>\r\n	<li>Peserta dilarang lipsync.</li>\r\n	<li>Peserta diharapkan mengambil video dalam One Take Shot (sekali pengambilan video), Peserta dilarang mengedit video (seperti di <em>cut</em>, dsb).</li>\r\n	<li>Audio harus terdengar dengan jelas.</li>\r\n	<li>Peserta diperbolehkan menggunakan alat pengeras suara, seperti<em> Microphone,</em> dsb.</li>\r\n	<li>Maqro&rsquo; akan dibagikan H-1 TM (<em>Technical Meeting</em>).</li>\r\n	<li>Peserta wajib berpakaian syar&rsquo;i\r\n	<ol>\r\n		<li>Laki &ndash; laki&nbsp;: rapi, memakai peci</li>\r\n		<li>Perempuan : rok, krudung.</li>\r\n	</ol>\r\n	</li>\r\n	<li>Semua Peralatan Lomba seperti Al-Quran, Kalam, dll disiapkan oleh peserta masing-masing.</li>\r\n</ol>', 1, '2020-10-21 07:34:07', '2021-12-16 08:41:18', 'tilawah.jpg', 'tilawah', 'SMP, SMA', NULL, NULL, '2021-02-07 00:00:00', '2021-02-12 00:00:00'),
(5, 'Puisi Islami', 'PUISI', '<h5><strong><span style=\"font-size:14px;\">a. Kategori Peserta</span></strong></h5>\r\n\r\n<ul>\r\n	<li>SMP/Mts</li>\r\n	<li>SMA/SMK/MA</li>\r\n</ul>\r\n\r\n<h5><strong><span style=\"font-size:14px;\">b. Kuota Peserta</span></strong></h5>\r\n\r\n<ul>\r\n	<li>SMP/MTs : 30 peserta (Putra/Putri )</li>\r\n	<li>SMA/SMK/MA : 30 peserta (Putra/Putri )</li>\r\n</ul>\r\n\r\n<h5><strong><span style=\"font-size:14px;\">c. Tema</span></strong></h5>\r\n\r\n<ul>\r\n	<li>SMP/Mts : Pesan Kebaikan Untuk Sesama Umat.</li>\r\n	<li>SMA/SMK/MA : Bertaubat Sebelum Terlambat</li>\r\n</ul>\r\n\r\n<h5><strong><span style=\"font-size:14px;\">d. Teknis Perlombaan</span></strong></h5>\r\n\r\n<ul>\r\n	<li>Para peserta sudah melakukan registrasi secara lengkap.</li>\r\n	<li>Peserta diharapkan mengikuti semua aturan yang berlaku di COMIC X.</li>\r\n	<li>Peserta wajib mengikuti TM (<em>Technical Meeting</em>) sesuai dengan jadwal<br />\r\n	yang diinformasikan. Semua pertanyaan disetiap lomba akan dijawab<br />\r\n	langsung oleh Penanggung Jawab lomba di Technical meeting.</li>\r\n	<li>Perlombaan diadakan secara online dalam bentuk karya video.</li>\r\n	<li>Durasi berpuisi maksimal 5 menit.</li>\r\n	<li>Waktu 5 menit yang diawali dengan Perkenalan peserta (Salam, Nama,<br />\r\n	Nomor urut, Kategori, Asal Sekolah). Selanjutnya puisi bisa dimulai.</li>\r\n	<li>Peserta diwajibkan memakai bahasa yang baik dan sopan.</li>\r\n	<li>Peserta dilarang memakai kata-kata yang berbau rasis &amp; SARA.</li>\r\n	<li>Peserta dilarang <em>lipsync.</em></li>\r\n	<li>Peserta diwajibkan melakukan video tampak seluruh bagian anggota<br />\r\n	badan dari atas kepala sampai alas kaki.</li>\r\n	<li>Peserta diperbolehkan membaca teks.</li>\r\n	<li>Peserta diperbolehkan menggunakan alat pengeras suara, seperti<br />\r\n	<em>Microphone</em>, dsb.</li>\r\n	<li>Kualitas video yang dikirim harus jelas, disarankan video berkualitas<br />\r\n	720p/HD atau 1080/<em>full</em>&nbsp;HD.</li>\r\n	<li>Hasil karya video Peserta di upload ke <em>Google Driv</em>e peserta masing-masing dan di Upload ke <em>Website </em>COMIC X.</li>\r\n</ul>\r\n\r\n<h5><strong><span style=\"font-size:14px;\">e. Durasi</span></strong></h5>\r\n\r\n<ul>\r\n	<li>5 Menit / Peserta</li>\r\n</ul>\r\n\r\n<h5><strong><span style=\"font-size:14px;\">f. Point - Point Penilaian Perlombaan</span></strong></h5>\r\n\r\n<ul>\r\n	<li>Penghayatan : Penghayatan seorang pembaca puisi dapat dilihat dari<br />\r\n	pengunaan ekspresi menyesuaikan makna dari tiap kata dalam puisi yang<br />\r\n	ia bawakan. Penempatan mimik wajah yang tepat untuk setiap makna kata<br />\r\n	dalam puisi merupakan bagian dari penilaian dalam pembacaan puisi.</li>\r\n	<li>Penampilan : Penampilan dari segi busana yang rapi dan sikap percaya diri<br />\r\n	di depan panggung.</li>\r\n	<li>Intonasi : Intonasi yang tepat saat membacakan puisi akan memberikan<br />\r\n	penekanan pada makna yang hendak disampaikan dengan puisi. Naikturun nada menyesuaikan makna kata dalam setiap bait puisi menjadikan<br />\r\n	puisi lebih hidup.</li>\r\n	<li>Mimik : Mimik menjadi syarat wajib yang nilanya cukup tinggi, tanpa<br />\r\n	mimik atau ekspresi muka penghayatan kurang maksimal.</li>\r\n</ul>\r\n\r\n<h5><strong><span style=\"font-size:14px;\">g. Kategori Penilaian</span></strong></h5>\r\n\r\n<ul>\r\n	<li>Penghayatan : 20%</li>\r\n	<li>Penampilan : 15%</li>\r\n	<li>Intonasi : 15%</li>\r\n	<li>Mimik : 20%</li>\r\n	<li>Kesesuaian dengan tema : 30%</li>\r\n</ul>', 1, '2020-10-21 07:34:07', '2021-12-16 09:19:46', 'puisi-islami.jpg', 'puisi-islami', 'SMP, SMA', NULL, NULL, '2021-02-07 00:00:00', '2021-02-13 00:00:00'),
(6, 'Short Movie Islami', 'MOVIE', '<h5><span style=\"font-size:14px;\"><strong>a. Kategori Peserta</strong></span></h5>\r\n\r\n<ul>\r\n	<li>SMA/SMK/MA</li>\r\n</ul>\r\n\r\n<h5><span style=\"font-size:14px;\"><strong>b. Kuota Peserta</strong></span></h5>\r\n\r\n<ul>\r\n	<li>SMA/SMK/MA : 12 team</li>\r\n</ul>\r\n\r\n<h5><span style=\"font-size:14px;\"><strong>c. Tema Lomba</strong></span></h5>\r\n\r\n<ul>\r\n	<li>Membangkitkan semangat pemuda-pemudi untuk mengamalkan budaya islami di masa pandemi.</li>\r\n</ul>\r\n\r\n<h5><span style=\"font-size:14px;\"><strong>d. Teknis lomba</strong></span></h5>\r\n\r\n<ul>\r\n	<li>Para peserta sudah melakukan registrasi lengkap.</li>\r\n	<li>Peserta mengikuti semua aturan yang berlaku di COMIC X.</li>\r\n	<li>Peserta wajib mengikuti <em>Technical Meeting</em> sesuai jadwal yang ditentukan.</li>\r\n	<li>Peserta dilarang menggunakan konten yang bersifat rasis dan sarkasme.</li>\r\n	<li>Durasi Short Movie Islami 12 menit sudah termasuk <em>credit title.</em></li>\r\n	<li>Kualitas video harus jelas, disarankan video berkualitas 720p/HD atau 1080/<em>full</em> HD.</li>\r\n	<li>Peserta diharuskan mengunggah video ke Google Drive masing-masing,<br />\r\n	kemudian mengunggah link<em> Google Drive </em>tersebut ke <em>Website </em>COMIC X.<br />\r\n	Untuk lebih jelas bisa melihat video penjelasannya di <em>YouTube, Instagram,</em><br />\r\n	dan <em>Website</em> COMIC X.</li>\r\n</ul>\r\n\r\n<h5><span style=\"font-size:14px;\"><strong>e. Aspek&nbsp;dan Poin Penilaian</strong></span></h5>\r\n\r\n<ul>\r\n	<li>Keutuhan ide dan bentuk film (orisinalitas karya dan ide/pesan sesuai<br />\r\n	tema) : 30 poin</li>\r\n	<li>Akting (mimik (penghayatan) dan karakter) : 25 poin</li>\r\n	<li>Teknik pengambilan gambar (angle dan style (pencahayaan)) : 15 poin</li>\r\n	<li>Estetika (kualitas gambar/suara dan penataan artistik) : 10 poin</li>\r\n	<li>Video editing (teknik dan style editing) : 20 poin</li>\r\n</ul>\r\n\r\n<h5><span style=\"font-size:14px;\"><strong>f. Ketentuan Lomba</strong></span></h5>\r\n\r\n<ul>\r\n	<li>Film berisi himbauan, seruan atau informasi sesuai tema yang ditentukan.</li>\r\n	<li>Film dikemas menarik, komunikatif, dan kreatif.</li>\r\n	<li>Tidak mengandung pesan negatif atau menyimpang dari norma dan tidak<br />\r\n	bersifat radikal.</li>\r\n	<li>Film tidak mengandung unsur rasisme dan sarkasme.</li>\r\n	<li>Film belum pernah diikutsertakan dalam kompetisi apapun (original).</li>\r\n	<li>Menggunakan <em>subtitle</em> Bahasa Indonesia (jika film menggunakan bahasa<br />\r\n	asing/daerah).</li>\r\n	<li>Satu team berisikan 5 orang.</li>\r\n	<li>Diperbolehkan memakai actor diluar team.</li>\r\n	<li>Durasi Short Movie Islami 12 menit.</li>\r\n</ul>\r\n\r\n<p><span style=\"font-size:14px;\"><strong>g. Durasi Lomba</strong></span></p>\r\n\r\n<ul>\r\n	<li><span style=\"font-size:12px;\">Durasi Short Movie Islami 12 menit.</span></li>\r\n</ul>', 1, '2020-10-21 07:34:07', '2021-12-16 09:22:08', 'short-movie-islami-OhRC.png', 'short-movie-islami', 'SMA', NULL, NULL, '2021-02-07 00:00:00', '2021-02-13 00:00:00'),
(7, 'Desain Poster Islami', 'POSTER', '<h5><span style=\"font-size:14px;\"><strong>a. Kategori Peserta</strong></span></h5>\r\n\r\n<ul>\r\n	<li>SMP/MTS</li>\r\n	<li>SMA/SMK/MA</li>\r\n</ul>\r\n\r\n<h5><span style=\"font-size:14px;\"><strong>b. Kuota Peserta</strong></span></h5>\r\n\r\n<ul>\r\n	<li>SMP/MTS&nbsp;: 30 Peserta</li>\r\n	<li>SMA/SMK/MA&nbsp;: 30 Peserta</li>\r\n</ul>\r\n\r\n<h5><span style=\"font-size:14px;\"><strong>c. Tema</strong></span></h5>\r\n\r\n<ul>\r\n	<li>Di Era Transisi, Generasi Pandemi Bisa Apa?</li>\r\n</ul>\r\n\r\n<h5><span style=\"font-size:14px;\"><strong>d. Sub Tema</strong></span></h5>\r\n\r\n<ul>\r\n	<li>Produktivitas</li>\r\n	<li>Pendidikan</li>\r\n	<li>Peran Reformasi Digital</li>\r\n</ul>\r\n\r\n<h5><span style=\"font-size:14px;\"><strong>e. Teknis Lomba</strong></span></h5>\r\n\r\n<ul>\r\n	<li>Peserta sudah melakukan registrasi COMIC X secara lengkap.</li>\r\n	<li>Peserta diharapkan mengikuti semua aturan yang berlaku di COMIC X.</li>\r\n	<li>Peserta wajib mengikuti TM (<em>Technical Meeting</em>) sesuai dengan jadwal yang diinformasikan. Semua pertanyaan disetiap lomba akan dijawab<br />\r\n	langsung oleh Penanggung Jawab lomba di Technical Meeting.</li>\r\n	<li>Peserta diharapkan paham dan mengikuti semua peraturan di Lomba Desain Poster Islami.</li>\r\n	<li>Jika peserta melanggar peraturan yang sudah tertulis, maka akan dilakukan pengurangan point.</li>\r\n	<li>Peserta diharapkan mengumpulkan hasil karya dengan tepat waktu.</li>\r\n	<li>Peserta wajib mengunggah hasil karya posternya di akun media sosial<br />\r\n	Instagram dengan :&nbsp;- Caption :&nbsp;Nama : Indica Najatu Silva&nbsp; &nbsp; &nbsp; &nbsp; &nbsp; &nbsp; &nbsp; &nbsp; &nbsp; &nbsp; &nbsp; &nbsp; &nbsp; &nbsp; &nbsp; &nbsp; &nbsp; &nbsp; &nbsp; &nbsp; &nbsp; &nbsp; &nbsp; &nbsp; &nbsp; &nbsp; &nbsp; &nbsp; &nbsp; &nbsp; &nbsp; &nbsp; &nbsp; &nbsp; &nbsp; &nbsp; &nbsp; &nbsp; &nbsp; &nbsp; &nbsp; &nbsp; &nbsp; &nbsp; &nbsp; &nbsp; &nbsp; &nbsp; &nbsp; &nbsp; &nbsp; &nbsp; &nbsp; &nbsp; &nbsp; &nbsp; &nbsp; &nbsp; &nbsp; &nbsp; &nbsp; &nbsp; &nbsp; &nbsp; &nbsp; &nbsp; &nbsp; &nbsp; &nbsp; &nbsp; &nbsp; &nbsp; &nbsp; &nbsp; &nbsp; &nbsp; &nbsp; &nbsp; &nbsp; &nbsp; &nbsp; &nbsp; &nbsp; &nbsp; &nbsp; &nbsp; &nbsp; &nbsp; &nbsp; &nbsp; &nbsp; &nbsp; &nbsp; &nbsp; &nbsp; &nbsp; &nbsp; &nbsp; &nbsp; &nbsp; &nbsp; &nbsp; &nbsp; &nbsp; &nbsp; &nbsp; &nbsp; &nbsp; &nbsp; &nbsp; &nbsp; &nbsp; &nbsp; &nbsp; &nbsp; &nbsp; &nbsp; &nbsp; &nbsp; &nbsp; &nbsp; &nbsp;Asal Sekolah : SMA Muhammadiyah 1 Denpasar&nbsp; &nbsp; &nbsp; &nbsp; &nbsp; &nbsp; &nbsp; &nbsp; &nbsp; &nbsp; &nbsp; &nbsp; &nbsp; &nbsp; &nbsp; &nbsp; &nbsp; &nbsp; &nbsp; &nbsp; &nbsp; &nbsp; &nbsp; &nbsp; &nbsp; &nbsp; &nbsp; &nbsp; &nbsp; &nbsp; &nbsp; &nbsp; &nbsp; &nbsp; &nbsp; &nbsp; &nbsp; &nbsp; &nbsp; &nbsp; &nbsp; &nbsp; &nbsp; &nbsp; &nbsp; &nbsp; &nbsp; &nbsp; &nbsp; &nbsp; &nbsp; &nbsp; &nbsp; &nbsp; &nbsp; &nbsp; &nbsp; &nbsp; &nbsp; &nbsp; &nbsp; &nbsp; &nbsp; &nbsp; &nbsp; &nbsp; &nbsp; &nbsp; &nbsp; &nbsp; &nbsp; &nbsp; &nbsp; &nbsp; &nbsp; &nbsp; &nbsp; &nbsp; &nbsp; &nbsp; &nbsp; &nbsp; &nbsp; &nbsp; &nbsp; &nbsp; &nbsp; &nbsp; &nbsp; &nbsp; &nbsp;- Tagar&nbsp; &nbsp; &nbsp;:&nbsp;#dpicomic2022 #comic2022 #comicmcos2022&nbsp; &nbsp; &nbsp; &nbsp; &nbsp; &nbsp; &nbsp; &nbsp; &nbsp; &nbsp; &nbsp; &nbsp; &nbsp; &nbsp; &nbsp; &nbsp; &nbsp; &nbsp; &nbsp; &nbsp; &nbsp; &nbsp; &nbsp; &nbsp; &nbsp; &nbsp; &nbsp; &nbsp; &nbsp; &nbsp; &nbsp; &nbsp; &nbsp; &nbsp; &nbsp; &nbsp; &nbsp; &nbsp; &nbsp; &nbsp; &nbsp; &nbsp; &nbsp; &nbsp; &nbsp; &nbsp; &nbsp; &nbsp; &nbsp; &nbsp; &nbsp; &nbsp; &nbsp; &nbsp; &nbsp; &nbsp; &nbsp; &nbsp; &nbsp; &nbsp; &nbsp; &nbsp; &nbsp; &nbsp; &nbsp; &nbsp; &nbsp; &nbsp; &nbsp; &nbsp; &nbsp; &nbsp; &nbsp; &nbsp; &nbsp; &nbsp; &nbsp; &nbsp; &nbsp; &nbsp; &nbsp; &nbsp; &nbsp; &nbsp; &nbsp; &nbsp; &nbsp; &nbsp; &nbsp; &nbsp; &nbsp; &nbsp;- Mention :&nbsp;@comicstikombali @mcosbali</li>\r\n	<li>Durasi Short Movie Islami 12 menit sudah termasuk <em>credit title.</em></li>\r\n	<li>Peserta wajib mengunggah hasil karyanya di akun Instagram pribadi paling lambat Hari Sabtu, 19 Februari 2022.</li>\r\n	<li>Karya dibuat dengan ketentuan:\r\n	<ul>\r\n		<li>Resolusi : 300ppi</li>\r\n		<li>Ukuran : A4</li>\r\n		<li>Format : JPEG (Hasil Akhir)</li>\r\n		<li>Format : PSD, CDR, AI, LINK CANVA (Hasil Mentah)</li>\r\n		<li>Peserta mengumpul 2 file dalam 1 folder, yaitu file mentah (PSD,CDR, AI) dan file hasil akhir (JPEG) untuk Peserta yang menggunakan Software Adobe Photoshop, CorelDraw, dan Adobe Ilustrator.</li>\r\n	</ul>\r\n	</li>\r\n	<li>Bagi peserta yang menggunakan Software Canva maka yang dikumpulkan&nbsp;adalah Hasil Akhir dalam format (JPEG), dan Link Hasil Desain Canva yang&nbsp;kemudian di Copy Link tersebut lalu di ubah menjadi format (PDF) dan dijadikan 1 folder.</li>\r\n	<li>File disimpan dalam 1 folder dengan nama folder (DPI)_(kategori)_(sekolah asal)_(nama lengkap peserta).</li>\r\n	<li>Contoh :\r\n	<ul>\r\n		<li>DPI_SMA_ SMA Muhammadiyah 1 Denpasar_Indica Najatu Silva</li>\r\n	</ul>\r\n	</li>\r\n	<li>Hasil karya yang dikirimkan ke Website COMIC X akan mutlak menjadi hak milik panitia.</li>\r\n	<li>Peserta diharuskan mengunggah hasil karyanya ke Google Drive masing masing, kemudian mengunggah link Google Drive tersebut ke Website COMIC X. Untuk penjelasan lebih jelas, bisa melihat video via YouTube, Instagram, dan Website COMIC X.</li>\r\n</ul>\r\n\r\n<h5><span style=\"font-size:14px;\"><strong>f. Point dan Presentasi Penilaian</strong></span></h5>\r\n\r\n<ul>\r\n	<li>Originalitas (1-100) 20%</li>\r\n	<li>Konsep Ide Desain (1-100) 15%</li>\r\n	<li>Teknik Penggunaan Software (1-100) 20%</li>\r\n	<li>Nilai Estetika dan Komunikatif (1-100) 30%</li>\r\n	<li>Kesesuaian Tema (1-100) 15%</li>\r\n</ul>\r\n\r\n<h5><span style=\"font-size:14px;\"><strong>g. Peraturan</strong></span></h5>\r\n\r\n<ul>\r\n	<li>Peserta merupakan perorangan.</li>\r\n	<li>Peserta hanya diperkenankan mengirim karya 1 buah poster saja.</li>\r\n	<li>Software yang digunakan adalah Adobe Photoshop, CorelDraw, Adobe Ilustrator dan Canva.</li>\r\n	<li>Desain dapat dibuat hanya dengan ilustrasi atau menggabungkan antara ilustrasi dengan foto (catatan: foto merupakan karya sendiri bukan karya<br />\r\n	orang lain).</li>\r\n	<li>Karya desain tidak boleh mengandung unsur yang bertentangan dengan peraturan perundang-undangan yang berlaku di Indonesia: kesusilaan, moral, kekerasan&nbsp;dan tidak mengandung unsur pornografi, serta bertentangan dengan SARA (Suku, Agama, dan RAS).</li>\r\n	<li>Karya yang dilombakan merupakan karya asli peserta dan belum pernah diikutsertakan atau dipublikasikan untuk keperluan yang bersifat komersil<br />\r\n	serta harus bebas dari setiap kontrak atau ikatan lain.</li>\r\n	<li>Apabila dikemudian hari terdapat gugatan hak cipta, pihak panitia tidak bertanggung jawab atas hal tersebut, panitia akan berasumsi bahwa seluruh<br />\r\n	desain yang diikutsertakan merupakan karya orisinil peserta.</li>\r\n	<li>Apabila ditemukan kecurangan dalam pelaksanaan lomba, maka peserta yang bersangkutan dinyatakan gugur.</li>\r\n</ul>', 1, '2020-10-21 07:34:07', '2021-12-16 10:31:25', 'desain-poster-islami.jpg', 'desain-poster-islami', 'SMP, SMA', NULL, NULL, '2021-02-07 00:00:00', '2021-02-13 00:00:00');
INSERT INTO `competition_types` (`id`, `name`, `code`, `description`, `status`, `created_at`, `updated_at`, `image`, `slug`, `class`, `tm_video`, `tm_file`, `date_start`, `date_end`) VALUES
(8, 'Hadrah Al-Banjari', 'HADRAH', '<h5><span style=\"font-size:14px;\"><strong>a. Kategori Peserta</strong></span></h5>\r\n\r\n<ul>\r\n	<li>SD/MI</li>\r\n	<li>SMP/MTs</li>\r\n	<li>SMA/SMK/MA</li>\r\n</ul>\r\n\r\n<h5><span style=\"font-size:14px;\"><strong>b. Kuota Peserta</strong></span></h5>\r\n\r\n<ul>\r\n	<li aria-level=\"1\" style=\"list-style-type:disc\"><span style=\"color:#ffffff;\"><span style=\"font-size:12pt; font-variant:normal; white-space:pre-wrap\"><span style=\"font-family:\'Times New Roman\'\"><span style=\"font-weight:400\"><span style=\"font-style:normal\"><span style=\"text-decoration:none\">SD/MI</span></span></span></span></span><span style=\"font-size:12pt; font-variant:normal; white-space:pre-wrap\"><span style=\"font-family:\'Times New Roman\'\"><span style=\"font-weight:400\"><span style=\"font-style:normal\"><span style=\"text-decoration:none\">&nbsp;&nbsp;&nbsp; </span></span></span></span></span><span style=\"font-size:12pt; font-variant:normal; white-space:pre-wrap\"><span style=\"font-family:\'Times New Roman\'\"><span style=\"font-weight:400\"><span style=\"font-style:normal\"><span style=\"text-decoration:none\">&nbsp;&nbsp;&nbsp; </span></span></span></span></span><span style=\"font-size:12pt; font-variant:normal; white-space:pre-wrap\"><span style=\"font-family:\'Times New Roman\'\"><span style=\"font-weight:400\"><span style=\"font-style:normal\"><span style=\"text-decoration:none\">: 10 Grup</span></span></span></span></span></span></li>\r\n	<li aria-level=\"1\" style=\"list-style-type:disc\"><span style=\"color:#ffffff;\"><span style=\"font-size:12pt; font-variant:normal; white-space:pre-wrap\"><span style=\"font-family:\'Times New Roman\'\"><span style=\"font-weight:400\"><span style=\"font-style:normal\"><span style=\"text-decoration:none\">SMP/MTs</span></span></span></span></span><span style=\"font-size:12pt; font-variant:normal; white-space:pre-wrap\"><span style=\"font-family:\'Times New Roman\'\"><span style=\"font-weight:400\"><span style=\"font-style:normal\"><span style=\"text-decoration:none\">&nbsp;&nbsp;&nbsp; </span></span></span></span></span><span style=\"font-size:12pt; font-variant:normal; white-space:pre-wrap\"><span style=\"font-family:\'Times New Roman\'\"><span style=\"font-weight:400\"><span style=\"font-style:normal\"><span style=\"text-decoration:none\">&nbsp;&nbsp;&nbsp; </span></span></span></span></span><span style=\"font-size:12pt; font-variant:normal; white-space:pre-wrap\"><span style=\"font-family:\'Times New Roman\'\"><span style=\"font-weight:400\"><span style=\"font-style:normal\"><span style=\"text-decoration:none\">: 10 Grup</span></span></span></span></span></span></li>\r\n	<li aria-level=\"1\" style=\"list-style-type:disc\"><span style=\"color:#ffffff;\"><span style=\"font-size:12pt; font-variant:normal; white-space:pre-wrap\"><span style=\"font-family:\'Times New Roman\'\"><span style=\"font-weight:400\"><span style=\"font-style:normal\"><span style=\"text-decoration:none\">SMA/SMK/MA</span></span></span></span></span><span style=\"font-size:12pt; font-variant:normal; white-space:pre-wrap\"><span style=\"font-family:\'Times New Roman\'\"><span style=\"font-weight:400\"><span style=\"font-style:normal\"><span style=\"text-decoration:none\">&nbsp;&nbsp;&nbsp; </span></span></span></span></span><span style=\"font-size:12pt; font-variant:normal; white-space:pre-wrap\"><span style=\"font-family:\'Times New Roman\'\"><span style=\"font-weight:400\"><span style=\"font-style:normal\"><span style=\"text-decoration:none\">: 10 </span></span></span></span></span><span style=\"font-size:12pt; font-variant:normal; white-space:pre-wrap\"><span style=\"font-family:\'Times New Roman\'\"><span style=\"font-weight:400\"><span style=\"font-style:normal\"><span style=\"text-decoration:none\">Grup</span></span></span></span></span></span></li>\r\n</ul>\r\n\r\n<p style=\"list-style-type:disc\"><span style=\"color:#ffffff;\"><span style=\"font-size:12pt; font-variant:normal; white-space:pre-wrap\"><span style=\"font-family:\'Times New Roman\'\"><span style=\"font-weight:400\"><span style=\"font-style:normal\"><span style=\"text-decoration:none\">Dengan Pergrupnya berisikan Maximal 10 Orang</span></span></span></span></span></span></p>\r\n\r\n<p style=\"list-style-type:lower-alpha\"><span style=\"color:#ffffff;\"><strong><span style=\"font-size:14px;\"><span style=\"font-variant: normal; white-space: pre-wrap;\"><span style=\"font-family:\'Times New Roman\'\"><span style=\"font-weight:400\"><span style=\"font-style:normal\"><span style=\"text-decoration:none\">c. Judul Sholawat PerKategori</span></span></span></span></span></span></strong></span></p>\r\n\r\n<ul>\r\n	<li aria-level=\"1\" style=\"list-style-type:disc\"><span style=\"color:#ffffff;\"><span style=\"font-size:12pt; font-variant:normal; white-space:pre-wrap\"><span style=\"font-family:\'Times New Roman\'\"><span style=\"font-weight:400\"><span style=\"font-style:normal\"><span style=\"text-decoration:none\">SD/MI</span></span></span></span></span><span style=\"font-size:12pt; font-variant:normal; white-space:pre-wrap\"><span style=\"font-family:\'Times New Roman\'\"><span style=\"font-weight:400\"><span style=\"font-style:normal\"><span style=\"text-decoration:none\">&nbsp;</span></span></span></span></span><span style=\"font-size:12pt; font-variant:normal; white-space:pre-wrap\"><span style=\"font-family:\'Times New Roman\'\"><span style=\"font-weight:400\"><span style=\"font-style:normal\"><span style=\"text-decoration:none\">: Busyrolana</span></span></span></span></span></span></li>\r\n	<li aria-level=\"1\" style=\"list-style-type:disc\"><span style=\"color:#ffffff;\"><span style=\"font-size:12pt; font-variant:normal; white-space:pre-wrap\"><span style=\"font-family:\'Times New Roman\'\"><span style=\"font-weight:400\"><span style=\"font-style:normal\"><span style=\"text-decoration:none\">SMP/MTs </span></span></span></span></span><span style=\"font-size:12pt; font-variant:normal; white-space:pre-wrap\"><span style=\"font-family:\'Times New Roman\'\"><span style=\"font-weight:400\"><span style=\"font-style:normal\"><span style=\"text-decoration:none\">: Qosidah Nadhlliyah</span></span></span></span></span></span></li>\r\n	<li aria-level=\"1\" style=\"list-style-type:disc\"><span style=\"color:#ffffff;\"><span style=\"font-size:12pt; font-variant:normal; white-space:pre-wrap\"><span style=\"font-family:\'Times New Roman\'\"><span style=\"font-weight:400\"><span style=\"font-style:normal\"><span style=\"text-decoration:none\">SMA/SMK/MA</span></span></span></span></span><span style=\"font-size:12pt; font-variant:normal; white-space:pre-wrap\"><span style=\"font-family:\'Times New Roman\'\"><span style=\"font-weight:400\"><span style=\"font-style:normal\"><span style=\"text-decoration:none\">&nbsp;</span></span></span></span></span><span style=\"font-size:12pt; font-variant:normal; white-space:pre-wrap\"><span style=\"font-family:\'Times New Roman\'\"><span style=\"font-weight:400\"><span style=\"font-style:normal\"><span style=\"text-decoration:none\">: Hayyul Hadi</span></span></span></span></span></span></li>\r\n</ul>\r\n\r\n<ol start=\"2\">\r\n	<li aria-level=\"1\" style=\"list-style-type:lower-alpha\"><span style=\"color:#ffffff;\"><span style=\"font-size:12pt; font-variant:normal; white-space:pre-wrap\"><span style=\"font-family:\'Times New Roman\'\"><span style=\"font-weight:400\"><span style=\"font-style:normal\"><span style=\"text-decoration:none\">Durasi Lomba</span></span></span></span></span></span></li>\r\n</ol>\r\n\r\n<ul>\r\n	<li aria-level=\"1\" style=\"list-style-type:disc\"><span style=\"color:#ffffff;\"><span style=\"font-size:12pt; font-variant:normal; white-space:pre-wrap\"><span style=\"font-family:\'Times New Roman\'\"><span style=\"font-weight:400\"><span style=\"font-style:normal\"><span style=\"text-decoration:none\">8 Menit</span></span></span></span></span></span></li>\r\n</ul>\r\n\r\n<ol start=\"3\">\r\n	<li aria-level=\"1\" style=\"list-style-type:lower-alpha\"><span style=\"color:#ffffff;\"><strong><span style=\"font-size:12pt; font-variant:normal; white-space:pre-wrap\"><span style=\"font-family:\'Times New Roman\'\"><span style=\"font-weight:400\"><span style=\"font-style:normal\"><span style=\"text-decoration:none\">Teknis Lomba</span></span></span></span></span></strong></span></li>\r\n</ol>\r\n\r\n<ul>\r\n	<li aria-level=\"1\" style=\"list-style-type:disc\"><span style=\"color:#ffffff;\"><span style=\"font-size:12pt; font-variant:normal; white-space:pre-wrap\"><span style=\"font-family:\'Times New Roman\'\"><span style=\"font-weight:400\"><span style=\"font-style:normal\"><span style=\"text-decoration:none\">Peserta berpakaian rapi dan sopan (muslim).</span></span></span></span></span></span></li>\r\n	<li aria-level=\"1\" style=\"list-style-type:disc\"><span style=\"color:#ffffff;\"><span style=\"font-size:12pt; font-variant:normal; white-space:pre-wrap\"><span style=\"font-family:\'Times New Roman\'\"><span style=\"font-weight:400\"><span style=\"font-style:normal\"><span style=\"text-decoration:none\">Para peserta telah melakukan </span></span></span></span></span><span style=\"font-size:12pt; font-variant:normal; white-space:pre-wrap\"><span style=\"font-family:\'Times New Roman\'\"><span style=\"font-weight:400\"><span style=\"font-style:italic\"><span style=\"text-decoration:none\">registrasi </span></span></span></span></span><span style=\"font-size:12pt; font-variant:normal; white-space:pre-wrap\"><span style=\"font-family:\'Times New Roman\'\"><span style=\"font-weight:400\"><span style=\"font-style:normal\"><span style=\"text-decoration:none\">secara lengkap.</span></span></span></span></span></span></li>\r\n	<li aria-level=\"1\" style=\"list-style-type:disc\"><span style=\"color:#ffffff;\"><span style=\"font-size:12pt; font-variant:normal; white-space:pre-wrap\"><span style=\"font-family:\'Times New Roman\'\"><span style=\"font-weight:400\"><span style=\"font-style:normal\"><span style=\"text-decoration:none\">Peserta wajib mengikuti semua aturan yang berlaku di COMIC X.</span></span></span></span></span></span></li>\r\n	<li aria-level=\"1\" style=\"list-style-type:disc\"><span style=\"color:#ffffff;\"><span style=\"font-size:12pt; font-variant:normal; white-space:pre-wrap\"><span style=\"font-family:\'Times New Roman\'\"><span style=\"font-weight:400\"><span style=\"font-style:normal\"><span style=\"text-decoration:none\">Peserta wajib mengikuti </span></span></span></span></span><span style=\"font-size:12pt; font-variant:normal; white-space:pre-wrap\"><span style=\"font-family:\'Times New Roman\'\"><span style=\"font-weight:400\"><span style=\"font-style:italic\"><span style=\"text-decoration:none\">Technical Meeting </span></span></span></span></span><span style=\"font-size:12pt; font-variant:normal; white-space:pre-wrap\"><span style=\"font-family:\'Times New Roman\'\"><span style=\"font-weight:400\"><span style=\"font-style:normal\"><span style=\"text-decoration:none\">sesuai jadwal yang ditentukan.</span></span></span></span></span></span></li>\r\n	<li aria-level=\"1\" style=\"list-style-type:disc\"><span style=\"color:#ffffff;\"><span style=\"font-size:12pt; font-variant:normal; white-space:pre-wrap\"><span style=\"font-family:\'Times New Roman\'\"><span style=\"font-weight:400\"><span style=\"font-style:normal\"><span style=\"text-decoration:none\">Sebelum dimulai melantunkan sholawat, peserta terlebih dahulu menyebutkan (Salam, Nama Grup/Asal sekolah, Kategori, Nomor Urut). Dan sholawat bisa dimulai.</span></span></span></span></span></span></li>\r\n	<li aria-level=\"1\" style=\"list-style-type:disc\"><span style=\"color:#ffffff;\"><span style=\"font-size:12pt; font-variant:normal; white-space:pre-wrap\"><span style=\"font-family:\'Times New Roman\'\"><span style=\"font-weight:400\"><span style=\"font-style:normal\"><span style=\"text-decoration:none\">Kualitas video yang dikirim harus jelas, baik itu gambar maupun audionya, di sarankan 720p/HD atau 1080/</span></span></span></span></span><span style=\"font-size:12pt; font-variant:normal; white-space:pre-wrap\"><span style=\"font-family:\'Times New Roman\'\"><span style=\"font-weight:400\"><span style=\"font-style:italic\"><span style=\"text-decoration:none\">FULL HD.</span></span></span></span></span></span></li>\r\n	<li aria-level=\"1\" style=\"list-style-type:disc\"><span style=\"color:#ffffff;\"><span style=\"font-size:12pt; font-variant:normal; white-space:pre-wrap\"><span style=\"font-family:\'Times New Roman\'\"><span style=\"font-weight:400\"><span style=\"font-style:normal\"><span style=\"text-decoration:none\">Video yang dikirim peserta adalah video Asli/Bukan Editan.</span></span></span></span></span></span></li>\r\n	<li aria-level=\"1\" style=\"list-style-type:disc\"><span style=\"color:#ffffff;\"><span style=\"font-size:12pt; font-variant:normal; white-space:pre-wrap\"><span style=\"font-family:\'Times New Roman\'\"><span style=\"font-weight:400\"><span style=\"font-style:normal\"><span style=\"text-decoration:none\">Peserta diharuskan meng</span></span></span></span></span><span style=\"font-size:12pt; font-variant:normal; white-space:pre-wrap\"><span style=\"font-family:\'Times New Roman\'\"><span style=\"font-weight:400\"><span style=\"font-style:italic\"><span style=\"text-decoration:none\">unggah</span></span></span></span></span><span style=\"font-size:12pt; font-variant:normal; white-space:pre-wrap\"><span style=\"font-family:\'Times New Roman\'\"><span style=\"font-weight:400\"><span style=\"font-style:normal\"><span style=\"text-decoration:none\"> video ke </span></span></span></span></span><span style=\"font-size:12pt; font-variant:normal; white-space:pre-wrap\"><span style=\"font-family:\'Times New Roman\'\"><span style=\"font-weight:400\"><span style=\"font-style:italic\"><span style=\"text-decoration:none\">Google Drive</span></span></span></span></span><span style=\"font-size:12pt; font-variant:normal; white-space:pre-wrap\"><span style=\"font-family:\'Times New Roman\'\"><span style=\"font-weight:400\"><span style=\"font-style:normal\"><span style=\"text-decoration:none\"> masing-masing, kemudian meng</span></span></span></span></span><span style=\"font-size:12pt; font-variant:normal; white-space:pre-wrap\"><span style=\"font-family:\'Times New Roman\'\"><span style=\"font-weight:400\"><span style=\"font-style:italic\"><span style=\"text-decoration:none\">unggah</span></span></span></span></span><span style=\"font-size:12pt; font-variant:normal; white-space:pre-wrap\"><span style=\"font-family:\'Times New Roman\'\"><span style=\"font-weight:400\"><span style=\"font-style:normal\"><span style=\"text-decoration:none\"> </span></span></span></span></span><span style=\"font-size:12pt; font-variant:normal; white-space:pre-wrap\"><span style=\"font-family:\'Times New Roman\'\"><span style=\"font-weight:400\"><span style=\"font-style:italic\"><span style=\"text-decoration:none\">link Google Drive</span></span></span></span></span><span style=\"font-size:12pt; font-variant:normal; white-space:pre-wrap\"><span style=\"font-family:\'Times New Roman\'\"><span style=\"font-weight:400\"><span style=\"font-style:normal\"><span style=\"text-decoration:none\"> tersebut ke </span></span></span></span></span><span style=\"font-size:12pt; font-variant:normal; white-space:pre-wrap\"><span style=\"font-family:\'Times New Roman\'\"><span style=\"font-weight:400\"><span style=\"font-style:italic\"><span style=\"text-decoration:none\">Website</span></span></span></span></span><span style=\"font-size:12pt; font-variant:normal; white-space:pre-wrap\"><span style=\"font-family:\'Times New Roman\'\"><span style=\"font-weight:400\"><span style=\"font-style:normal\"><span style=\"text-decoration:none\"> COMIC X. Untuk lebih jelas bisa melihat video penjelasannya di </span></span></span></span></span><span style=\"font-size:12pt; font-variant:normal; white-space:pre-wrap\"><span style=\"font-family:\'Times New Roman\'\"><span style=\"font-weight:400\"><span style=\"font-style:italic\"><span style=\"text-decoration:none\">YouTube, Instagram,</span></span></span></span></span><span style=\"font-size:12pt; font-variant:normal; white-space:pre-wrap\"><span style=\"font-family:\'Times New Roman\'\"><span style=\"font-weight:400\"><span style=\"font-style:normal\"><span style=\"text-decoration:none\"> dan </span></span></span></span></span><span style=\"font-size:12pt; font-variant:normal; white-space:pre-wrap\"><span style=\"font-family:\'Times New Roman\'\"><span style=\"font-weight:400\"><span style=\"font-style:italic\"><span style=\"text-decoration:none\">Website</span></span></span></span></span><span style=\"font-size:12pt; font-variant:normal; white-space:pre-wrap\"><span style=\"font-family:\'Times New Roman\'\"><span style=\"font-weight:400\"><span style=\"font-style:normal\"><span style=\"text-decoration:none\"> COMIC X.</span></span></span></span></span></span></li>\r\n</ul>\r\n\r\n<ol start=\"4\">\r\n	<li aria-level=\"1\" style=\"list-style-type:lower-alpha\"><span style=\"color:#ffffff;\"><strong><span style=\"font-size:12pt; font-variant:normal; white-space:pre-wrap\"><span style=\"font-family:\'Times New Roman\'\"><span style=\"font-weight:400\"><span style=\"font-style:normal\"><span style=\"text-decoration:none\">Point Dan Presentase Penilaian</span></span></span></span></span></strong></span></li>\r\n</ol>\r\n\r\n<ul>\r\n	<li aria-level=\"1\" style=\"list-style-type:disc\"><span style=\"color:#ffffff;\"><span style=\"font-size:12pt; font-variant:normal; white-space:pre-wrap\"><span style=\"font-family:\'Times New Roman\'\"><span style=\"font-weight:400\"><span style=\"font-style:normal\"><span style=\"text-decoration:none\">Vokal</span></span></span></span></span><span style=\"font-size:12pt; font-variant:normal; white-space:pre-wrap\"><span style=\"font-family:\'Times New Roman\'\"><span style=\"font-weight:400\"><span style=\"font-style:normal\"><span style=\"text-decoration:none\">&nbsp;</span></span></span></span></span><span style=\"font-size:12pt; font-variant:normal; white-space:pre-wrap\"><span style=\"font-family:\'Times New Roman\'\"><span style=\"font-weight:400\"><span style=\"font-style:normal\"><span style=\"text-decoration:none\">: 40</span></span></span></span></span></span></li>\r\n	<li aria-level=\"1\" style=\"list-style-type:disc\"><span style=\"color:#ffffff;\"><span style=\"font-size:12pt; font-variant:normal; white-space:pre-wrap\"><span style=\"font-family:\'Times New Roman\'\"><span style=\"font-weight:400\"><span style=\"font-style:normal\"><span style=\"text-decoration:none\">Musik Banjari </span></span></span></span></span><span style=\"font-size:12pt; font-variant:normal; white-space:pre-wrap\"><span style=\"font-family:\'Times New Roman\'\"><span style=\"font-weight:400\"><span style=\"font-style:normal\"><span style=\"text-decoration:none\">: 30</span></span></span></span></span></span></li>\r\n	<li aria-level=\"1\" style=\"list-style-type:disc\"><span style=\"color:#ffffff;\"><span style=\"font-size:12pt; font-variant:normal; white-space:pre-wrap\"><span style=\"font-family:\'Times New Roman\'\"><span style=\"font-weight:400\"><span style=\"font-style:normal\"><span style=\"text-decoration:none\">Adab dan Syair</span></span></span></span></span><span style=\"font-size:12pt; font-variant:normal; white-space:pre-wrap\"><span style=\"font-family:\'Times New Roman\'\"><span style=\"font-weight:400\"><span style=\"font-style:normal\"><span style=\"text-decoration:none\">&nbsp;</span></span></span></span></span><span style=\"font-size:12pt; font-variant:normal; white-space:pre-wrap\"><span style=\"font-family:\'Times New Roman\'\"><span style=\"font-weight:400\"><span style=\"font-style:normal\"><span style=\"text-decoration:none\">: 15</span></span></span></span></span></span></li>\r\n	<li aria-level=\"1\" style=\"list-style-type:disc\"><span style=\"color:#ffffff;\"><span style=\"font-size:12pt; font-variant:normal; white-space:pre-wrap\"><span style=\"font-family:\'Times New Roman\'\"><span style=\"font-weight:400\"><span style=\"font-style:normal\"><span style=\"text-decoration:none\">Jingle</span></span></span></span></span><span style=\"font-size:12pt; font-variant:normal; white-space:pre-wrap\"><span style=\"font-family:\'Times New Roman\'\"><span style=\"font-weight:400\"><span style=\"font-style:normal\"><span style=\"text-decoration:none\">&nbsp;</span></span></span></span></span><span style=\"font-size:12pt; font-variant:normal; white-space:pre-wrap\"><span style=\"font-family:\'Times New Roman\'\"><span style=\"font-weight:400\"><span style=\"font-style:normal\"><span style=\"text-decoration:none\">: 15&nbsp;&nbsp;&nbsp;</span></span></span></span></span></span></li>\r\n</ul>\r\n\r\n<ol start=\"5\">\r\n	<li aria-level=\"1\" style=\"list-style-type:lower-alpha\"><span style=\"color:#ffffff;\"><strong><span style=\"font-size:12pt; font-variant:normal; white-space:pre-wrap\"><span style=\"font-family:\'Times New Roman\'\"><span style=\"font-weight:400\"><span style=\"font-style:normal\"><span style=\"text-decoration:none\">Peraturan</span></span></span></span></span></strong></span></li>\r\n</ol>\r\n\r\n<ul>\r\n	<li aria-level=\"1\" style=\"list-style-type:disc\"><span style=\"color:#ffffff;\"><span style=\"font-size:12pt; font-variant:normal; white-space:pre-wrap\"><span style=\"font-family:\'Times New Roman\'\"><span style=\"font-weight:400\"><span style=\"font-style:normal\"><span style=\"text-decoration:none\">Durasi peserta membuat video yaitu 8 menit (sudah termasuk jingle)</span></span></span></span></span></span></li>\r\n	<li aria-level=\"1\" style=\"list-style-type:disc\"><span style=\"color:#ffffff;\"><span style=\"font-size:12pt; font-variant:normal; white-space:pre-wrap\"><span style=\"font-family:\'Times New Roman\'\"><span style=\"font-weight:400\"><span style=\"font-style:normal\"><span style=\"text-decoration:none\">Jumlah masing-masing Kategori grup Hadrah Al-banjari terbatas. SD/MI (10 Grup), SMP/MTs (10 Grup), SMA/SMK/MA (10 Grup).</span></span></span></span></span></span></li>\r\n	<li aria-level=\"1\" style=\"list-style-type:disc\"><span style=\"color:#ffffff;\"><span style=\"font-size:12pt; font-variant:normal; white-space:pre-wrap\"><span style=\"font-family:\'Times New Roman\'\"><span style=\"font-weight:400\"><span style=\"font-style:normal\"><span style=\"text-decoration:none\">Jumlah pemain Hadrah Al-banjari dalam satu grup yaitu maksimal 10 orang (yang terdiri dari 5 orang vokal, 4 orang pemain terbangan, 1 orang pemain bass).</span></span></span></span></span></span></li>\r\n	<li aria-level=\"1\" style=\"list-style-type:disc\"><span style=\"color:#ffffff;\"><span style=\"font-size:12pt; font-variant:normal; white-space:pre-wrap\"><span style=\"font-family:\'Times New Roman\'\"><span style=\"font-weight:400\"><span style=\"font-style:normal\"><span style=\"text-decoration:none\">Alat yang di gunakan adalah alat Hadrah Al-banjari Murni/</span></span></span></span></span><span style=\"font-size:12pt; font-variant:normal; white-space:pre-wrap\"><span style=\"font-family:\'Times New Roman\'\"><span style=\"font-weight:400\"><span style=\"font-style:italic\"><span style=\"text-decoration:none\">Classican</span></span></span></span></span><span style=\"font-size:12pt; font-variant:normal; white-space:pre-wrap\"><span style=\"font-family:\'Times New Roman\'\"><span style=\"font-weight:400\"><span style=\"font-style:normal\"><span style=\"text-decoration:none\"> (Terbangan dan Bass).</span></span></span></span></span></span></li>\r\n	<li aria-level=\"1\" style=\"list-style-type:disc\"><span style=\"color:#ffffff;\"><span style=\"font-size:12pt; font-variant:normal; white-space:pre-wrap\"><span style=\"font-family:\'Times New Roman\'\"><span style=\"font-weight:400\"><span style=\"font-style:normal\"><span style=\"text-decoration:none\">Peserta Grup Hadrah Al-banjari membawakan 1 buah lagu Sholawat wajib sesuai Kategori yang ditentukan oleh pantia.&nbsp;</span></span></span></span></span></span></li>\r\n	<li aria-level=\"1\" style=\"list-style-type:disc\"><span style=\"color:#ffffff;\"><span style=\"font-size:12pt; font-variant:normal; white-space:pre-wrap\"><span style=\"font-family:\'Times New Roman\'\"><span style=\"font-weight:400\"><span style=\"font-style:normal\"><span style=\"text-decoration:none\">Peserta wajib membawakan 1 jingle.</span></span></span></span></span></span></li>\r\n	<li aria-level=\"1\" style=\"list-style-type:disc\"><span style=\"color:#ffffff;\"><span style=\"font-size:12pt; font-variant:normal; white-space:pre-wrap\"><span style=\"font-family:\'Times New Roman\'\"><span style=\"font-weight:400\"><span style=\"font-style:normal\"><span style=\"text-decoration:none\">Peserta dilarang membaca teks ketika melantunkan sholawat nanti (Di Hafal).</span></span></span></span></span></span></li>\r\n	<li aria-level=\"1\" style=\"list-style-type:disc\"><span style=\"color:#ffffff;\"><span style=\"font-size:12pt; font-variant:normal; white-space:pre-wrap\"><span style=\"font-family:\'Times New Roman\'\"><span style=\"font-weight:400\"><span style=\"font-style:normal\"><span style=\"text-decoration:none\">Peserta diwajibkan menggunakan busana muslim.</span></span></span></span></span></span></li>\r\n	<li aria-level=\"1\" style=\"list-style-type:disc\"><span style=\"color:#ffffff;\"><span style=\"font-size:12pt; font-variant:normal; white-space:pre-wrap\"><span style=\"font-family:\'Times New Roman\'\"><span style=\"font-weight:400\"><span style=\"font-style:normal\"><span style=\"text-decoration:none\">Peserta diusahakan memasangkan </span></span></span></span></span><span style=\"font-size:12pt; font-variant:normal; white-space:pre-wrap\"><span style=\"font-family:\'Times New Roman\'\"><span style=\"font-weight:400\"><span style=\"font-style:italic\"><span style=\"text-decoration:none\">Microphone </span></span></span></span></span><span style=\"font-size:12pt; font-variant:normal; white-space:pre-wrap\"><span style=\"font-family:\'Times New Roman\'\"><span style=\"font-weight:400\"><span style=\"font-style:normal\"><span style=\"text-decoration:none\">pada alat-alat Hadrah, Vokal, dan Backing Vokal agar suaranya terdengar jelas di rekaman videonya.</span></span></span></span></span></span></li>\r\n	<li aria-level=\"1\" style=\"list-style-type:disc\"><span style=\"color:#ffffff;\"><span style=\"font-size:12pt; font-variant:normal; white-space:pre-wrap\"><span style=\"font-family:\'Times New Roman\'\"><span style=\"font-weight:400\"><span style=\"font-style:normal\"><span style=\"text-decoration:none\">Peserta di harapkan mengambil video dalam sekali pengambilan video, dan di larang keras mengedit hasil video hadrah.</span></span></span></span></span></span></li>\r\n	<li aria-level=\"1\" style=\"list-style-type:disc\"><span style=\"color:#ffffff;\"><span style=\"font-size:12pt; font-variant:normal; white-space:pre-wrap\"><span style=\"font-family:\'Times New Roman\'\"><span style=\"font-weight:400\"><span style=\"font-style:normal\"><span style=\"text-decoration:none\">Kualitas video Hadrah haruslah jelas (720p/HD atau 1080p/</span></span></span></span></span><span style=\"font-size:12pt; font-variant:normal; white-space:pre-wrap\"><span style=\"font-family:\'Times New Roman\'\"><span style=\"font-weight:400\"><span style=\"font-style:italic\"><span style=\"text-decoration:none\">full</span></span></span></span></span><span style=\"font-size:12pt; font-variant:normal; white-space:pre-wrap\"><span style=\"font-family:\'Times New Roman\'\"><span style=\"font-weight:400\"><span style=\"font-style:normal\"><span style=\"text-decoration:none\"> HD).</span></span></span></span></span></span></li>\r\n	<li aria-level=\"1\" style=\"list-style-type:disc\"><span style=\"color:#ffffff;\"><span style=\"font-size:12pt; font-variant:normal; white-space:pre-wrap\"><span style=\"font-family:\'Times New Roman\'\"><span style=\"font-weight:400\"><span style=\"font-style:normal\"><span style=\"text-decoration:none\">Peserta tidak boleh menggunakan alat elektronik (harus alat Hadrah Al-banjari murni).</span></span></span></span></span></span></li>\r\n</ul>', 1, '2020-10-21 07:34:07', '2021-12-16 09:52:30', 'hadrah-al-banjari-gu93.jpeg', 'hadrah', 'Anak Sekolah', NULL, NULL, '2021-02-07 00:00:00', '2021-02-13 00:00:00'),
(9, 'Kaligrafi', 'KALIGRAFI', '<h5><span style=\"font-size:14px;\"><strong>a. Kategori Peserta</strong></span></h5>\r\n\r\n<ul>\r\n	<li>SD/MI A (Kelas 1, 2&nbsp;dan 3)</li>\r\n	<li>SD/MI B (Kelas 4, 5&nbsp;dan 6)</li>\r\n</ul>\r\n\r\n<h5><span style=\"font-size:14px;\"><strong>b. Kuota Peserta</strong></span></h5>\r\n\r\n<ul>\r\n	<li>SD/MI A (Kelas 1, 2&nbsp;dan 3) : 35 Peserta</li>\r\n	<li>SD/MI B (Kelas 4, 5&nbsp;dan 6) : 35 Peserta</li>\r\n</ul>\r\n\r\n<h5><span style=\"font-size:14px;\"><strong>c. Opsi Lafadz</strong></span></h5>\r\n\r\n<ul>\r\n	<li>SD/MI A (Kelas 1, 2&nbsp;dan 3)\r\n	<ul>\r\n		<li><span style=\"font-size:13.999999999999998pt; font-variant:normal; white-space:pre-wrap\"><span style=\"font-family:\'Times New Roman\'\"><span style=\"color:#ffffff;\"><span style=\"font-weight:700\"><span style=\"font-style:normal\"><span style=\"text-decoration:none\"> </span></span></span></span><span style=\"color:#000000\"><span style=\"font-weight:700\"><span style=\"font-style:normal\"><span style=\"text-decoration:none\"> </span></span></span></span></span></span><strong>(Subhanallah)</strong></li>\r\n		<li><span style=\"color:#ffffff;\"><span style=\"font-size:13.999999999999998pt; font-variant:normal; white-space:pre-wrap\"><span style=\"font-family:\'Times New Roman\'\"><span style=\"font-weight:700\"><span style=\"font-style:normal\"><span style=\"text-decoration:none\"> </span></span></span></span></span></span><strong> (Allahuakbar</strong></li>\r\n		<li><span style=\"font-size:13.999999999999998pt; font-variant:normal; white-space:pre-wrap\"><span style=\"font-family:\'Times New Roman\'\"><span style=\"color:#ffffff;\"><span style=\"font-weight:700\"><span style=\"font-style:normal\"><span style=\"text-decoration:none\"></span></span></span></span><span style=\"color:#000000\"><span style=\"font-weight:700\"><span style=\"font-style:normal\"><span style=\"text-decoration:none\"> </span></span></span></span></span></span><strong>(Masyaallah)</strong></li>\r\n	</ul>\r\n	</li>\r\n	<li>SD/MI B (Kelas 4, 5&nbsp;dan 6)\r\n	<ul>\r\n		<li><span style=\"font-size:13.999999999999998pt; font-variant:normal; white-space:pre-wrap\"><span style=\"font-family:\'Times New Roman\'\"><span style=\"color:#ffffff;\"><span style=\"font-weight:700\"><span style=\"font-style:normal\"><span style=\"text-decoration:none\">   </span></span></span></span><span style=\"color:#000000\"><span style=\"font-weight:700\"><span style=\"font-style:normal\"><span style=\"text-decoration:none\"> </span></span></span></span></span></span><strong>(Bismillaahirrahmaanirrahiim)</strong></li>\r\n		<li><span style=\"font-size:13.999999999999998pt; font-variant:normal; white-space:pre-wrap\"><span style=\"font-family:\'Times New Roman\'\"><span style=\"color:#ffffff;\"><span style=\"font-weight:700\"><span style=\"font-style:normal\"><span style=\"text-decoration:none\">   </span></span></span></span><span style=\"color:#000000\"><span style=\"font-weight:700\"><span style=\"font-style:normal\"><span style=\"text-decoration:none\"> </span></span></span></span></span></span><strong>(Alhamdulillaahi Rabbil &lsquo;Aalamiin)</strong></li>\r\n		<li><span style=\"font-size:13.999999999999998pt; font-variant:normal; white-space:pre-wrap\"><span style=\"font-family:\'Times New Roman\'\"><span style=\"color:#ffffff;\"><span style=\"font-weight:700\"><span style=\"font-style:normal\"><span style=\"text-decoration:none\">      </span></span></span></span><span style=\"color:#000000\"><span style=\"font-weight:700\"><span style=\"font-style:normal\"><span style=\"text-decoration:none\"> </span></span></span></span></span></span><strong>(Laillahailallah Muhammadarrasulullah)</strong></li>\r\n	</ul>\r\n	</li>\r\n</ul>\r\n\r\n<h5><span style=\"font-size:14px;\"><strong>d. Teknis Lomba</strong></span></h5>\r\n\r\n<ul>\r\n	<li>Para peserta sudah melakukan registrasi secara lengkap.</li>\r\n	<li>Para peserta diharapkan mengikuti semua aturan yang telah berlaku di COMIC X.</li>\r\n	<li>Peserta memilih salah satu lafadz, kemudian dibuat dengan ukuran kertas A3.</li>\r\n	<li>Peserta membuat video pendek dengan durasi 1 menit yang memperlihatkan peserta saat membuat kaligrafi dengan menggunakan pakaian yang rapi dan sopan.</li>\r\n	<li>Peserta mewarnai lafadz dengan warna hitam dan background berwarna putih.</li>\r\n	<li>Hasil gambar yang sudah diwarnai, kemudian discan dengan format pdf.</li>\r\n	<li>Ketentuan scannya yakni:\r\n	<ul>\r\n		<li>Scan Hasil karya Kaligrafinya.</li>\r\n		<li>Foto Peserta sedang memegang dan memperlihatkan karya Kaligrafinya.</li>\r\n	</ul>\r\n	</li>\r\n	<li>Peserta diharuskan mengunggah video, Foto peserta bersama hasil gambar, dan hasil gambar yang sudah discan dalam 1 folder dengan nama folder (Lomba)_(Kategori)_(Nama Lengkap)_(Asal Sekolah) contoh: Kaligrafi_SD/MI A_Vriescania Intan_MII Klungkung ke google drive masing-masing, kemudian link dari google drive tersebut di kirim ke website COMIC X. Untuk penjelasan lebih jelas bisa melihat video di Youtube, Instagram, dan Website COMIC X.</li>\r\n</ul>\r\n\r\n<h5><span style=\"font-size:14px;\"><strong>e. Kriteria Penilaian</strong></span></h5>\r\n\r\n<ol>\r\n	<li>Proporsi huruf : 25%</li>\r\n	<li>Ketepatan lafadz : 25%</li>\r\n	<li>Jarak spasi dan Letak huruf : 20%</li>\r\n	<li>Keserasian dan Kerapian : 20%</li>\r\n	<li>Kekreatifan : 10%</li>\r\n</ol>\r\n\r\n<h5><span style=\"font-size:14px;\"><strong>f. Peraturan Lomba</strong></span></h5>\r\n\r\n<ol>\r\n	<li>Peserta tidak diperbolehkan untuk meminta bantuan pada siapapun dalam bentuk apapun.</li>\r\n	<li>Semua peralatan kaligrafi, seperti kertas, krayon, spidol, pensil warna dan alat-alat tulis lainnya dipersiapkan oleh peserta masing-masing.</li>\r\n	<li>Peserta tidak diperkenankan untuk mengedit video.</li>\r\n	<li>Kualitas video harus jelas.</li>\r\n</ol>', 1, '2021-12-06 16:26:37', '2021-12-16 09:39:29', 'kaligrafi.jpg', 'kaligrafi', 'SD', NULL, NULL, '2021-12-06 17:26:36', '2021-12-06 17:26:36'),
(10, 'Fashion Desain Islami', 'FASHION', '<h5><span style=\"font-size:14px;\"><strong>a. Kategori Peserta</strong></span></h5>\r\n\r\n<ul>\r\n	<li>SMA/SMK/MA</li>\r\n</ul>\r\n\r\n<h5><span style=\"font-size:14px;\"><strong>b. Kuota Peserta</strong></span></h5>\r\n\r\n<ul>\r\n	<li>SMA/SMK/MA : 30 Peserta</li>\r\n</ul>\r\n\r\n<h5><span style=\"font-size:14px;\"><strong>c. Tema Lomba</strong></span></h5>\r\n\r\n<ul>\r\n	<li>Kreativitas Dalam Memadukan Keindahan Indonesia</li>\r\n	<li><strong>Sub Tema</strong>\r\n	<ul>\r\n		<li>Keterampilan</li>\r\n		<li>Keindahan</li>\r\n		<li>Religius</li>\r\n	</ul>\r\n	</li>\r\n</ul>\r\n\r\n<h5><span style=\"font-size:14px;\"><strong>d. Teknis Lomba</strong></span></h5>\r\n\r\n<ul>\r\n	<li>Peserta merupakan perorangan.</li>\r\n	<li>Peserta hanya diperkenankan mengirim karya 1 buah design saja dan 1 buah penjelasan mengenai sketsa dan ide dalam perlombaan ini.</li>\r\n	<li>Software yang digunakan adalah Adobe Photoshop, CorelDraw, Adobe Ilustrator, dan Inkscape.</li>\r\n	<li>Semua sketsa desain harus merefleksikan kesatuan tema dan tidak lepas dari tema utama.</li>\r\n	<li>Menjelaskan secara singkat Desain Sketsa dan Ide yang dituangkan dalam perlombaan ini, dikumpulkan dalam bentuk pdf.</li>\r\n	<li>Peserta wajib mengunggah hasil karya posternya di akun media sosial Instagram (akun tidak di Private) dengan mencantumkan tagar #FashionDesainCOMICX #comic2022 #comicmcos2022 pada caption dan mention akun @comicstikombali @mcosbali</li>\r\n	<li>Karya dibuat dengan ketentuan:\r\n	<ul>\r\n		<li>Resolusi: 300 ppi</li>\r\n		<li>Ukuran: A3</li>\r\n		<li>Format: JPEG (Hasil Akhir)</li>\r\n		<li>Format: JPEG (Sketsa)</li>\r\n		<li>Format: PSD, CDR, AI, INKSCAPE (Proses Digital)</li>\r\n		<li>File disimpan dalam 1 folder dengan nama folder,&nbsp;Contoh: Fashion Desain_SMAN I_MUHAMMAD_SABIL</li>\r\n	</ul>\r\n	</li>\r\n	<li>Peserta diharuskan mengunggah Karya ke Google Drive masing-masing, kemudian mengunggah link Google Drive tersebut ke Website COMIC X. Untuk lebih jelas bisa melihat video penjelasannya di YouTube, Instagram, dan Website COMIC X.</li>\r\n	<li>Desain dapat dibuat hanya dengan ilustrasi atau menggabungkan antara ilustrasi dengan foto (catatan: foto merupakan karya sendiri bukan karya orang lain).</li>\r\n	<li>Peserta tidak diperbolehkan menggunakan fasilitas internet ketika perlombaan berlangsung (wi-fi, modem&nbsp;dan jenis lainnya).</li>\r\n	<li>Karya desain tidak boleh mengandung unsur yang bertentangan dengan peraturan perundang-undangan yang berlaku di Indonesia: kesusilaan, moral, kekerasan dan tidak mengandung unsur pornografi, serta bertentangan dengan SARA (Suku, Agama, dan RAS).</li>\r\n	<li>Karya yang dilombakan merupakan karya asli peserta dan belum pernah diikut sertakan atau dipublikasikan untuk keperluan yang bersifat komersil serta harus bebas dari setiap kontrak atau ikatan lain.</li>\r\n	<li>Apabila dikemudian hari terdapat gugatan hak cipta, pihak panitia tidak bertanggung jawab atas hal tersebut, panitia akan berasumsi bahwa seluruh desain yang diikutsertakan merupakan karya orisinil peserta.</li>\r\n</ul>\r\n\r\n<h5><span style=\"font-size:14px;\"><strong>e, Point Presentasse Penilaian</strong></span></h5>\r\n\r\n<ul>\r\n	<li>Originalitas Desain : (1-100) 20%</li>\r\n	<li>Penggunaan Software : (1-100) 15%</li>\r\n	<li>Teknis Kombinasi Paduan Warna : (1-100) 20%</li>\r\n	<li>Nilai estetik/keindahan : (1-100) 25%</li>\r\n	<li>Kesesuaian Tema : (1-100) 20%</li>\r\n</ul>', 1, '2021-12-06 16:26:37', '2021-12-16 09:47:57', 'fashion-design-alt.jpg', 'fashion-design-islami', 'SMA', NULL, NULL, '2021-12-06 17:26:36', '2021-12-06 17:26:36');

-- --------------------------------------------------------

--
-- Table structure for table `competitors`
--

CREATE TABLE `competitors` (
  `id` bigint(20) UNSIGNED NOT NULL,
  `competition_category_id` int(11) DEFAULT NULL,
  `invoice_id` int(11) DEFAULT NULL,
  `user_id` int(11) DEFAULT NULL,
  `competition_number` int(11) DEFAULT NULL,
  `invoice_number` int(11) DEFAULT NULL,
  `competitor_status` int(11) DEFAULT 0,
  `lock` int(11) DEFAULT 0,
  `phone` varchar(255) COLLATE utf8mb4_unicode_ci DEFAULT NULL,
  `phone_wa` varchar(255) COLLATE utf8mb4_unicode_ci DEFAULT NULL,
  `total` int(11) DEFAULT 0,
  `submission_status` int(11) DEFAULT 0,
  `submission_url` longtext COLLATE utf8mb4_unicode_ci DEFAULT NULL,
  `submission_description` longtext COLLATE utf8mb4_unicode_ci DEFAULT NULL,
  `created_at` timestamp NULL DEFAULT NULL,
  `updated_at` timestamp NULL DEFAULT NULL,
  `uuid` varchar(255) COLLATE utf8mb4_unicode_ci DEFAULT NULL,
  `submission_time` datetime DEFAULT NULL,
  `submission_approved_time` datetime DEFAULT NULL,
  `submission_approved_by` int(11) DEFAULT NULL,
  `team_name` varchar(255) COLLATE utf8mb4_unicode_ci DEFAULT NULL,
  `songs_id` int(11) DEFAULT NULL,
  `surah_id` int(11) DEFAULT NULL,
  `pay_deadline` datetime DEFAULT NULL
) ENGINE=InnoDB DEFAULT CHARSET=utf8mb4 COLLATE=utf8mb4_unicode_ci;

--
-- Dumping data for table `competitors`
--

INSERT INTO `competitors` (`id`, `competition_category_id`, `invoice_id`, `user_id`, `competition_number`, `invoice_number`, `competitor_status`, `lock`, `phone`, `phone_wa`, `total`, `submission_status`, `submission_url`, `submission_description`, `created_at`, `updated_at`, `uuid`, `submission_time`, `submission_approved_time`, `submission_approved_by`, `team_name`, `songs_id`, `surah_id`, `pay_deadline`) VALUES
(4, 6, NULL, 7, NULL, NULL, 0, 0, '081237618226', NULL, 35000, 0, NULL, NULL, '2021-12-06 23:39:04', '2021-12-06 23:39:04', '00b99b2e-b8ad-41e4-b837-02a0c78c05aa', NULL, NULL, NULL, NULL, NULL, NULL, '2021-12-11 06:39:04'),
(9, 8, 5, 9, 1, 7, 1, 0, '089667187896', NULL, 40000, 0, NULL, NULL, '2021-12-13 03:25:59', '2021-12-18 06:55:25', '4d3d582c-5dd1-4402-a004-aff65ad6d22a', NULL, NULL, NULL, NULL, NULL, NULL, '2021-12-17 10:25:59'),
(13, 2, NULL, 11, NULL, NULL, -1, 0, '08984391718', NULL, 40000, 0, NULL, NULL, '2021-12-13 10:41:15', '2021-12-16 06:33:12', '213ae335-40ae-4d57-b89e-8b929d262b5e', NULL, NULL, NULL, NULL, NULL, NULL, '2021-12-17 17:41:15'),
(14, 1, NULL, 6, NULL, NULL, -1, 0, '0812345678', NULL, 40000, 0, NULL, NULL, '2021-12-13 18:47:54', '2021-12-13 18:51:36', '4c9932d7-8674-4d59-8350-7d27dcbd7902', NULL, NULL, NULL, NULL, NULL, NULL, '2021-12-18 01:47:54'),
(15, 18, NULL, 12, NULL, NULL, 0, 0, '081211531303', NULL, 40000, 0, NULL, NULL, '2021-12-14 08:13:49', '2021-12-14 08:13:49', 'ee759807-20e8-46ad-b9c7-9e0207cabdc2', NULL, NULL, NULL, NULL, NULL, NULL, '2021-12-18 15:13:49'),
(16, 16, NULL, 13, NULL, NULL, 0, 0, '081234567890', NULL, 40000, 0, NULL, NULL, '2021-12-17 23:30:29', '2021-12-17 23:30:29', '4b50b426-841e-4fa0-a8c0-82b6b3b3f58b', NULL, NULL, NULL, NULL, NULL, NULL, '2021-12-22 06:30:29'),
(17, 16, NULL, 14, NULL, NULL, 0, 0, '087765352993', NULL, 40000, 0, NULL, NULL, '2021-12-18 05:37:29', '2021-12-18 05:37:29', '49890bb3-23e1-4013-97c1-1eb80579a74e', NULL, NULL, NULL, NULL, NULL, NULL, '2021-12-22 12:37:29'),
(18, 16, NULL, 15, NULL, NULL, 0, 0, '081917731905', NULL, 40000, 0, NULL, NULL, '2021-12-18 05:44:16', '2021-12-18 05:44:16', '0b793cb7-e68d-4c9e-958a-509496656cb1', NULL, NULL, NULL, NULL, NULL, NULL, '2021-12-22 12:44:16'),
(19, 4, 7, 11, 1, 4, 1, 0, '081805525118', NULL, 40000, 0, NULL, NULL, '2021-12-18 06:20:08', '2021-12-18 06:51:25', '2f318b32-1a7e-466a-9d19-44754ff8a37e', NULL, NULL, NULL, NULL, NULL, NULL, '2021-12-22 13:20:08'),
(20, 3, 7, 11, 1, 5, 1, 0, '081805525118', NULL, 40000, 0, NULL, NULL, '2021-12-18 06:21:18', '2021-12-18 06:51:25', '45d0b56a-2659-42ed-bdf6-568f8c08c626', NULL, NULL, NULL, NULL, NULL, NULL, '2021-12-22 13:21:18'),
(21, 3, 7, 11, 2, 6, 1, 0, '081805525118', NULL, 40000, 0, NULL, NULL, '2021-12-18 06:21:18', '2021-12-18 06:51:25', '158a3609-35c3-401e-bb7a-743fce7c59de', NULL, NULL, NULL, NULL, NULL, NULL, '2021-12-22 13:21:18');

-- --------------------------------------------------------

--
-- Table structure for table `competitor_auths`
--

CREATE TABLE `competitor_auths` (
  `id` bigint(20) UNSIGNED NOT NULL,
  `competitor_id` int(11) DEFAULT NULL,
  `username` varchar(255) COLLATE utf8mb4_unicode_ci NOT NULL,
  `password` varchar(255) COLLATE utf8mb4_unicode_ci NOT NULL,
  `password_decrypt` varchar(255) COLLATE utf8mb4_unicode_ci NOT NULL,
  `created_at` timestamp NULL DEFAULT NULL,
  `updated_at` timestamp NULL DEFAULT NULL
) ENGINE=InnoDB DEFAULT CHARSET=utf8mb4 COLLATE=utf8mb4_unicode_ci;

--
-- Dumping data for table `competitor_auths`
--

INSERT INTO `competitor_auths` (`id`, `competitor_id`, `username`, `password`, `password_decrypt`, `created_at`, `updated_at`) VALUES
(11, 11, '20211213780', '$2y$10$JxG7JChy530jdCcYXmWK7eJ3pNJaH8m50EO1axpE0qSDeZY5MYbry', '2021121317password', '2021-12-13 10:34:59', '2021-12-13 10:34:59'),
(12, 12, '20211213616', '$2y$10$Vn//s.NxeiKHHHQ51aChDOjf.c1b8J7/mIKe8cBmPKoyWre48WBdu', '20211213508password', '2021-12-13 10:34:59', '2021-12-13 10:34:59'),
(13, 13, '20211213986', '$2y$10$qqAMZLpVIU3Da5SR9IEYXuxEYVi7kvWYIWhEot6ajEUv43hbt/EV.', '20211213189password', '2021-12-13 10:41:15', '2021-12-13 10:41:15'),
(14, 14, '20211214268', '$2y$10$4uMv5aYC0R95WN.mp8/ee.WlRbPFbndS60qc6bHiMlksFOf.NF6We', '20211214423password', '2021-12-13 18:47:54', '2021-12-13 18:47:54'),
(15, 15, '20211214537', '$2y$10$wXgLgUHubmK4j8uZ52YOIeMw2Vm4Wk.UdbEhzsxS/EGMrmdLx0cy6', '20211214816password', '2021-12-14 08:13:49', '2021-12-14 08:13:49'),
(16, 16, '20211218809', '$2y$10$.2Uu9YccLrrWHdqV9YAJS.ZiV0X6CD5kHyLh.zgEyzpPP1BPFdCri', '20211218844password', '2021-12-17 23:30:29', '2021-12-17 23:30:29'),
(17, 17, '2021121844', '$2y$10$oy5MZmgNAi942CF04Yp4fOBFMZywYWpfTqIGjwACwRJBBo10o022e', '20211218460password', '2021-12-18 05:37:29', '2021-12-18 05:37:29'),
(18, 18, '20211218425', '$2y$10$0g3yXAu/ZSF3fPv/9xcSee/LXKDobJfWx8TwUEGc1IchxzTjift46', '20211218108password', '2021-12-18 05:44:16', '2021-12-18 05:44:16'),
(19, 19, '20211218567', '$2y$10$cFrdtUPRc0T0S9186h.YN.zUdM.b1x/fZZjsSiYteP.kbFUwgmUp6', '20211218840password', '2021-12-18 06:20:09', '2021-12-18 06:20:09'),
(20, 20, '20211218903', '$2y$10$z6CEwHu5LA.SOJfno9wfC.ampLsPCJ.7DXM6WRsS5LfTH1aSyuSJe', '20211218697password', '2021-12-18 06:21:18', '2021-12-18 06:21:18'),
(21, 21, '2021121893', '$2y$10$.s/MgMk2LTJzeUr3cb7aH.IxvQ6MUxmMbu3s2xff.mu/Le7HYQA3G', '20211218443password', '2021-12-18 06:21:18', '2021-12-18 06:21:18');

-- --------------------------------------------------------

--
-- Table structure for table `competitor_details`
--

CREATE TABLE `competitor_details` (
  `id` bigint(20) UNSIGNED NOT NULL,
  `competitor_id` int(11) DEFAULT NULL,
  `name` varchar(255) COLLATE utf8mb4_unicode_ci DEFAULT NULL,
  `from` varchar(255) COLLATE utf8mb4_unicode_ci DEFAULT NULL,
  `birth_place` varchar(255) COLLATE utf8mb4_unicode_ci DEFAULT NULL,
  `birth_date` date DEFAULT NULL,
  `class` varchar(255) COLLATE utf8mb4_unicode_ci DEFAULT NULL,
  `image` varchar(255) COLLATE utf8mb4_unicode_ci DEFAULT NULL,
  `student_identity` varchar(255) COLLATE utf8mb4_unicode_ci DEFAULT NULL,
  `gender` varchar(255) COLLATE utf8mb4_unicode_ci DEFAULT NULL,
  `created_at` timestamp NULL DEFAULT NULL,
  `updated_at` timestamp NULL DEFAULT NULL,
  `uuid` varchar(255) COLLATE utf8mb4_unicode_ci DEFAULT NULL,
  `identity_lock` int(11) DEFAULT 0
) ENGINE=InnoDB DEFAULT CHARSET=utf8mb4 COLLATE=utf8mb4_unicode_ci;

--
-- Dumping data for table `competitor_details`
--

INSERT INTO `competitor_details` (`id`, `competitor_id`, `name`, `from`, `birth_place`, `birth_date`, `class`, `image`, `student_identity`, `gender`, `created_at`, `updated_at`, `uuid`, `identity_lock`) VALUES
(6, 4, 'FADILA FASA', 'SMAN 1 SEMARAPURA', NULL, NULL, '10', NULL, NULL, 'P', '2021-12-06 23:39:04', '2021-12-06 23:39:04', '6238b90f-038d-430d-bc77-47de15164e50', 0),
(11, 9, 'Aftina Musfiroh', 'SMK TI BALI GLOBAL DENPASAR', 'Denpasar', '2004-08-29', '12', 'a-foto-ina-foto-mus-foto-ir-foto-h-uYn3.jpg', 'af-identity-a-identity-musf-identity-roh-GyVe.webp', 'P', '2021-12-13 03:25:59', '2021-12-19 11:09:33', 'f3ac3242-0005-4b98-a75c-e52d50648f55', 0),
(15, 13, 'Muhammad Dzakwan Khadhiputra El-Fajri', 'KBTA Al-Ukhuwah', 'Gianyar', '2009-12-18', '6', 'muhammad-foto-dzakwan-foto-khadhipu-foto-ra-foto-el-foto-ajri-Ht8N.jpg', 'muhamma-identity-zakwa-identity-kha-identity-h-identity-pu-identity-ra-identity-l-identity-fajr-j9iG.jpeg', 'L', '2021-12-13 10:41:15', '2021-12-13 10:56:36', 'de9e797b-ff4e-4bed-8ce2-99eab986f049', 0),
(16, 14, 'rehan geming', 'sma menuju angkasa', 'denpasar', '2021-12-16', '3', 'rehan-foto-geming-Ouar.jpg', 'r-identity-ha-identity-g-identity-m-identity-g-w3yQ.jpg', 'L', '2021-12-13 18:47:54', '2021-12-13 18:50:54', '69056536-5379-4f33-bb80-69fbb4bb41ce', 0),
(17, 15, 'Mohammad Dhimas Prasetyo', 'MTS wali songo putra', NULL, NULL, '9', NULL, NULL, 'L', '2021-12-14 08:13:49', '2021-12-14 08:13:49', '01d6457c-1a14-4b7e-9363-bc35afa7b014', 0),
(18, 16, 'Nama peserta comic', 'SMK TI Bali Global', NULL, NULL, '11', NULL, NULL, 'P', '2021-12-17 23:30:29', '2021-12-17 23:30:29', '2403465c-68d2-40f4-af96-ffdb0f28ee15', 0),
(19, 17, 'Ahmad Zian Paradis', 'MAN 2 Jembrana', NULL, NULL, '11', NULL, NULL, 'L', '2021-12-18 05:37:29', '2021-12-18 05:37:29', 'a8be811a-8459-430d-9e10-e85759f6203c', 0),
(20, 18, 'Iqbal syam hudayani', 'MAN 2 JEMBRANA', NULL, NULL, '10', NULL, NULL, 'L', '2021-12-18 05:44:16', '2021-12-18 05:44:16', 'da711f05-cfe9-4a4a-b332-df82d44532d3', 0),
(21, 19, 'Muhammad Dzakwan Khadhiputra El-Fajri', 'KBTA Al-Ukhuwah', 'Gianyar', '2009-12-18', '6', 'muhammad-foto-dzakwan-foto-khadhipu-foto-ra-foto-el-foto-ajri-sZi0.jpg', 'muhamma-identity-zakwa-identity-kha-identity-h-identity-pu-identity-ra-identity-l-identity-fajr-f1pn.jpeg', 'L', '2021-12-18 06:20:08', '2021-12-18 06:23:26', 'a47ba394-665f-4251-9429-cf0aebae46b0', 0),
(22, 20, 'Aisyah Dzakira Khansa Al-Ishmata', 'SD Muhammadiyah 3 Denpasar', 'Gianyar', '2012-06-07', '3', 'aisyah-foto-dzakira-foto-khansa-foto-al-foto-ishma-foto-a-WhWk.jpg', 'a-identity-s-identity-ah-identity-zak-identity-ra-identity-kha-identity-sa-identity-al-identity-shma-identity-a-qdVc.jpeg', 'P', '2021-12-18 06:21:18', '2021-12-18 06:24:16', '0484bef3-737f-41a2-aeac-577ea2819a58', 0),
(23, 21, 'Maria Dzikra Khaliqah Al Fathinah', 'SD Muhammadiyah 3 Denpasar', 'Nyuh Kuning', '2014-10-27', '1', NULL, NULL, 'P', '2021-12-18 06:21:18', '2021-12-18 06:24:36', 'f3440403-d70b-436b-b19b-2d0a1dc38315', 0);

-- --------------------------------------------------------

--
-- Table structure for table `failed_jobs`
--

CREATE TABLE `failed_jobs` (
  `id` bigint(20) UNSIGNED NOT NULL,
  `uuid` varchar(255) COLLATE utf8mb4_unicode_ci NOT NULL,
  `connection` text COLLATE utf8mb4_unicode_ci NOT NULL,
  `queue` text COLLATE utf8mb4_unicode_ci NOT NULL,
  `payload` longtext COLLATE utf8mb4_unicode_ci NOT NULL,
  `exception` longtext COLLATE utf8mb4_unicode_ci NOT NULL,
  `failed_at` timestamp NOT NULL DEFAULT current_timestamp()
) ENGINE=InnoDB DEFAULT CHARSET=utf8mb4 COLLATE=utf8mb4_unicode_ci;

-- --------------------------------------------------------

--
-- Table structure for table `faqs`
--

CREATE TABLE `faqs` (
  `id` bigint(20) UNSIGNED NOT NULL,
  `user_id` int(11) NOT NULL,
  `question` longtext COLLATE utf8mb4_unicode_ci NOT NULL,
  `answer` longtext COLLATE utf8mb4_unicode_ci DEFAULT NULL,
  `status` int(11) DEFAULT 0,
  `competition_type_id` int(11) DEFAULT NULL,
  `answer_id` int(11) DEFAULT NULL,
  `answer_time` datetime DEFAULT NULL,
  `created_at` timestamp NULL DEFAULT NULL,
  `updated_at` timestamp NULL DEFAULT NULL
) ENGINE=InnoDB DEFAULT CHARSET=utf8mb4 COLLATE=utf8mb4_unicode_ci;

-- --------------------------------------------------------

--
-- Table structure for table `invoices`
--

CREATE TABLE `invoices` (
  `id` bigint(20) UNSIGNED NOT NULL,
  `user_id` int(11) DEFAULT 0,
  `approved_by` int(11) DEFAULT NULL,
  `status` int(11) DEFAULT 0,
  `subtotal` int(11) DEFAULT 0,
  `total` int(11) DEFAULT 0,
  `payment_method_id` int(11) DEFAULT 0,
  `proof_of_transfer` varchar(255) COLLATE utf8mb4_unicode_ci DEFAULT NULL,
  `bank` text COLLATE utf8mb4_unicode_ci DEFAULT NULL,
  `ref_name` varchar(255) COLLATE utf8mb4_unicode_ci DEFAULT NULL,
  `ref_number` varchar(255) COLLATE utf8mb4_unicode_ci DEFAULT NULL,
  `uuid` text COLLATE utf8mb4_unicode_ci DEFAULT NULL,
  `created_at` timestamp NULL DEFAULT NULL,
  `updated_at` timestamp NULL DEFAULT NULL,
  `unique_number` int(11) DEFAULT NULL,
  `approved_time` datetime DEFAULT NULL,
  `due_time` datetime DEFAULT NULL
) ENGINE=InnoDB DEFAULT CHARSET=utf8mb4 COLLATE=utf8mb4_unicode_ci;

--
-- Dumping data for table `invoices`
--

INSERT INTO `invoices` (`id`, `user_id`, `approved_by`, `status`, `subtotal`, `total`, `payment_method_id`, `proof_of_transfer`, `bank`, `ref_name`, `ref_number`, `uuid`, `created_at`, `updated_at`, `unique_number`, `approved_time`, `due_time`) VALUES
(5, 9, 2, 1, 40000, 40009, 1, 'intan-ayu-prastika-putri-gBan.jpg', 'Bank Central Asia (BCA)', 'Intan Ayu Prastika Putri', '7670209843', '2641e7e7-9129-45ab-ab92-a616cb1aedb3', '2021-12-15 11:50:26', '2021-12-18 06:55:25', 9, '2021-12-18 13:55:25', '2021-12-20 18:50:26'),
(6, 11, NULL, 0, 120000, 120011, 1, 'dimas-aditya-nugraha-tx8A.jpeg', 'Dana', 'Dimas Aditya Nugraha', '081805525118', '11239008-0955-46b5-a945-e5d307bf5c79', '2021-12-16 06:44:52', '2021-12-16 06:44:52', 11, NULL, '2021-12-21 13:44:52'),
(7, 11, 2, 1, 120000, 120011, 1, 'dimas-aditya-nugraha-SWkM.jpeg', 'Dana', 'Dimas Aditya Nugraha', '081805525118', '5fed5ade-f80e-4e5b-949e-1b950bea4a4f', '2021-12-18 06:21:52', '2021-12-18 06:51:25', 11, '2021-12-18 13:51:25', '2021-12-23 13:21:52');

-- --------------------------------------------------------

--
-- Table structure for table `invoice_details`
--

CREATE TABLE `invoice_details` (
  `id` bigint(20) UNSIGNED NOT NULL,
  `invoice_id` int(11) DEFAULT NULL,
  `competitor_id` int(11) DEFAULT NULL,
  `competition_category_id` int(11) DEFAULT NULL,
  `total` int(11) DEFAULT NULL,
  `created_at` timestamp NULL DEFAULT NULL,
  `updated_at` timestamp NULL DEFAULT NULL
) ENGINE=InnoDB DEFAULT CHARSET=utf8mb4 COLLATE=utf8mb4_unicode_ci;

--
-- Dumping data for table `invoice_details`
--

INSERT INTO `invoice_details` (`id`, `invoice_id`, `competitor_id`, `competition_category_id`, `total`, `created_at`, `updated_at`) VALUES
(5, 5, 9, 8, 40000, '2021-12-15 11:50:26', '2021-12-15 11:50:26'),
(6, 6, 10, 4, 40000, '2021-12-16 06:44:52', '2021-12-16 06:44:52'),
(7, 6, 11, 3, 40000, '2021-12-16 06:44:52', '2021-12-16 06:44:52'),
(8, 6, 12, 3, 40000, '2021-12-16 06:44:52', '2021-12-16 06:44:52'),
(9, 7, 19, 4, 40000, '2021-12-18 06:21:52', '2021-12-18 06:21:52'),
(10, 7, 20, 3, 40000, '2021-12-18 06:21:52', '2021-12-18 06:21:52'),
(11, 7, 21, 3, 40000, '2021-12-18 06:21:52', '2021-12-18 06:21:52');

-- --------------------------------------------------------

--
-- Table structure for table `kwitansis`
--

CREATE TABLE `kwitansis` (
  `id` bigint(20) UNSIGNED NOT NULL,
  `number` int(11) DEFAULT NULL,
  `invoice_id` int(11) DEFAULT NULL,
  `competitor_id` int(11) DEFAULT NULL,
  `created_at` timestamp NULL DEFAULT NULL,
  `updated_at` timestamp NULL DEFAULT NULL
) ENGINE=InnoDB DEFAULT CHARSET=utf8mb4 COLLATE=utf8mb4_unicode_ci;

--
-- Dumping data for table `kwitansis`
--

INSERT INTO `kwitansis` (`id`, `number`, `invoice_id`, `competitor_id`, `created_at`, `updated_at`) VALUES
(4, 1, 7, 19, '2021-12-18 06:51:25', '2021-12-18 06:51:25'),
(5, 3, 7, 20, '2021-12-18 06:51:25', '2021-12-18 06:51:25'),
(6, 5, 7, 21, '2021-12-18 06:51:25', '2021-12-18 06:51:25'),
(7, 4, 5, 9, '2021-12-18 06:55:25', '2021-12-18 06:55:25');

-- --------------------------------------------------------

--
-- Table structure for table `messages`
--

CREATE TABLE `messages` (
  `id` bigint(20) UNSIGNED NOT NULL,
  `type_message` int(11) DEFAULT NULL,
  `target_id` int(11) DEFAULT NULL,
  `isMain` int(11) DEFAULT 0,
  `user_id` int(11) DEFAULT NULL,
  `name` longtext COLLATE utf8mb4_unicode_ci DEFAULT NULL,
  `description` longtext COLLATE utf8mb4_unicode_ci DEFAULT NULL,
  `status` int(11) DEFAULT 0,
  `created_at` timestamp NULL DEFAULT NULL,
  `updated_at` timestamp NULL DEFAULT NULL
) ENGINE=InnoDB DEFAULT CHARSET=utf8mb4 COLLATE=utf8mb4_unicode_ci;

--
-- Dumping data for table `messages`
--

INSERT INTO `messages` (`id`, `type_message`, `target_id`, `isMain`, `user_id`, `name`, `description`, `status`, `created_at`, `updated_at`) VALUES
(1, 1, NULL, 0, 1, 'Pemberitahuan', 'Halo calon peserta COMIC X', 1, '2021-11-10 16:01:09', NULL),
(11, 2, 11, 0, 2, 'Pembayaran', 'Pembayaran INV18127 diterima.', 1, '2021-12-18 06:51:25', '2021-12-18 06:51:25'),
(12, 2, 9, 0, 2, 'Pembayaran', 'Pembayaran INV15125 diterima.', 1, '2021-12-18 06:55:25', '2021-12-18 06:55:25'),
(13, 6, 9, 0, 2, 'Status Edit Data Peserta', 'Peserta dengan nama Aftina Musfiroh tidak diperbolehkan mengedit data. Untuk melakukan pengeditan, silahkan melakukan request edit di halaman detail peserta', 1, '2021-12-19 11:09:30', '2021-12-19 11:09:30'),
(14, 6, 9, 0, 2, 'Status Edit Data Peserta', 'Peserta dengan nama Aftina Musfiroh diperbolehkan mengedit data', 1, '2021-12-19 11:09:33', '2021-12-19 11:09:33');

-- --------------------------------------------------------

--
-- Table structure for table `message_logs`
--

CREATE TABLE `message_logs` (
  `id` bigint(20) UNSIGNED NOT NULL,
  `message_id` int(11) DEFAULT NULL,
  `user_id` int(11) DEFAULT NULL,
  `created_at` timestamp NULL DEFAULT NULL,
  `updated_at` timestamp NULL DEFAULT NULL
) ENGINE=InnoDB DEFAULT CHARSET=utf8mb4 COLLATE=utf8mb4_unicode_ci;

--
-- Dumping data for table `message_logs`
--

INSERT INTO `message_logs` (`id`, `message_id`, `user_id`, `created_at`, `updated_at`) VALUES
(1, 1, 2, '2021-12-04 17:33:53', '2021-12-04 17:33:53'),
(2, 1, 9, '2021-12-15 01:42:25', '2021-12-15 01:42:25'),
(3, 1, 11, '2021-12-16 16:58:50', '2021-12-16 16:58:50');

-- --------------------------------------------------------

--
-- Table structure for table `migrations`
--

CREATE TABLE `migrations` (
  `id` int(10) UNSIGNED NOT NULL,
  `migration` varchar(255) COLLATE utf8mb4_unicode_ci NOT NULL,
  `batch` int(11) NOT NULL
) ENGINE=InnoDB DEFAULT CHARSET=utf8mb4 COLLATE=utf8mb4_unicode_ci;

--
-- Dumping data for table `migrations`
--

INSERT INTO `migrations` (`id`, `migration`, `batch`) VALUES
(15, '2014_10_12_000000_create_users_table', 1),
(16, '2014_10_12_100000_create_password_resets_table', 1),
(17, '2019_08_19_000000_create_failed_jobs_table', 1),
(18, '2020_09_27_230451_create_faqs_table', 1),
(19, '2020_09_27_231135_create_competition_types_table', 1),
(20, '2020_09_27_231151_create_competition_levels_table', 1),
(21, '2020_09_27_231157_create_competition_genders_table', 1),
(22, '2020_09_27_231723_create_competition_categories_table', 1),
(23, '2020_09_28_081537_create_competitors_table', 1),
(24, '2020_09_28_081540_create_competitor_details_table', 1),
(25, '2020_09_28_081612_create_payment_methods_table', 1),
(26, '2020_09_28_081627_create_invoices_table', 1),
(27, '2020_09_28_083113_create_banks_table', 1),
(28, '2020_09_28_083254_create_sponsors_table', 1),
(29, '2020_10_09_112300_add_status', 2),
(31, '2020_10_10_055829_add_image', 3),
(32, '2020_10_12_084202_add_status_comp', 4),
(33, '2020_10_13_041945_add_status_del', 5),
(34, '2020_10_21_152603_add_class_at_competition_type', 6),
(35, '2020_10_24_015343_create_competitor_auths_table', 7),
(36, '2020_10_24_015636_add_competitor_uuid', 7),
(38, '2020_10_24_084055_create_submission_logs_table', 8),
(39, '2020_10_24_191347_add_video_and_file_tm', 9),
(40, '2020_10_24_210917_create_panduans_table', 10),
(41, '2020_10_25_003201_create_telegram_notifications_table', 11),
(42, '2020_10_26_174021_add_status_time', 12),
(43, '2020_10_26_205835_add_approve_time_and_ref', 13),
(44, '2020_10_27_080726_create_invoice_details_table', 14),
(45, '2020_11_10_113659_create_messages_table', 15),
(46, '2020_11_10_113702_create_message_logs_table', 15),
(47, '2020_11_10_123030_add_deadline', 16),
(48, '2020_11_14_023605_add_slug_competitor_detail', 17),
(49, '2020_11_14_072744_create_kwitansis_table', 18),
(50, '2020_11_14_094550_add_team_name', 19),
(51, '2021_11_30_224555_add_pay_deadline_column_to_competitors', 20),
(52, '2021_12_08_162002_add_id_competitor_to_surahs_table', 21);

-- --------------------------------------------------------

--
-- Table structure for table `panduans`
--

CREATE TABLE `panduans` (
  `id` bigint(20) UNSIGNED NOT NULL,
  `name` varchar(255) COLLATE utf8mb4_unicode_ci NOT NULL,
  `slug` varchar(255) COLLATE utf8mb4_unicode_ci NOT NULL,
  `description` longtext COLLATE utf8mb4_unicode_ci NOT NULL,
  `video_desktop` longtext COLLATE utf8mb4_unicode_ci DEFAULT NULL,
  `video_mobile` longtext COLLATE utf8mb4_unicode_ci DEFAULT NULL,
  `status` int(11) DEFAULT 1,
  `created_at` timestamp NULL DEFAULT NULL,
  `updated_at` timestamp NULL DEFAULT NULL
) ENGINE=InnoDB DEFAULT CHARSET=utf8mb4 COLLATE=utf8mb4_unicode_ci;

-- --------------------------------------------------------

--
-- Table structure for table `password_resets`
--

CREATE TABLE `password_resets` (
  `email` varchar(255) COLLATE utf8mb4_unicode_ci NOT NULL,
  `token` varchar(255) COLLATE utf8mb4_unicode_ci NOT NULL,
  `created_at` timestamp NULL DEFAULT NULL
) ENGINE=InnoDB DEFAULT CHARSET=utf8mb4 COLLATE=utf8mb4_unicode_ci;

--
-- Dumping data for table `password_resets`
--

INSERT INTO `password_resets` (`email`, `token`, `created_at`) VALUES
('aqshaltata.matt@gmail.com', '$2y$10$oiiB3vDnqjRSiXg3hj.rzeRRFSWjETJxCw8i/ggVClGBm1RVBiAD2', '2020-11-19 09:09:50'),
('ryanadhitama2@gmail.com', '$2y$10$Bg6ztvVuL6a7FWoIIRCEbuNtyUeGDX8hZE2lqEoi/IHFgwo5W5BTK', '2020-11-29 17:39:42'),
('endy.insanyf@gmail.com', '$2y$10$ssgiu3Q7Eu38l6FiJOXS2e2mggr3/pLHODquFwuWkgExYuJqhw0Ki', '2021-01-25 07:11:28'),
('safiah525afi@gmail.com', '$2y$10$M0CGEHt5fzg2e51iPOvxvu6TcMvwjhCj5sEqALq6V/bJE/uVxSk6K', '2021-01-28 04:45:13'),
('fitrinurayu.alfiani@gmail.com', '$2y$10$ER4izGs7T5ajyRvYdhyIMOIitZb4wj1aernFAjhLDovAca56.8Bea', '2021-02-04 02:56:18'),
('cuupayyubi@gmail.com', '$2y$10$o4rh7sNzjZ2/R.Mb2L8hNO.Rz08zy0smNFJuAcUoTkOpF2072Oq.u', '2021-02-05 02:47:43'),
('dwiseptisepti98@gmail.com', '$2y$10$UVcZRQbUrJ7yLy8u3kn2G.3Fur61a71QDdFSt3ZFaMvpUn.3Fqd9W', '2021-02-05 05:00:06'),
('rahmimaulidya13017@gmail.com', '$2y$10$UlqUSdeKLYIPIyQeb/EpxOu8ebF6jbSPT9PkRn3BQYKwzzdzRMgFm', '2021-02-07 03:13:21'),
('nurfitra832@gmail.com', '$2y$10$kyO8qa8oVwV33YKnVVEyCOfS/4JuIM39ITb5hFNBUoQMQDS8Q.hQC', '2021-02-12 11:34:41'),
('admin@comic.com', '$2y$10$NwmVyE3cRQHFBDydavmzeuJfHhbXlhLoe4qbC4gYJf/rfVykT6/te', '2021-12-06 13:57:14');

-- --------------------------------------------------------

--
-- Table structure for table `payment_methods`
--

CREATE TABLE `payment_methods` (
  `id` bigint(20) UNSIGNED NOT NULL,
  `type` varchar(255) COLLATE utf8mb4_unicode_ci DEFAULT NULL,
  `bank_id` int(11) DEFAULT NULL,
  `ref_name` varchar(255) COLLATE utf8mb4_unicode_ci DEFAULT NULL,
  `ref_number` varchar(255) COLLATE utf8mb4_unicode_ci DEFAULT NULL,
  `isShow` varchar(255) COLLATE utf8mb4_unicode_ci DEFAULT NULL,
  `created_at` timestamp NULL DEFAULT NULL,
  `updated_at` timestamp NULL DEFAULT NULL
) ENGINE=InnoDB DEFAULT CHARSET=utf8mb4 COLLATE=utf8mb4_unicode_ci;

--
-- Dumping data for table `payment_methods`
--

INSERT INTO `payment_methods` (`id`, `type`, `bank_id`, `ref_name`, `ref_number`, `isShow`, `created_at`, `updated_at`) VALUES
(1, 'Transfer Bank', 1, 'Anggita Septi Fitria', '6110535005', '1', '2020-09-28 01:17:22', '2020-09-28 01:17:22');

-- --------------------------------------------------------

--
-- Table structure for table `songs`
--

CREATE TABLE `songs` (
  `id` bigint(20) UNSIGNED NOT NULL,
  `name` varchar(255) COLLATE utf8mb4_unicode_ci DEFAULT NULL,
  `status` int(11) DEFAULT 1,
  `created_at` timestamp NULL DEFAULT NULL,
  `updated_at` timestamp NULL DEFAULT NULL
) ENGINE=InnoDB DEFAULT CHARSET=utf8mb4 COLLATE=utf8mb4_unicode_ci;

--
-- Dumping data for table `songs`
--

INSERT INTO `songs` (`id`, `name`, `status`, `created_at`, `updated_at`) VALUES
(1, 'Aisyah Istri Rasulullah  Syakir Daulay', 1, NULL, NULL),
(2, 'Denting  Melly Goeslaw', 1, NULL, NULL),
(3, 'Cinta  Krisdayanti feat Melly Goeslaw', 1, NULL, NULL),
(4, 'Hijrah Cinta  Rossa', 1, NULL, NULL),
(5, 'Di Sepertiga Malam  Rey Mbayang', 1, NULL, NULL),
(6, 'Takdir Cinta  Rossa', 1, NULL, NULL),
(7, 'Ayat Ayat Cinta  Rossa', 1, NULL, NULL),
(8, 'Takkan Berpaling Dari-Mu  Rossa', 1, NULL, NULL),
(9, 'KuasaMu  Bunga Citra Lestari', 1, NULL, NULL),
(10, 'Kupinang Kau Dengan Bismillah  Ungu feat Rossa', 1, NULL, NULL),
(11, 'Shalawat Cinta  Ustad Jefri Al Bukhori', 1, NULL, NULL),
(12, 'Bidadari Surga  Ustad Jefri Al Bukhori', 1, NULL, NULL),
(13, 'KebesaranMu  ST12', 1, NULL, NULL),
(14, 'MemujaMu  ST12', 1, NULL, NULL),
(15, 'Seluruh Cinta  Siti Nurhaliza feat Cakra Khan', 1, NULL, NULL),
(16, 'Jalan Cinta  Sherina', 1, NULL, NULL),
(17, 'Rasool\'Allah  Harris J', 1, NULL, NULL),
(18, 'Peace Be Upon You  Maher Zain', 1, NULL, NULL),
(19, 'Baraka Allahu Lakuma  Maher Zain', 1, NULL, NULL),
(20, 'Salam Alaikum  Harris J', 1, NULL, NULL),
(21, 'I Promise  Harris J', 1, NULL, NULL),
(22, 'You Are My Life  Harris J', 1, NULL, NULL),
(23, 'Al Wabaa\'  Nissa Sabyan', 1, NULL, NULL),
(24, 'Maulidu Ahmad  Syahla feat Nissa Sabyan', 1, NULL, NULL),
(25, 'Allahul Kaafi  Fitriana feat Nissa Sabyan', 1, NULL, NULL),
(26, 'Deen Assalam  Nissa Sabyan', 1, NULL, NULL),
(27, 'Ya Jamalu  Nissa Sabyan', 1, NULL, NULL),
(28, 'Ya Maulana  Nissa Sabyan', 1, NULL, NULL),
(29, 'Ya Asyiqol  Nissa Sabyan', 1, NULL, NULL),
(30, 'Syukran Lillah  Nissa Sabyan', 1, NULL, NULL),
(31, 'Jangan Menyerah  DMasiv', 1, NULL, NULL),
(32, 'Pintu Taubat  Zivilia', 1, NULL, NULL),
(33, 'Cahaya Hati  Opick', 1, NULL, NULL),
(34, 'Maha Melihat  Opick feat Amanda', 1, NULL, NULL),
(35, 'Sajadah Panjang  Noah', 1, NULL, NULL),
(36, 'Jalan Lurus  Gita Gutawa', 1, NULL, NULL),
(37, 'Dengan NafasMu  Ungu', 1, NULL, NULL),
(38, 'SurgaMu  Ungu', 1, NULL, NULL),
(39, 'Bila Tiba  Ungu', 1, NULL, NULL),
(40, 'Andai Ku Tahu  Ungu', 1, NULL, NULL),
(41, 'Para PencariMu  Ungu', 1, NULL, NULL),
(42, 'ud Of You Moslem  Fatin Shidqia', 1, NULL, NULL),
(43, 'Keagungan Tuhan  Gigi', 1, NULL, NULL),
(44, 'Ya Thoybah  Sulis', 1, NULL, NULL),
(45, 'apu Jagat  Nissa Sabyan', 1, NULL, NULL),
(46, 'Rindu Muhammadku  Haddad Alwi feat Vita', 1, NULL, NULL),
(47, 'Bismillah Cinta  Ungu feat Lesti', 1, NULL, NULL),
(48, 'Sepanjang Hidup  Maher Zain', 1, NULL, NULL),
(49, 'Allahi Allah Kiya Karo  Maher Zain', 1, NULL, NULL),
(50, 'man Ya Rohman  Nissa Sabyan', 1, NULL, NULL);

-- --------------------------------------------------------

--
-- Table structure for table `sponsors`
--

CREATE TABLE `sponsors` (
  `id` bigint(20) UNSIGNED NOT NULL,
  `name` varchar(255) COLLATE utf8mb4_unicode_ci DEFAULT NULL,
  `image` varchar(255) COLLATE utf8mb4_unicode_ci DEFAULT NULL,
  `type` int(11) DEFAULT NULL,
  `main` int(11) DEFAULT NULL,
  `created_at` timestamp NULL DEFAULT NULL,
  `updated_at` timestamp NULL DEFAULT NULL,
  `status` int(11) DEFAULT 1
) ENGINE=InnoDB DEFAULT CHARSET=utf8mb4 COLLATE=utf8mb4_unicode_ci;

--
-- Dumping data for table `sponsors`
--

INSERT INTO `sponsors` (`id`, `name`, `image`, `type`, `main`, `created_at`, `updated_at`, `status`) VALUES
(1, 'Dila Wedding Organizer', 'dila-wedding-organizer-q8Xk.png', 1, 0, '2021-12-05 17:25:50', '2021-12-05 17:25:50', 1),
(2, 'Softmedia', 'softmedia-2M6s.png', 1, 0, '2021-12-05 17:26:02', '2021-12-05 17:26:02', 1);

-- --------------------------------------------------------

--
-- Table structure for table `submission_logs`
--

CREATE TABLE `submission_logs` (
  `id` bigint(20) UNSIGNED NOT NULL,
  `competitor_id` int(11) DEFAULT NULL,
  `description` varchar(255) COLLATE utf8mb4_unicode_ci NOT NULL,
  `type` varchar(255) COLLATE utf8mb4_unicode_ci NOT NULL,
  `data` longtext COLLATE utf8mb4_unicode_ci NOT NULL,
  `created_at` timestamp NULL DEFAULT NULL,
  `updated_at` timestamp NULL DEFAULT NULL
) ENGINE=InnoDB DEFAULT CHARSET=utf8mb4 COLLATE=utf8mb4_unicode_ci;

-- --------------------------------------------------------

--
-- Table structure for table `surahs`
--

CREATE TABLE `surahs` (
  `id` bigint(20) UNSIGNED NOT NULL,
  `surah` varchar(255) COLLATE utf8mb4_unicode_ci DEFAULT NULL,
  `ayat` varchar(255) COLLATE utf8mb4_unicode_ci DEFAULT NULL,
  `halaman` varchar(255) COLLATE utf8mb4_unicode_ci DEFAULT NULL,
  `competition_category_id` int(11) DEFAULT NULL,
  `created_at` timestamp NULL DEFAULT NULL,
  `updated_at` timestamp NULL DEFAULT NULL,
  `id_competitor` int(11) NOT NULL
) ENGINE=InnoDB DEFAULT CHARSET=utf8mb4 COLLATE=utf8mb4_unicode_ci;

--
-- Dumping data for table `surahs`
--

INSERT INTO `surahs` (`id`, `surah`, `ayat`, `halaman`, `competition_category_id`, `created_at`, `updated_at`, `id_competitor`) VALUES
(1, 'an-nas', '1-5', '333', 11, '2021-12-11 04:59:07', '2021-12-11 04:59:07', 6),
(2, 'Al-Baqoroh', '35-40', '12', 10, '2021-12-11 05:06:46', '2021-12-11 05:06:46', 7);

-- --------------------------------------------------------

--
-- Table structure for table `telegram_notifications`
--

CREATE TABLE `telegram_notifications` (
  `id` bigint(20) UNSIGNED NOT NULL,
  `name` varchar(255) COLLATE utf8mb4_unicode_ci NOT NULL,
  `description` longtext COLLATE utf8mb4_unicode_ci DEFAULT NULL,
  `url` longtext COLLATE utf8mb4_unicode_ci DEFAULT NULL,
  `status` int(11) DEFAULT 0,
  `type` int(11) DEFAULT NULL,
  `created_at` timestamp NULL DEFAULT NULL,
  `updated_at` timestamp NULL DEFAULT NULL
) ENGINE=InnoDB DEFAULT CHARSET=utf8mb4 COLLATE=utf8mb4_unicode_ci;

--
-- Dumping data for table `telegram_notifications`
--

INSERT INTO `telegram_notifications` (`id`, `name`, `description`, `url`, `status`, `type`, `created_at`, `updated_at`) VALUES
(1, '[USER BARU]', 'user berhasil mendaftar di web COMIC IX', NULL, 0, 1, '2021-07-17 15:44:31', '2021-07-17 15:44:31'),
(2, '[USER BARU]', 'admin berhasil mendaftar di web COMIC IX', NULL, 0, 1, '2021-07-17 15:46:48', '2021-07-17 15:46:48'),
(3, '[PESERTA BARU]', 'Adzan SD/MI A', NULL, 0, 3, '2021-07-17 15:47:49', '2021-07-17 15:47:49'),
(4, '[PESERTA BARU]', 'Tilawah SMP/Mts PA', NULL, 0, 3, '2021-11-30 01:34:06', '2021-11-30 01:34:06'),
(5, '[PEMBAYARAN BARU]', 'INV30111 - Rp35001. Dari Bank Capital (Rjal - 087112939444)', NULL, 0, 4, '2021-11-30 01:42:23', '2021-11-30 01:42:23'),
(6, '[PESERTA BARU]', 'Pop Religi SMP/Mts', NULL, 0, 3, '2021-11-30 02:08:32', '2021-11-30 02:08:32'),
(7, '[PEMBAYARAN BARU]', 'INV30112 - Rp35001. Dari Bank Central Asia (BCA) (test - 09731838723974)', NULL, 0, 4, '2021-11-30 02:16:10', '2021-11-30 02:16:10'),
(8, '[PESERTA BARU]', 'Adzan SD/MI A', NULL, 0, 3, '2021-11-30 02:17:37', '2021-11-30 02:17:37'),
(9, '[PESERTA BARU]', 'Da\'i SMP/Mts', NULL, 0, 3, '2021-11-30 02:28:27', '2021-11-30 02:28:27'),
(10, '[PESERTA BARU]', 'Puisi Islami SMP/Mts', NULL, 0, 3, '2021-11-30 12:50:16', '2021-11-30 12:50:16'),
(11, '[PEMBAYARAN BARU]', 'INV30117 - Rp35001. Dari Bank Central Asia (BCA) (Reyan - 09731838723974)', NULL, 0, 4, '2021-11-30 12:50:34', '2021-11-30 12:50:34'),
(12, '[PESERTA BARU]', 'Tilawah SMP/Mts PI', NULL, 0, 3, '2021-11-30 13:02:56', '2021-11-30 13:02:56'),
(13, '[PESERTA BARU]', 'Pop Religi SMA/SMK/MA', NULL, 0, 3, '2021-11-30 13:19:01', '2021-11-30 13:19:01'),
(14, '[PESERTA BARU]', 'Pop Religi SMA/SMK/MA', NULL, 0, 3, '2021-11-30 13:20:06', '2021-11-30 13:20:06'),
(15, '[PESERTA BARU]', 'Pop Religi SMA/SMK/MA', NULL, 0, 3, '2021-11-30 13:20:44', '2021-11-30 13:20:44'),
(16, '[PESERTA BARU]', 'Pop Religi SMA/SMK/MA', NULL, 0, 3, '2021-11-30 13:20:56', '2021-11-30 13:20:56'),
(17, '[PESERTA BARU]', 'Pop Religi SMP/Mts', NULL, 0, 3, '2021-11-30 14:27:04', '2021-11-30 14:27:04'),
(18, '[PESERTA BARU]', 'Da\'i SMA/SMK/MA', NULL, 0, 3, '2021-11-30 15:01:58', '2021-11-30 15:01:58'),
(19, '[PESERTA BARU]', 'Adzan SD/MI B', NULL, 0, 3, '2021-11-30 15:45:50', '2021-11-30 15:45:50'),
(20, '[PESERTA BARU]', 'Desain Poster Islami SMA/SMK/MA', NULL, 0, 3, '2021-11-30 16:36:14', '2021-11-30 16:36:14'),
(21, '[PESERTA BARU]', 'Adzan SD/MI A', NULL, 0, 3, '2021-12-01 13:25:38', '2021-12-01 13:25:38'),
(22, '[PESERTA BARU]', 'Da\'i SMA/SMK/MA', NULL, 0, 3, '2021-12-02 23:55:48', '2021-12-02 23:55:48'),
(23, '[PESERTA BARU]', 'Da\'i SMP/Mts', NULL, 0, 3, '2021-12-04 01:20:20', '2021-12-04 01:20:20'),
(24, '[PESERTA BARU]', 'Tilawah SMP/Mts PA', NULL, 0, 3, '2021-12-04 01:34:31', '2021-12-04 01:34:31'),
(25, '[USER BARU]', 'rizqy berhasil mendaftar di web COMIC IX', NULL, 0, 1, '2021-12-04 12:26:35', '2021-12-04 12:26:35'),
(26, '[PESERTA BARU]', 'Da\'i SMP/Mts', NULL, 0, 3, '2021-12-04 14:24:19', '2021-12-04 14:24:19'),
(27, '[PESERTA BARU]', 'Pop Religi SMA/SMK/MA', NULL, 0, 3, '2021-12-04 14:40:19', '2021-12-04 14:40:19'),
(28, '[PESERTA BARU]', 'Tilawah SMP/Mts PI', NULL, 0, 3, '2021-12-04 14:42:11', '2021-12-04 14:42:11'),
(29, '[PESERTA BARU]', 'Tilawah SMA/SMK/MA PA', NULL, 0, 3, '2021-12-04 14:49:18', '2021-12-04 14:49:18'),
(30, '[PESERTA BARU]', 'Adzan SD/MI A', NULL, 0, 3, '2021-12-04 14:50:03', '2021-12-04 14:50:03'),
(31, '[PESERTA BARU]', 'Tilawah SMA/SMK/MA PA', NULL, 0, 3, '2021-12-04 15:01:36', '2021-12-04 15:01:36'),
(32, '[PESERTA BARU]', 'Tilawah SMA/SMK/MA PA', NULL, 0, 3, '2021-12-04 15:06:58', '2021-12-04 15:06:58'),
(33, '[PESERTA BARU]', 'Tilawah SMA/SMK/MA PA', NULL, 0, 3, '2021-12-04 15:11:06', '2021-12-04 15:11:06'),
(34, '[PESERTA BARU]', 'Tilawah SMA/SMK/MA PA', NULL, 0, 3, '2021-12-04 16:39:20', '2021-12-04 16:39:20'),
(35, '[PESERTA BARU]', 'Puisi Islami SMP/Mts', NULL, 0, 3, '2021-12-04 16:57:21', '2021-12-04 16:57:21'),
(36, '[PESERTA BARU]', 'Tilawah SMP/Mts PA', NULL, 0, 3, '2021-12-04 17:06:04', '2021-12-04 17:06:04'),
(37, '[PESERTA BARU]', 'Tilawah SMP/Mts PA', NULL, 0, 3, '2021-12-04 17:13:50', '2021-12-04 17:13:50'),
(38, '[PESERTA BARU]', 'Tilawah SMA/SMK/MA PA', NULL, 0, 3, '2021-12-04 17:18:11', '2021-12-04 17:18:11'),
(39, '[PESERTA BARU]', 'Da\'i SMA/SMK/MA', NULL, 0, 3, '2021-12-04 17:25:20', '2021-12-04 17:25:20'),
(40, '[PESERTA BARU]', 'Da\'i SMP/Mts', NULL, 0, 3, '2021-12-04 17:32:57', '2021-12-04 17:32:57'),
(41, '[PESERTA BARU]', 'Adzan SD/MI PA B', NULL, 0, 3, '2021-12-04 17:44:46', '2021-12-04 17:44:46'),
(42, '[PESERTA BARU]', 'Tilawah SMA/SMK/MA PA', NULL, 0, 3, '2021-12-04 18:16:54', '2021-12-04 18:16:54'),
(43, '[PESERTA BARU]', 'Adzan SD/MI PA A', NULL, 0, 3, '2021-12-05 13:29:49', '2021-12-05 13:29:49'),
(44, '[PESERTA BARU]', 'Adzan SD/MI PA A', NULL, 0, 3, '2021-12-05 13:32:06', '2021-12-05 13:32:06'),
(45, '[PESERTA BARU]', 'Adzan SD/MI PA A', NULL, 0, 3, '2021-12-05 14:09:05', '2021-12-05 14:09:05'),
(46, '[PEMBAYARAN BARU]', 'INV051210 - Rp35001. Dari Bank Central Asia (BCA) (Reja - 09731838723974)', NULL, 0, 4, '2021-12-05 14:15:15', '2021-12-05 14:15:15'),
(47, '[PESERTA BARU]', 'Tilawah SMP/Mts PA', NULL, 0, 3, '2021-12-05 14:42:43', '2021-12-05 14:42:43'),
(48, '[PEMBAYARAN BARU]', 'INV051211 - Rp35001. Dari Bank Central Asia (BCA) (test - 09731838723974)', NULL, 0, 4, '2021-12-05 14:57:56', '2021-12-05 14:57:56'),
(49, '[PESERTA BARU]', 'Adzan SD/MI PA A', NULL, 0, 3, '2021-12-05 15:15:22', '2021-12-05 15:15:22'),
(50, '[PESERTA BARU]', 'Adzan SD/MI PA A', NULL, 0, 3, '2021-12-05 15:21:19', '2021-12-05 15:21:19'),
(51, '[PEMBAYARAN BARU]', 'INV051212 - Rp35001. Dari Bank Mayapada Internasional (test - 09731838723974)', NULL, 0, 4, '2021-12-05 15:21:45', '2021-12-05 15:21:45'),
(52, '[PESERTA BARU]', 'Adzan SD/MI PA A', NULL, 0, 3, '2021-12-05 15:35:28', '2021-12-05 15:35:28'),
(53, '[PEMBAYARAN BARU]', 'INV051213 - Rp35001. Dari Bank Central Asia (BCA) Syariah (test2 - 09731838723974)', NULL, 0, 4, '2021-12-05 15:35:55', '2021-12-05 15:35:55'),
(54, '[PESERTA BARU]', 'Adzan SD/MI PA A', NULL, 0, 3, '2021-12-05 16:01:37', '2021-12-05 16:01:37'),
(55, '[PESERTA BARU]', 'Adzan SD/MI PA A', NULL, 0, 3, '2021-12-05 16:03:43', '2021-12-05 16:03:43'),
(56, '[PESERTA BARU]', 'Tilawah SMP/Mts PA', NULL, 0, 3, '2021-12-06 01:22:02', '2021-12-06 01:22:02'),
(57, '[PESERTA BARU]', 'Tilawah SMP/Mts PA', NULL, 0, 3, '2021-12-06 01:22:03', '2021-12-06 01:22:03'),
(58, '[PEMBAYARAN BARU]', 'INV06121 - Rp70001. Dari Bank Central Asia (BCA) (user 12 - 087112939444)', NULL, 0, 4, '2021-12-06 01:22:37', '2021-12-06 01:22:37'),
(59, '[USER BARU]', 'admin@comic.com berhasil mendaftar di web COMIC IX', NULL, 0, 1, '2021-12-06 14:05:09', '2021-12-06 14:05:09'),
(60, '[USER BARU]', 'Ramdan berhasil mendaftar di web COMIC IX', NULL, 0, 1, '2021-12-07 04:03:18', '2021-12-07 04:03:18'),
(61, '[USER BARU]', 'Henan berhasil mendaftar di web COMIC IX', NULL, 0, 1, '2021-12-07 04:10:47', '2021-12-07 04:10:47'),
(62, '[USER BARU]', 'Roma berhasil mendaftar di web COMIC IX', NULL, 0, 1, '2021-12-07 04:15:10', '2021-12-07 04:15:10'),
(63, '[USER BARU]', 'Reza berhasil mendaftar di web COMIC IX', NULL, 0, 1, '2021-12-07 04:16:18', '2021-12-07 04:16:18'),
(64, '[PESERTA BARU]', 'Adzan SD/MI PA A', NULL, 0, 3, '2021-12-07 04:18:12', '2021-12-07 04:18:12'),
(65, '[PEMBAYARAN BARU]', 'INV07122 - Rp35008. Dari Bank Central Asia (BCA) (test - 09731838723974)', NULL, 0, 4, '2021-12-07 05:16:09', '2021-12-07 05:16:09'),
(66, '[PESERTA BARU]', 'Tilawah SMA/SMK/MA PA', NULL, 0, 3, '2021-12-11 04:48:46', '2021-12-11 04:48:46'),
(67, '[PEMBAYARAN BARU]', 'INV11122 - Rp40002. Dari Bank Central Asia (BCA) Syariah (saddam - 234465345)', NULL, 0, 4, '2021-12-11 04:50:51', '2021-12-11 04:50:51'),
(68, '[PESERTA BARU]', 'Tilawah SMP/Mts PI', NULL, 0, 3, '2021-12-11 05:05:01', '2021-12-11 05:05:01'),
(69, '[PEMBAYARAN BARU]', 'INV11123 - Rp40002. Dari Bank Central Asia (BCA) (saddam - 345243424)', NULL, 0, 4, '2021-12-11 05:05:41', '2021-12-11 05:05:41'),
(70, '[PESERTA BARU]', 'Pop Religi SMP/Mts', NULL, 0, 3, '2021-12-11 05:08:03', '2021-12-11 05:08:03'),
(71, '[PEMBAYARAN BARU]', 'INV11124 - Rp40002. Dari Bank Central Asia (BCA) (ahmad - 23423423)', NULL, 0, 4, '2021-12-11 05:08:40', '2021-12-11 05:08:40'),
(72, '[USER BARU]', 'Rayna Wahyu Bhinadhari berhasil mendaftar di web COMIC IX', NULL, 0, 1, '2021-12-13 01:29:02', '2021-12-13 01:29:02'),
(73, '[USER BARU]', 'Aftina Musfiroh berhasil mendaftar di web COMIC IX', NULL, 0, 1, '2021-12-13 03:24:02', '2021-12-13 03:24:02'),
(74, '[PESERTA BARU]', 'Pop Religi SMA/SMK/MA', NULL, 0, 3, '2021-12-13 03:25:59', '2021-12-13 03:25:59'),
(75, '[USER BARU]', 'Viola antartikta berhasil mendaftar di web COMIC IX', NULL, 0, 1, '2021-12-13 10:09:35', '2021-12-13 10:09:35'),
(76, '[USER BARU]', 'Dimas Aditya Nugraha berhasil mendaftar di web COMIC IX', NULL, 0, 1, '2021-12-13 10:32:47', '2021-12-13 10:32:47'),
(77, '[PESERTA BARU]', 'Da\'i SD/MI B', NULL, 0, 3, '2021-12-13 10:33:59', '2021-12-13 10:33:59'),
(78, '[PESERTA BARU]', 'Da\'i SD/MI A', NULL, 0, 3, '2021-12-13 10:34:59', '2021-12-13 10:34:59'),
(79, '[PESERTA BARU]', 'Da\'i SD/MI A', NULL, 0, 3, '2021-12-13 10:34:59', '2021-12-13 10:34:59'),
(80, '[PESERTA BARU]', 'Adzan SD/MI PA B', NULL, 0, 3, '2021-12-13 10:41:15', '2021-12-13 10:41:15'),
(81, '[PESERTA BARU]', 'Adzan SD/MI PA A', NULL, 0, 3, '2021-12-13 18:47:54', '2021-12-13 18:47:54'),
(82, '[USER BARU]', 'mohammad dhimas prasetyo berhasil mendaftar di web COMIC IX', NULL, 0, 1, '2021-12-14 08:09:18', '2021-12-14 08:09:18'),
(83, '[PESERTA BARU]', 'Desain Poster Islami SMP/Mts', NULL, 0, 3, '2021-12-14 08:13:49', '2021-12-14 08:13:49'),
(84, '[PEMBAYARAN BARU]', 'INV15125 - Rp40009. Dari Bank Central Asia (BCA) (Intan Ayu Prastika Putri - 7670209843)', NULL, 0, 4, '2021-12-15 11:50:26', '2021-12-15 11:50:26'),
(85, '[PEMBAYARAN BARU]', 'INV16126 - Rp120011. Dari Dana (Dimas Aditya Nugraha - 081805525118)', NULL, 0, 4, '2021-12-16 06:44:52', '2021-12-16 06:44:52'),
(86, '[USER BARU]', 'Amalia berhasil mendaftar di web COMIC IX', NULL, 0, 1, '2021-12-17 23:20:52', '2021-12-17 23:20:52'),
(87, '[PESERTA BARU]', 'Desain Poster Islami SMA/SMK/MA', NULL, 0, 3, '2021-12-17 23:30:29', '2021-12-17 23:30:29'),
(88, '[USER BARU]', 'Ahmad Zian Paradis berhasil mendaftar di web COMIC IX', NULL, 0, 1, '2021-12-18 05:34:57', '2021-12-18 05:34:57'),
(89, '[PESERTA BARU]', 'Desain Poster Islami SMA/SMK/MA', NULL, 0, 3, '2021-12-18 05:37:29', '2021-12-18 05:37:29'),
(90, '[USER BARU]', 'Iqbal syam hudayani berhasil mendaftar di web COMIC IX', NULL, 0, 1, '2021-12-18 05:42:28', '2021-12-18 05:42:28'),
(91, '[PESERTA BARU]', 'Desain Poster Islami SMA/SMK/MA', NULL, 0, 3, '2021-12-18 05:44:16', '2021-12-18 05:44:16'),
(92, '[PESERTA BARU]', 'Da\'i SD/MI B', NULL, 0, 3, '2021-12-18 06:20:09', '2021-12-18 06:20:09'),
(93, '[PESERTA BARU]', 'Da\'i SD/MI A', NULL, 0, 3, '2021-12-18 06:21:18', '2021-12-18 06:21:18'),
(94, '[PESERTA BARU]', 'Da\'i SD/MI A', NULL, 0, 3, '2021-12-18 06:21:18', '2021-12-18 06:21:18'),
(95, '[PEMBAYARAN BARU]', 'INV18127 - Rp120011. Dari Dana (Dimas Aditya Nugraha - 081805525118)', NULL, 0, 4, '2021-12-18 06:21:52', '2021-12-18 06:21:52'),
(96, '[REQUEST EDIT DETAIL PESERTA]', 'TIDAK BOLEH. No Daftar : CA-9, Nama : Aftina Musfiroh, Lomba : Pop Religi SMA/SMK/MA', NULL, 0, 10, '2021-12-19 11:09:30', '2021-12-19 11:09:30'),
(97, '[REQUEST EDIT DETAIL PESERTA]', 'BOLEH. No Daftar : CA-9, Nama : Aftina Musfiroh, Lomba : Pop Religi SMA/SMK/MA', NULL, 0, 10, '2021-12-19 11:09:33', '2021-12-19 11:09:33');

-- --------------------------------------------------------

--
-- Table structure for table `users`
--

CREATE TABLE `users` (
  `id` bigint(20) UNSIGNED NOT NULL,
  `name` varchar(255) COLLATE utf8mb4_unicode_ci NOT NULL,
  `email` varchar(255) COLLATE utf8mb4_unicode_ci NOT NULL,
  `email_verified_at` timestamp NULL DEFAULT NULL,
  `password` varchar(255) COLLATE utf8mb4_unicode_ci NOT NULL,
  `decrypt_password` varchar(255) COLLATE utf8mb4_unicode_ci DEFAULT NULL,
  `phone` varchar(255) COLLATE utf8mb4_unicode_ci DEFAULT NULL,
  `image` varchar(255) COLLATE utf8mb4_unicode_ci DEFAULT NULL,
  `isAdmin` int(11) DEFAULT 0,
  `isAccounting` int(11) DEFAULT 0,
  `isSchool` int(11) DEFAULT 0,
  `isUser` int(11) DEFAULT 1,
  `remember_token` varchar(100) COLLATE utf8mb4_unicode_ci DEFAULT NULL,
  `created_at` timestamp NULL DEFAULT NULL,
  `updated_at` timestamp NULL DEFAULT NULL,
  `status` int(11) DEFAULT 1
) ENGINE=InnoDB DEFAULT CHARSET=utf8mb4 COLLATE=utf8mb4_unicode_ci;

--
-- Dumping data for table `users`
--

INSERT INTO `users` (`id`, `name`, `email`, `email_verified_at`, `password`, `decrypt_password`, `phone`, `image`, `isAdmin`, `isAccounting`, `isSchool`, `isUser`, `remember_token`, `created_at`, `updated_at`, `status`) VALUES
(1, 'user', 'user@comic.com', NULL, '$2y$10$oNj2FV/MuqxzqhgsS41tGu0pNt5mXOw/ppjsIOcFPb8B9a6B6dS8q', NULL, '081558737080', NULL, 0, 0, 0, 1, NULL, '2021-07-17 15:44:31', '2021-07-17 15:44:31', 1),
(2, 'admin', 'admin@comic.com', NULL, '$2y$10$Tf1XATBIcpMZfHWFIGVl.ebeOPKDmxx3TjSzqn5hBQX5BOShKzt4i', NULL, '081558737080', NULL, 1, 0, 0, 1, NULL, '2021-07-17 15:46:48', '2021-12-15 03:41:11', 1),
(4, 'saddam', 'muhamadsaddam17@gmail.com', NULL, '$2y$10$4W0aene2Frdj9xJnEVppz.rMVtVCxRgrz0KLSEQi0Zy9ImxXFw9da', NULL, '089685589710', NULL, 1, 0, 0, 1, NULL, '2021-12-06 14:48:13', '2021-12-06 14:49:45', 1),
(5, 'wjk', 'test@mailinator.com', NULL, '$2y$10$.6nEj46rFQpOowGKmy5MOO49K2jl790vExHysAeLdZawB.D0PsMT2', NULL, '0876778687687', NULL, 0, 0, 0, 1, NULL, '2021-12-06 17:53:59', '2021-12-06 17:59:06', 1),
(6, 'rehan', 'rabbannirehan@gmail.com', NULL, '$2y$10$Uq9jEa7xWMFkmxvnINeRYOhSiqKNHCIrWs0Avu47KvW8oLje6XjCK', NULL, '081542353838', NULL, 0, 0, 0, 1, NULL, '2021-12-06 18:17:39', '2021-12-06 18:17:39', 1),
(7, 'FADILA FASA', 'dilafasa14@gmail.com', NULL, '$2y$10$bySqfyadJOBClMSOlO4/mOAEGXn87wlk9mBz9yiW5XQn2JKduhB.m', NULL, '081237618226', NULL, 0, 0, 0, 1, NULL, '2021-12-06 23:38:09', '2021-12-06 23:38:09', 1),
(8, 'Astari Wahyu Bhinadhari', 'raynawahyu@g.mail.com', NULL, '$2y$10$9BdaR9pAofNDlnIkPA/kIu7aORi9y0gYltZuXHhAFDJUHnn6JigSC', NULL, '082359264018', NULL, 0, 0, 0, 1, NULL, '2021-12-13 01:29:02', '2021-12-13 01:30:18', 1),
(9, 'Aftina Musfiroh', 'aftinamusfiroh29@gmail.com', NULL, '$2y$10$QOLc4NCSAkrLj12SEVodNu2zU3f7RzQGKqBhyJVpcCZshWvpoOXSy', NULL, '089667187896', NULL, 0, 0, 0, 1, NULL, '2021-12-13 03:24:02', '2021-12-13 03:24:02', 1),
(10, 'Viola antartikta', 'Violaantartikta06@gmail.com', NULL, '$2y$10$Kdyx0U0kxDaADFixh1sa4ub5v2U3posGdveSKoZPsUoJY01crrLxO', NULL, '081339510715', NULL, 0, 0, 0, 1, NULL, '2021-12-13 10:09:35', '2021-12-13 10:09:35', 1),
(11, 'Dimas Aditya Nugraha', 'bisnismaster@gmail.com', NULL, '$2y$10$OtOCXaQUFDnqcgi9jQusmeibFBlhDambxNje9/B/tDqjs8R2.6nbG', NULL, '081805525118', NULL, 0, 0, 0, 1, NULL, '2021-12-13 10:32:47', '2021-12-13 10:32:47', 1),
(12, 'mohammad dhimas prasetyo', 'mohammadimasp15@gmail.com', NULL, '$2y$10$5G43PmP1C8KpojBWGvkb0uD5BIrjaGdV4pdllYFteH1BKorAHDzKa', NULL, '081211531303', NULL, 0, 0, 0, 1, NULL, '2021-12-14 08:09:18', '2021-12-14 08:09:18', 1),
(13, 'Peserta COMIC X', 'putriamalia.pu@gmail.com', NULL, '$2y$10$Y8V7xyy.UqgBlhjwuKQeD.Lj.s9UDYVhPNVC2dCQXuigqEiYUzlHm', NULL, '0895413455355', NULL, 0, 0, 0, 1, NULL, '2021-12-17 23:20:52', '2021-12-17 23:21:43', 1),
(14, 'Ahmad Zian Paradis', 'zianparadise207@gmail.com', NULL, '$2y$10$VtczPKpggZPIRC1X94Q.S.hNOKBilkF2xUdkXkm1ghYsIfBLDmY5y', NULL, '087765352993', NULL, 0, 0, 0, 1, NULL, '2021-12-18 05:34:58', '2021-12-18 05:34:58', 1),
(15, 'Iqbal syam hudayani', 'iqbalsyam1503@gamail.com', NULL, '$2y$10$8QitUql8qHJE6EteuAGcw.DXO6vfXmNwz7tarqwVewq0o8wL6Rvyu', NULL, '081917731905', NULL, 0, 0, 0, 1, NULL, '2021-12-18 05:42:28', '2021-12-18 05:42:28', 1);

--
-- Indexes for dumped tables
--

--
-- Indexes for table `activity_logs`
--
ALTER TABLE `activity_logs`
  ADD PRIMARY KEY (`id`);

--
-- Indexes for table `banks`
--
ALTER TABLE `banks`
  ADD PRIMARY KEY (`id`);

--
-- Indexes for table `competition_categories`
--
ALTER TABLE `competition_categories`
  ADD PRIMARY KEY (`id`);

--
-- Indexes for table `competition_genders`
--
ALTER TABLE `competition_genders`
  ADD PRIMARY KEY (`id`);

--
-- Indexes for table `competition_levels`
--
ALTER TABLE `competition_levels`
  ADD PRIMARY KEY (`id`);

--
-- Indexes for table `competition_types`
--
ALTER TABLE `competition_types`
  ADD PRIMARY KEY (`id`);

--
-- Indexes for table `competitors`
--
ALTER TABLE `competitors`
  ADD PRIMARY KEY (`id`);

--
-- Indexes for table `competitor_auths`
--
ALTER TABLE `competitor_auths`
  ADD PRIMARY KEY (`id`);

--
-- Indexes for table `competitor_details`
--
ALTER TABLE `competitor_details`
  ADD PRIMARY KEY (`id`);

--
-- Indexes for table `failed_jobs`
--
ALTER TABLE `failed_jobs`
  ADD PRIMARY KEY (`id`),
  ADD UNIQUE KEY `failed_jobs_uuid_unique` (`uuid`);

--
-- Indexes for table `faqs`
--
ALTER TABLE `faqs`
  ADD PRIMARY KEY (`id`);

--
-- Indexes for table `invoices`
--
ALTER TABLE `invoices`
  ADD PRIMARY KEY (`id`);

--
-- Indexes for table `invoice_details`
--
ALTER TABLE `invoice_details`
  ADD PRIMARY KEY (`id`);

--
-- Indexes for table `kwitansis`
--
ALTER TABLE `kwitansis`
  ADD PRIMARY KEY (`id`);

--
-- Indexes for table `messages`
--
ALTER TABLE `messages`
  ADD PRIMARY KEY (`id`);

--
-- Indexes for table `message_logs`
--
ALTER TABLE `message_logs`
  ADD PRIMARY KEY (`id`);

--
-- Indexes for table `migrations`
--
ALTER TABLE `migrations`
  ADD PRIMARY KEY (`id`);

--
-- Indexes for table `panduans`
--
ALTER TABLE `panduans`
  ADD PRIMARY KEY (`id`);

--
-- Indexes for table `password_resets`
--
ALTER TABLE `password_resets`
  ADD KEY `password_resets_email_index` (`email`);

--
-- Indexes for table `payment_methods`
--
ALTER TABLE `payment_methods`
  ADD PRIMARY KEY (`id`);

--
-- Indexes for table `songs`
--
ALTER TABLE `songs`
  ADD PRIMARY KEY (`id`);

--
-- Indexes for table `sponsors`
--
ALTER TABLE `sponsors`
  ADD PRIMARY KEY (`id`);

--
-- Indexes for table `submission_logs`
--
ALTER TABLE `submission_logs`
  ADD PRIMARY KEY (`id`);

--
-- Indexes for table `surahs`
--
ALTER TABLE `surahs`
  ADD PRIMARY KEY (`id`);

--
-- Indexes for table `telegram_notifications`
--
ALTER TABLE `telegram_notifications`
  ADD PRIMARY KEY (`id`);

--
-- Indexes for table `users`
--
ALTER TABLE `users`
  ADD PRIMARY KEY (`id`),
  ADD UNIQUE KEY `users_email_unique` (`email`);

--
-- AUTO_INCREMENT for dumped tables
--

--
-- AUTO_INCREMENT for table `activity_logs`
--
ALTER TABLE `activity_logs`
  MODIFY `id` bigint(20) UNSIGNED NOT NULL AUTO_INCREMENT, AUTO_INCREMENT=2685;

--
-- AUTO_INCREMENT for table `banks`
--
ALTER TABLE `banks`
  MODIFY `id` bigint(20) UNSIGNED NOT NULL AUTO_INCREMENT, AUTO_INCREMENT=2;

--
-- AUTO_INCREMENT for table `competition_categories`
--
ALTER TABLE `competition_categories`
  MODIFY `id` bigint(20) UNSIGNED NOT NULL AUTO_INCREMENT, AUTO_INCREMENT=27;

--
-- AUTO_INCREMENT for table `competition_types`
--
ALTER TABLE `competition_types`
  MODIFY `id` bigint(20) UNSIGNED NOT NULL AUTO_INCREMENT, AUTO_INCREMENT=11;

--
-- AUTO_INCREMENT for table `competitors`
--
ALTER TABLE `competitors`
  MODIFY `id` bigint(20) UNSIGNED NOT NULL AUTO_INCREMENT, AUTO_INCREMENT=22;

--
-- AUTO_INCREMENT for table `competitor_auths`
--
ALTER TABLE `competitor_auths`
  MODIFY `id` bigint(20) UNSIGNED NOT NULL AUTO_INCREMENT, AUTO_INCREMENT=22;

--
-- AUTO_INCREMENT for table `competitor_details`
--
ALTER TABLE `competitor_details`
  MODIFY `id` bigint(20) UNSIGNED NOT NULL AUTO_INCREMENT, AUTO_INCREMENT=24;

--
-- AUTO_INCREMENT for table `failed_jobs`
--
ALTER TABLE `failed_jobs`
  MODIFY `id` bigint(20) UNSIGNED NOT NULL AUTO_INCREMENT;

--
-- AUTO_INCREMENT for table `faqs`
--
ALTER TABLE `faqs`
  MODIFY `id` bigint(20) UNSIGNED NOT NULL AUTO_INCREMENT;

--
-- AUTO_INCREMENT for table `invoices`
--
ALTER TABLE `invoices`
  MODIFY `id` bigint(20) UNSIGNED NOT NULL AUTO_INCREMENT, AUTO_INCREMENT=8;

--
-- AUTO_INCREMENT for table `invoice_details`
--
ALTER TABLE `invoice_details`
  MODIFY `id` bigint(20) UNSIGNED NOT NULL AUTO_INCREMENT, AUTO_INCREMENT=12;

--
-- AUTO_INCREMENT for table `kwitansis`
--
ALTER TABLE `kwitansis`
  MODIFY `id` bigint(20) UNSIGNED NOT NULL AUTO_INCREMENT, AUTO_INCREMENT=8;

--
-- AUTO_INCREMENT for table `messages`
--
ALTER TABLE `messages`
  MODIFY `id` bigint(20) UNSIGNED NOT NULL AUTO_INCREMENT, AUTO_INCREMENT=15;

--
-- AUTO_INCREMENT for table `message_logs`
--
ALTER TABLE `message_logs`
  MODIFY `id` bigint(20) UNSIGNED NOT NULL AUTO_INCREMENT, AUTO_INCREMENT=4;

--
-- AUTO_INCREMENT for table `migrations`
--
ALTER TABLE `migrations`
  MODIFY `id` int(10) UNSIGNED NOT NULL AUTO_INCREMENT, AUTO_INCREMENT=53;

--
-- AUTO_INCREMENT for table `panduans`
--
ALTER TABLE `panduans`
  MODIFY `id` bigint(20) UNSIGNED NOT NULL AUTO_INCREMENT;

--
-- AUTO_INCREMENT for table `payment_methods`
--
ALTER TABLE `payment_methods`
  MODIFY `id` bigint(20) UNSIGNED NOT NULL AUTO_INCREMENT, AUTO_INCREMENT=2;

--
-- AUTO_INCREMENT for table `songs`
--
ALTER TABLE `songs`
  MODIFY `id` bigint(20) UNSIGNED NOT NULL AUTO_INCREMENT, AUTO_INCREMENT=51;

--
-- AUTO_INCREMENT for table `sponsors`
--
ALTER TABLE `sponsors`
  MODIFY `id` bigint(20) UNSIGNED NOT NULL AUTO_INCREMENT, AUTO_INCREMENT=3;

--
-- AUTO_INCREMENT for table `submission_logs`
--
ALTER TABLE `submission_logs`
  MODIFY `id` bigint(20) UNSIGNED NOT NULL AUTO_INCREMENT;

--
-- AUTO_INCREMENT for table `surahs`
--
ALTER TABLE `surahs`
  MODIFY `id` bigint(20) UNSIGNED NOT NULL AUTO_INCREMENT, AUTO_INCREMENT=3;

--
-- AUTO_INCREMENT for table `telegram_notifications`
--
ALTER TABLE `telegram_notifications`
  MODIFY `id` bigint(20) UNSIGNED NOT NULL AUTO_INCREMENT, AUTO_INCREMENT=98;

--
-- AUTO_INCREMENT for table `users`
--
ALTER TABLE `users`
  MODIFY `id` bigint(20) UNSIGNED NOT NULL AUTO_INCREMENT, AUTO_INCREMENT=16;
COMMIT;

/*!40101 SET CHARACTER_SET_CLIENT=@OLD_CHARACTER_SET_CLIENT */;
/*!40101 SET CHARACTER_SET_RESULTS=@OLD_CHARACTER_SET_RESULTS */;
/*!40101 SET COLLATION_CONNECTION=@OLD_COLLATION_CONNECTION */;
